// Code generated by runtime/build.sh; DO NOT EDIT.

package main

var rtDarwinARM64Syms = map[string]int{
	"rt_abs":         0x0000000000004c14,
	"rt_acos":        0x0000000000005614,
	"rt_args":        0x0000000000007e10,
	"rt_asin":        0x00000000000055bc,
	"rt_atan":        0x0000000000005670,
	"rt_atan2":       0x00000000000059c8,
	"rt_binop":       0x00000000000003a0,
	"rt_bound":       0x000000000000872c,
	"rt_bytes":       0x00000000000069fc,
	"rt_call_error":  0x0000000000004880,
	"rt_ceil":        0x0000000000004de4,
	"rt_cell":        0x000000000000480c,
	"rt_chr":         0x00000000000067f4,
	"rt_closure":     0x000000000000443c,
	"rt_concat":      0x0000000000002bf4,
	"rt_cos":         0x00000000000053f4,
	"rt_ends_with":   0x0000000000007260,
	"rt_enumerate":   0x0000000000007d48,
	"rt_env":         0x0000000000007e98,
	"rt_error":       0x0000000000004af4,
	"rt_errtext":     0x0000000000004b54,
	"rt_exit":        0x0000000000000194,
	"rt_exp":         0x0000000000004f94,
	"rt_failed":      0x0000000000001d54,
	"rt_field":       0x00000000000021dc,
	"rt_find":        0x000000000000730c,
	"rt_float":       0x0000000000005730,
	"rt_floor":       0x0000000000004d8c,
	"rt_flush":       0x0000000000000130,
	"rt_fn_code":     0x0000000000004844,
	"rt_gc":          0x0000000000008404,
	"rt_gcd":         0x0000000000005c4c,
	"rt_globals":     0x00000000000083d0,
	"rt_in":          0x0000000000002520,
	"rt_index":       0x0000000000001d88,
	"rt_init":        0x000000000000007c,
	"rt_iter":        0x0000000000002890,
	"rt_join":        0x0000000000006e1c,
	"rt_keys":        0x00000000000074b8,
	"rt_len":         0x00000000000024b0,
	"rt_list":        0x0000000000002a60,
	"rt_log":         0x00000000000050d0,
	"rt_log10":       0x00000000000051cc,
	"rt_lower":       0x0000000000006ba8,
	"rt_map":         0x0000000000002a64,
	"rt_max":         0x0000000000005c40,
	"rt_min":         0x0000000000005ad0,
	"rt_neg":         0x0000000000001c20,
	"rt_num":         0x0000000000005ea4,
	"rt_ord":         0x0000000000006894,
	"rt_pop":         0x0000000000007440,
	"rt_pow":         0x0000000000005ac0,
	"rt_print":       0x0000000000003468,
	"rt_printf":      0x00000000000043cc,
	"rt_push":        0x00000000000073e8,
	"rt_random":      0x0000000000005dd8,
	"rt_range":       0x00000000000026b4,
	"rt_read_file":   0x0000000000008104,
	"rt_readln":      0x0000000000007f70,
	"rt_remove":      0x00000000000075cc,
	"rt_replace":     0x0000000000007054,
	"rt_reverse":     0x0000000000007a80,
	"rt_round":       0x0000000000004e3c,
	"rt_runes":       0x0000000000006a50,
	"rt_setindex":    0x0000000000002000,
	"rt_sin":         0x0000000000005298,
	"rt_slice":       0x0000000000002230,
	"rt_sort":        0x0000000000007a78,
	"rt_sort_by":     0x0000000000007710,
	"rt_split":       0x0000000000006c98,
	"rt_sprintf":     0x00000000000036c8,
	"rt_sqrt":        0x0000000000004eec,
	"rt_start":       0x0000000000008778,
	"rt_starts_with": 0x00000000000071bc,
	"rt_str":         0x0000000000002b64,
	"rt_sum":         0x0000000000007bac,
	"rt_tan":         0x000000000000554c,
	"rt_trim":        0x0000000000006bb4,
	"rt_trunc":       0x0000000000004e94,
	"rt_truthy":      0x0000000000001c98,
	"rt_type":        0x0000000000006714,
	"rt_upper":       0x0000000000006af8,
	"rt_values":      0x00000000000075c0,
	"rt_write_file":  0x00000000000082cc,
	"rt_zip":         0x0000000000007c38,
}

var rtDarwinARM64 = []byte("" +
	"\xc2\x00\x00\xb4\xe8\x03\x00\xaa\x29\x14\x40\x38\x42\x04\x00\xf1\x09\x15\x00\x38\xa1\xff\xff\x54\xc0\x03\x5f\xd6\x1f\x00\x01\xeb" +
	"\x02\x01\x00\x54\xe2\x01\x00\xb4\xe8\x03\x00\xaa\x29\x14\x40\x38\x42\x04\x00\xf1\x09\x15\x00\x38\xa1\xff\xff\x54\x09\x00\x00\x14" +
	"\x02\x01\x00\xb4\x08\x04\x00\xd1\x29\x04\x00\xd1\x2a\x69\x62\x38\x4b\x04\x00\xf1\x0a\x69\x22\x38\xe2\x03\x0b\xaa\x81\xff\xff\x54" +
	"\xc0\x03\x5f\xd6\xa2\x00\x00\xb4\xe8\x03\x00\xaa\x42\x04\x00\xf1\x01\x15\x00\x38\xc1\xff\xff\x54\xc0\x03\x5f\xd6\xfd\x7b\xbc\xa9" +
	"\x08\x14\x40\xf9\xf6\x57\x02\xa9\xf5\x03\x01\xaa\x01\x00\x96\x52\xf7\x0b\x00\xf9\xfd\x03\x00\x91\xf4\x4f\x03\xa9\xf3\x03\x03\xaa" +
	"\xf4\x03\x02\xaa\xf7\x03\x00\xaa\x00\x01\x3f\xd6\xf6\x03\x00\xaa\x60\x01\x00\xb5\xe8\x02\x40\xf9\xe2\x54\x05\x30\xe0\x03\x17\xaa" +
	"\x41\x00\x80\x52\x63\x02\x80\x52\x00\x01\x3f\xd6\xe8\x12\x40\xf9\xe0\x03\x17\xaa\xc1\x08\x80\x52\x00\x01\x3f\xd6\xe9\x03\x1f\xaa" +
	"\xc8\x22\x40\x91\x0a\x5b\x94\x52\xdf\x6a\x29\x38\x29\x05\x00\x91\x3f\x01\x0a\xeb\xa1\xff\xff\x54\xd7\x02\x00\xf9\x8a\x22\x00\xd1" +
	"\xe0\x03\x16\xaa\x15\x3d\x01\xf9\xf6\x57\x42\xa9\x14\x41\x01\xf9\x09\x08\xa0\x52\xf7\x0b\x40\xf9\x13\x45\x01\xf9\xf4\x4f\x43\xa9" +
	"\x09\x21\x01\xf9\x0a\x25\x01\xf9\xfd\x7b\xc4\xa8\xc0\x03\x5f\xd6\xfd\x7b\xbd\xa9\x88\x5a\x90\x52\xf6\x57\x01\xa9\x15\x52\x90\x52" +
	"\xf4\x4f\x02\xa9\xf3\x03\x00\xaa\xf4\x03\x1f\xaa\x16\x00\x08\x8b\xfd\x03\x00\x91\x68\x6a\x75\xf8\x03\x01\x14\xeb\x29\x01\x00\x54" +
	"\x60\x02\x40\xf9\xc2\x02\x14\x8b\x21\x00\x80\x52\x08\x00\x40\xf9\x00\x01\x3f\xd6\x1f\x00\x00\xf1\x14\x00\x14\x8b\xcc\xfe\xff\x54" +
	"\x7f\x6a\x35\xf8\xf4\x4f\x42\xa9\xf6\x57\x41\xa9\xfd\x7b\xc3\xa8\xc0\x03\x5f\xd6\xfd\x7b\xbc\xa9\x88\x5a\x90\x52\xf7\x0b\x00\xf9" +
	"\xfd\x03\x00\x91\xf6\x57\x02\xa9\xf6\x03\x1f\xaa\x15\x52\x90\x52\xf4\x4f\x03\xa9\xf4\x03\x01\xaa\xf3\x03\x00\xaa\x17\x00\x08\x8b" +
	"\x68\x6a\x75\xf8\x03\x01\x16\xeb\x29\x01\x00\x54\x60\x02\x40\xf9\xe2\x02\x16\x8b\x21\x00\x80\x52\x08\x00\x40\xf9\x00\x01\x3f\xd6" +
	"\x1f\x00\x00\xf1\x16\x00\x16\x8b\xcc\xfe\xff\x54\x80\x02\x67\x9e\x7f\x6a\x35\xf8\x00\x20\x60\x1e\xa6\x01\x00\x54\xe0\x03\x13\xaa" +
	"\xe1\x03\x14\xaa\x1a\x00\x00\x94\x68\x02\x40\xf9\xf4\x4f\x43\xa9\xf6\x57\x42\xa9\x01\x1c\x40\x92\x02\x11\x40\xf9\xe0\x03\x08\xaa" +
	"\xf7\x0b\x40\xf9\xfd\x7b\xc4\xa8\x40\x00\x1f\xd6\x08\xff\x9f\x92\x08\xc1\x54\x8b\x1f\x09\x00\xf1\x23\xfe\xff\x54\x88\x02\x41\xb2" +
	"\x09\xff\xff\xd2\x1f\x01\x09\xeb\xa0\xfd\xff\x54\x88\xfe\x70\xd3\x9f\xbe\x40\xf2\x09\xff\x8f\x52\x00\x11\x49\xfa\x89\xff\x8f\x52" +
	"\x04\x11\x49\xfa\xe0\x17\x9f\x1a\xe8\xff\xff\x17\xff\x43\x02\xd1\x09\xff\x9f\x92\xf4\x4f\x08\xa9\xe8\x03\x01\xaa\x29\xc1\x41\x8b" +
	"\xf3\x03\x00\xaa\xfd\x7b\x07\xa9\xfd\xc3\x01\x91\x3f\x09\x00\xf1\xc3\x01\x00\x54\x09\x68\xf8\xd2\x00\x01\x67\x9e\x21\x01\x67\x9e" +
	"\x00\x20\x61\x1e\x2d\x05\x00\x54\x09\x68\xe8\xd2\x21\x01\x67\x9e\x00\x20\x61\x1e\xa5\x04\x00\x54\x01\xb8\xe1\x5e\x21\xd8\x61\x5e" +
	"\x00\x20\x61\x1e\x21\x04\x00\x54\xe1\xe3\x00\x91\xe0\x03\x08\xaa\xf4\xe3\x00\x91\x93\x21\x00\x94\xe8\x2f\x40\xf9\xe0\x83\xc3\x3c" +
	"\xe9\x27\x40\xf9\x1f\x05\x00\xf1\xe0\x0b\x80\x3d\xe9\x1b\x00\xf9\xa1\x00\x00\x54\xe8\x2b\x40\xf9\x08\x01\x40\xf9\x1f\x05\x00\xf1" +
	"\xe0\x00\x00\x54\xe1\xe3\x00\x91\x82\x62\x00\x91\xe3\x83\x00\x91\xe4\x23\x00\x91\xe0\x03\x13\xaa\xae\x21\x00\x94\xe8\x17\x40\xf9" +
	"\x68\x00\x00\xb4\xe8\x13\x40\xf9\x08\x01\x40\xf9\xe9\x33\x40\xb9\x3f\x01\x00\x71\x00\x05\x88\xda\xf4\x4f\x48\xa9\xfd\x7b\x47\xa9" +
	"\xff\x43\x02\x91\xc0\x03\x5f\xd6\x00\x20\x60\x1e\x66\x02\x00\x54\x08\x7c\xe8\xd2\x01\x01\x67\x9e\x00\x20\x61\x1e\xea\x00\x00\x54" +
	"\x08\x7c\xf8\xd2\x01\x01\x67\x9e\x00\x20\x61\x1e\x25\x01\x00\x54\x00\x00\xf0\xd2\xf1\xff\xff\x17\x08\x7e\xe8\xd2\x09\x00\x79\x9e" +
	"\x01\x01\x67\x9e\x00\x20\x61\x1e\x20\x41\x9f\xda\xeb\xff\xff\x17\x00\x00\x78\x9e\xe9\xff\xff\x17\xe0\x03\x1f\xaa\xe7\xff\xff\x17" +
	"\xff\x03\x03\xd1\x6a\xfc\x70\xd3\x0c\xff\x8f\x52\xf6\x57\x0a\xa9\xf5\x03\x03\xaa\xe9\x23\x05\x6d\x8d\xff\x8f\x52\x5f\x01\x0c\xeb" +
	"\xa8\x02\x67\x9e\xfc\x6f\x07\xa9\xe8\x17\x9f\x1a\x69\xbc\x40\xf2\xea\x23\x00\xfd\xe8\x03\x88\x1a\x5f\x01\x0d\xeb\xea\x27\x01\xa9" +
	"\x1c\x15\x9f\x1a\x08\x68\xf8\xd2\x00\x21\x68\x1e\x09\x01\x67\x9e\x00\xb9\xe1\x5e\x09\x68\xe8\xd2\x2a\x01\x67\x9e\x4a\xff\x9f\x92" +
	"\xf8\x5f\x09\xa9\xe8\x67\x9f\x1a\x17\xff\x9f\x92\x4a\xc1\x43\x8b\x00\x21\x69\x1e\xf8\xc2\x43\x8b\xfd\x7b\x06\xa9\x00\xd8\x61\x5e" +
	"\xfa\x67\x08\xa9\xfd\x83\x01\x91\xf4\x4f\x0b\xa9\xf3\x03\x02\xaa\xf6\x03\x01\xaa\xe9\xc7\x9f\x1a\x00\x21\x6a\x1e\xf4\x03\x00\xaa" +
	"\x29\x45\x9f\x1a\x00\x21\x60\x1e\x29\x05\x9f\x1a\x08\x21\x60\x1e\xeb\xd7\x9f\x1a\x6b\x51\x9f\x5a\x5f\x09\x00\xb1\x2a\x01\x00\x52" +
	"\xe9\x23\x89\x1a\x1f\x0b\x00\xf1\xab\x83\x1e\xb8\x08\x25\x9f\x1a\x59\x25\x9f\x1a\xe9\x0f\x00\xb9\xa8\xc3\x1e\xb8\xc8\x2e\x00\xd1" +
	"\x1f\x05\x00\xf1\xc9\x10\x00\x54\x7b\xfe\x70\xd3\x7f\x03\x0c\xeb\xe8\x17\x9f\x1a\x7a\xbe\x40\xf2\xe8\x03\x88\x1a\x7f\x03\x0d\xeb" +
	"\x08\x15\x9f\x1a\x09\x01\x1c\x2a\x09\x11\x00\x37\x60\x02\x67\x9e\x00\x20\x60\x1e\x07\x01\x00\x54\x68\x03\x17\x8b\x1f\x09\x00\xf1" +
	"\xa3\x00\x00\x54\x68\x02\x41\xb2\x09\xff\xff\xd2\x1f\x01\x09\xeb\xa1\x13\x00\x54\xa8\xc3\x5e\xb8\xa8\x00\x00\x37\xa8\x02\x41\xb2" +
	"\x09\xff\xff\xd2\x1f\x01\x09\xeb\xe1\x12\x00\x54\xdf\x36\x00\xf1\x22\x0f\x00\x54\x00\x20\x60\x1e\xe8\x03\x1f\x2a\x47\x02\x00\x54" +
	"\x69\x03\x17\x8b\x3f\x09\x00\xf1\xe3\x01\x00\x54\x68\x02\x41\xb2\x09\xff\xff\xd2\x1f\x01\x09\xeb\x41\x01\x00\x54\x01\xb8\xe1\x5e" +
	"\x00\x20\x69\x1e\xe8\xc7\x9f\x1a\x00\x20\x6a\x1e\x21\xd8\x61\x5e\x08\x45\x9f\x1a\x00\x20\x61\x1e\x08\x05\x9f\x1a\x02\x00\x00\x14" +
	"\xe8\x03\x1f\x2a\x00\x21\x68\x1e\x86\x08\x00\x54\xe9\x03\x1f\x2a\x09\x01\x09\x2a\x3f\x05\x00\x71\x80\x0d\x00\x54\x68\x03\x17\x8b" +
	"\x1f\x09\x00\xf1\xe2\x00\x00\x54\x19\x02\x00\x35\xe1\x03\x16\xaa\xe2\x03\x13\xaa\xe3\x03\x15\xaa\xe4\x03\x00\x94\x0f\x00\x00\x14" +
	"\x01\xb8\xe1\x5e\x00\x20\x69\x1e\xe8\xd7\x9f\x1a\x00\x20\x6a\x1e\x21\xd8\x61\x5e\xe8\x53\x88\x1a\x00\x20\x61\x1e\xe8\x13\x88\x1a" +
	"\x08\x01\x19\x0a\x48\xfe\x07\x36\xe1\x03\x16\xaa\xe2\x03\x13\xaa\xe3\x03\x15\xaa\x19\x02\x00\x94\xf3\x03\x00\xaa\xdf\x16\x00\xf1" +
	"\x0c\xff\x8f\x52\x8d\xff\x8f\x52\x81\x0a\x00\x54\x69\xfe\x70\xd3\x3f\x01\x0c\xeb\xea\x17\x9f\x1a\x68\xbe\x40\xf2\xea\x03\x8a\x1a" +
	"\x3f\x01\x0d\xeb\xa0\x09\x00\x54\x8a\x09\x00\x37\x29\x01\x17\x8b\x3f\x05\x00\xf1\xe8\x00\x00\x54\x08\x05\x40\xf9\x1f\x01\x00\x71" +
	"\xe9\x07\x9f\x1a\x1f\x01\x00\xf1\x28\xa1\x9f\x5a\x05\x00\x00\x14\x60\x02\x67\x9e\x08\x20\x60\x1e\xe8\xd7\x9f\x1a\x08\x51\x9f\x5a" +
	"\xa9\x83\x5e\xb8\xe0\x03\x14\xaa\x1f\x07\x00\xf1\xe8\x00\x00\x54\xe9\x0f\x40\xf9\x29\x05\x40\xf9\x3f\x01\x00\x71\xea\x07\x9f\x1a" +
	"\x3f\x01\x00\xf1\x49\xa1\x9f\x5a\x28\x7d\x08\x1b\x36\x00\x80\x52\x68\xf1\xff\x37\x31\x00\x00\x14\xe9\x0b\x40\xf9\x2a\xff\x9f\x52" +
	"\x3f\x01\x0a\x6b\x60\x01\x00\x54\xe9\x0b\x40\xf9\x4a\xff\x9f\x52\x3f\x01\x0a\x6b\xa0\x00\x00\x54\xa9\x02\x41\xb2\x0a\xff\xff\xd2" +
	"\x3f\x01\x0a\xeb\x61\x00\x00\x54\xe9\x0f\x40\xb9\x02\x00\x00\x14\xe9\x03\x1f\x2a\xe0\x03\x14\xaa\xae\xff\xff\x17\xdf\x2e\x00\xf1" +
	"\xe1\x03\x13\xaa\xe2\x03\x15\xaa\xf4\x17\x9f\x1a\xe5\x00\x00\x94\x00\xe4\x00\x2f\x01\x10\x6e\x1e\x1f\x00\x14\x6b\x20\x0c\x60\x1e" +
	"\x13\x00\x66\x9e\x15\x00\x00\x14\x1f\x01\x00\x71\x73\x12\x95\x9a\x12\x00\x00\x14\xe1\x03\x16\xaa\xe2\x03\x13\xaa\xe3\x03\x15\xaa" +
	"\xf4\x4f\x4b\xa9\xea\x23\x40\xfd\xf6\x57\x4a\xa9\xf8\x5f\x49\xa9\xfa\x67\x48\xa9\xfc\x6f\x47\xa9\xfd\x7b\x46\xa9\xe9\x23\x45\x6d" +
	"\xff\x03\x03\x91\x86\x01\x00\x14\x1f\x01\x00\x71\x68\x12\x95\x9a\xdf\x1a\x00\xf1\xf3\x83\x88\x9a\xe0\x03\x13\xaa\xf4\x4f\x4b\xa9" +
	"\xf6\x57\x4a\xa9\xea\x23\x40\xfd\xf8\x5f\x49\xa9\xfa\x67\x48\xa9\xfc\x6f\x47\xa9\xfd\x7b\x46\xa9\xe9\x23\x45\x6d\xff\x03\x03\x91" +
	"\xc0\x03\x5f\xd6\xc8\x1e\x00\xd1\x1f\x0d\x00\xf1\x68\x02\x00\x54\x28\x00\x80\x52\xe3\x83\x00\x91\xe1\x03\x13\xaa\xe2\x03\x15\xaa" +
	"\xe8\x23\x00\xb9\xf4\x03\x00\xaa\xcc\x03\x00\x94\xe8\x23\x40\xb9\xa8\x08\x00\x34\xdf\x26\x00\xf1\xa0\x0e\x00\x54\xdf\x22\x00\xf1" +
	"\xc0\x0d\x00\x54\xdf\x1e\x00\xf1\xc1\x0e\x00\x54\x08\x7c\x1f\x53\x00\x01\x62\x1e\xcb\xff\xff\x17\xe9\x0b\x40\xf9\xdf\x06\x00\xf1" +
	"\xa1\x04\x00\x54\x68\xff\x9f\x52\x3f\x01\x08\xeb\x41\x04\x00\x54\x68\xff\x9f\x52\x7f\x03\x08\xeb\xe1\x03\x00\x54\xf4\x0f\x40\xf9" +
	"\x48\x07\x40\xf9\xe0\x13\x00\xf9\x89\x06\x40\xf9\x08\x01\x09\x8b\x13\x05\x00\x91\xe1\x03\x13\xaa\x25\x1c\x00\x94\x42\x07\x40\xf9" +
	"\xe0\xff\x02\xa9\xe0\x83\x00\x91\x41\x43\x00\x91\xf3\x1f\x00\xf9\x8c\x04\x00\x94\x82\x06\x40\xf9\xe0\x83\x00\x91\x81\x42\x00\x91" +
	"\x88\x04\x00\x94\xe0\x07\x42\xa9\xe2\x1b\x40\xf9\xf4\x4f\x4b\xa9\xea\x23\x40\xfd\xf6\x57\x4a\xa9\xf8\x5f\x49\xa9\xfa\x67\x48\xa9" +
	"\xfc\x6f\x47\xa9\xfd\x7b\x46\xa9\xe9\x23\x45\x6d\xff\x03\x03\x91\x06\x07\x00\x14\xdf\x06\x00\xf1\x41\x03\x00\x54\x88\xff\x9f\x52" +
	"\x3f\x01\x08\xeb\xe1\x02\x00\x54\x88\xff\x9f\x52\x7f\x03\x08\xeb\x81\x02\x00\x54\xe1\x03\x13\xaa\xe2\x03\x15\xaa\xea\x23\x40\xfd" +
	"\xf4\x4f\x4b\xa9\xf6\x57\x4a\xa9\xf8\x5f\x49\xa9\xfa\x67\x48\xa9\xfc\x6f\x47\xa9\xfd\x7b\x46\xa9\xe9\x23\x45\x6d\xff\x03\x03\x91" +
	"\x81\x04\x00\x14\xc1\x1c\x05\x70\xe0\x03\x14\xaa\xe2\x03\x13\xaa\xe3\x03\x15\xaa\x28\x04\x00\x94\xf3\x03\x00\xaa\x9f\xff\xff\x17" +
	"\xdf\x0e\x00\xf1\x81\x06\x00\x54\x48\xff\x9f\x92\x68\x03\x08\x8b\x1f\x05\x00\xf1\x08\x06\x00\x54\xa8\xc3\x5e\xb8\xa8\x00\x00\x37" +
	"\xa8\x02\x41\xb2\x09\xff\xff\xd2\x1f\x01\x09\xeb\x41\x05\x00\x54\xe1\x03\x15\xaa\xf6\x03\x00\xaa\x65\xfe\xff\x97\x68\xff\x9f\x52" +
	"\x14\xfc\xa0\x8a\xf5\x03\x00\xaa\x7f\x03\x08\xeb\x61\x06\x00\x54\x48\x07\x40\xf9\x29\x00\x80\xd2\xe0\x03\x16\xaa\xf6\x13\x00\xf9" +
	"\x13\x25\x14\x9b\xe1\x03\x13\xaa\xd9\x1b\x00\x94\xbf\x06\x00\xf1\xe0\xff\x02\xa9\xf3\x1f\x00\xf9\xcb\x08\x00\x54\x42\x07\x40\xf9" +
	"\xe0\x83\x00\x91\x41\x43\x00\x91\x3e\x04\x00\x94\xb5\x06\x00\xf1\x61\xff\xff\x54\xb4\xff\xff\x17\x00\xe4\x00\x2f\x01\x10\x6e\x1e" +
	"\x1f\x04\x00\x71\x20\xbc\x60\x1e\x5e\xff\xff\x17\x00\xe4\x00\x2f\x01\x10\x6e\x1e\x1f\x00\x00\x71\x20\xcc\x60\x1e\x59\xff\xff\x17" +
	"\x00\xe4\x00\x2f\x01\x10\x6e\x1e\x1f\x00\x00\x71\x20\xac\x60\x1e\x54\xff\xff\x17\xf4\x03\x00\xaa\xe0\x03\x16\xaa\x86\x04\x00\x94" +
	"\xe1\x03\x00\xaa\xe0\x03\x14\xaa\xe2\x03\x13\xaa\xe3\x03\x15\xaa\xf4\x4f\x4b\xa9\xf6\x57\x4a\xa9\xea\x23\x40\xfd\xf8\x5f\x49\xa9" +
	"\xfa\x67\x48\xa9\xfc\x6f\x47\xa9\xfd\x7b\x46\xa9\xe9\x23\x45\x6d\xff\x03\x03\x91\xe0\x03\x00\x14\x48\x07\x40\xf9\xe0\x03\x16\xaa" +
	"\x01\x7d\x14\x9b\x5b\x04\x00\x94\xf3\x03\x00\xaa\xbf\x06\x00\xf1\x08\xbc\x40\x92\x6b\x02\x00\x54\xe9\x03\x1f\xaa\x4a\x07\x40\xf9" +
	"\x4b\xf1\x7d\xd3\x8b\x01\x00\xb4\x4b\x7d\x09\x9b\x0c\x0d\x40\xf9\x4d\x0f\x40\xf9\xea\x0f\x0a\xcb\x8c\x0d\x0b\x8b\xab\x21\x00\x91" +
	"\x8c\x21\x00\x91\x6d\x15\x40\x38\x4a\x05\x00\xb1\x8d\x15\x00\x38\xa3\xff\xff\x54\x29\x05\x00\x91\x3f\x01\x15\xeb\x01\xfe\xff\x54" +
	"\x49\x07\x40\xf9\x29\x7d\x14\x9b\x09\x05\x00\xf9\x3b\xff\xff\x17\xe1\x03\x00\xaa\xe2\x03\x1f\xaa\xe0\x03\x16\xaa\x74\xff\xff\x17" +
	"\xe8\x0f\x1c\xfc\xf4\x4f\x03\xa9\xf4\x03\x02\xaa\xe2\x03\x01\xaa\x3f\x00\x14\xeb\xfd\x7b\x01\xa9\xfd\x43\x00\x91\xf6\x57\x02\xa9" +
	"\xc1\x00\x00\x54\x40\x00\x67\x9e\x00\x20\x60\x1e\xe6\x12\x00\x54\x20\x00\x80\x52\x90\x00\x00\x14\x41\x00\x67\x9e\x08\xff\x9f\x92" +
	"\x89\xfe\x70\xd3\x0a\xc1\x42\x8b\xf3\x03\x00\xaa\x20\x20\x61\x1e\xe7\x00\x00\x54\x5f\x09\x00\xf1\xa3\x00\x00\x54\x4b\x00\x41\xb2" +
	"\x0c\xff\xff\xd2\x7f\x01\x0c\xeb\xe1\x05\x00\x54\x80\x02\x67\x9e\x28\x01\x08\x8b\x00\x20\x60\x1e\xe7\x00\x00\x54\x1f\x09\x00\xf1" +
	"\xa3\x00\x00\x54\x8b\x02\x41\xb2\x0c\xff\xff\xd2\x7f\x01\x0c\xeb\xa1\x04\x00\x54\x5f\x09\x00\xf1\xa3\x01\x00\x54\x09\x68\xf8\xd2" +
	"\x22\x01\x67\x9e\x20\x20\x62\x1e\xcd\x07\x00\x54\x09\x68\xe8\xd2\x22\x01\x67\x9e\x20\x20\x62\x1e\x45\x07\x00\x54\x22\xb8\xe1\x5e" +
	"\x42\xd8\x61\x5e\x20\x20\x62\x1e\xc1\x06\x00\x54\x1f\x09\x00\xf1\xa3\x01\x00\x54\x08\x68\xf8\xd2\x01\x01\x67\x9e\x00\x20\x61\x1e" +
	"\x0d\x06\x00\x54\x08\x68\xe8\xd2\x01\x01\x67\x9e\x00\x20\x61\x1e\x85\x05\x00\x54\x01\xb8\xe1\x5e\x21\xd8\x61\x5e\x00\x20\x61\x1e" +
	"\x01\x05\x00\x54\xe0\x03\x13\xaa\x61\x01\x80\x52\xe3\x03\x14\xaa\xb2\x00\x00\x94\x00\x10\x6e\x1e\x01\x00\x67\x9e\x20\x20\x60\x1e" +
	"\x28\x00\x00\x14\x48\xfc\x70\xd3\x1f\x01\x09\xeb\x21\x0a\x00\x54\x89\xff\x8f\x52\x1f\x01\x09\x6b\x60\x07\x00\x54\x89\xff\x9f\x52" +
	"\x1f\x01\x09\x6b\x20\x04\x00\x54\x69\xff\x9f\x52\x1f\x01\x09\x6b\x01\x09\x00\x54\x48\xbc\x40\x92\x89\xbe\x40\x92\x0a\x05\x40\xf9" +
	"\x2b\x05\x40\xf9\x5f\x01\x0b\xeb\x41\x08\x00\x54\x2a\xf6\xff\xb4\x08\x41\x00\x91\x29\x41\x00\x91\x4a\x05\x00\xd1\x0c\x15\x40\x38" +
	"\x4a\x05\x00\xf1\x2d\x15\x40\x38\xeb\x37\x9f\x1a\x9f\x01\x0d\x6b\xe0\x17\x9f\x1a\x01\x07\x00\x54\x2b\xff\x07\x37\x36\x00\x00\x14" +
	"\xe0\x03\x13\xaa\xe1\x03\x02\xaa\xe6\x12\x00\x94\xe0\x03\x13\xaa\xe1\x03\x14\xaa\x08\x40\x60\x1e\xe2\x12\x00\x94\x00\x21\x60\x1e" +
	"\xe0\x17\x9f\x1a\x2c\x00\x00\x14\x55\xbc\x40\x92\x94\xbe\x40\x92\xa8\x06\x40\xf9\x89\x06\x40\xf9\x1f\x01\x09\xeb\xa1\x04\x00\x54" +
	"\x88\xf2\xff\xb4\x36\x00\x80\x52\xa8\x0e\x40\xf9\x89\x0e\x40\xf9\xe0\x03\x13\xaa\x01\x79\x76\xf8\x22\x79\x76\xf8\x81\xff\xff\x97" +
	"\x1f\x00\x00\x71\xe8\x03\x00\x2a\xe0\x07\x9f\x1a\x48\x03\x00\x34\xa8\x06\x40\xf9\xdf\x02\x08\xeb\xd6\x06\x00\x91\x63\xfe\xff\x54" +
	"\x15\x00\x00\x14\x48\xbc\x40\x92\x89\xbe\x40\x92\x0a\x05\x40\xf9\x2b\x05\x40\xf9\x5f\x01\x0b\xeb\xc1\x01\x00\x54\xaa\xef\xff\xb4" +
	"\x08\x41\x00\x91\x29\x41\x00\x91\x4a\x05\x00\xd1\x0c\x15\x40\x38\x4a\x05\x00\xf1\x2d\x15\x40\x38\xeb\x37\x9f\x1a\x9f\x01\x0d\x6b" +
	"\xe0\x17\x9f\x1a\x81\x00\x00\x54\x2b\xff\x07\x37\x02\x00\x00\x14\xe0\x03\x1f\x2a\xf4\x4f\x43\xa9\xf6\x57\x42\xa9\xfd\x7b\x41\xa9" +
	"\xe8\x07\x44\xfc\xc0\x03\x5f\xd6\x08\xff\x9f\x92\x08\xc1\x42\x8b\x1f\x09\x00\xf1\xe3\xec\xff\x54\x48\x00\x41\xb2\x09\xff\xff\xd2" +
	"\x1f\x01\x09\xeb\x61\xec\xff\x54\x08\x68\xf8\xd2\x01\xb8\xe1\x5e\x02\x01\x67\x9e\x08\x68\xe8\xd2\x00\x20\x62\x1e\x02\x01\x67\x9e" +
	"\x21\xd8\x61\x5e\xe8\xd7\x9f\x1a\x00\x20\x62\x1e\xe8\x53\x88\x1a\x00\x20\x61\x1e\xe0\x13\x88\x1a\xe7\xff\xff\x17\xfd\x7b\xbd\xa9" +
	"\xf6\x57\x01\xa9\xf5\x03\x01\xaa\xe1\x03\x02\xaa\xf4\x4f\x02\xa9\xfd\x03\x00\x91\xf6\x03\x03\xaa\xf3\x03\x00\xaa\x4c\xfd\xff\x97" +
	"\xf4\x03\x00\xaa\xe0\x03\x13\xaa\xe1\x03\x16\xaa\x48\xfd\xff\x97\xbf\x42\x00\xf1\xe1\x03\x1f\xaa\x2c\x01\x00\x54\xbf\x3a\x00\xf1" +
	"\x0c\x02\x00\x54\xbf\x36\x00\xf1\x80\x03\x00\x54\xbf\x3a\x00\xf1\xa1\x04\x00\x54\x01\x00\x14\x8a\x23\x00\x00\x14\xbf\x4a\x00\xf1" +
	"\x0c\x02\x00\x54\xbf\x46\x00\xf1\xc0\x02\x00\x54\xbf\x4a\x00\xf1\xa1\x03\x00\x54\x88\x26\xc0\x9a\x08\x01\x40\x92\x06\x00\x00\x14" +
	"\xbf\x3e\x00\xf1\x80\x02\x00\x54\xbf\x42\x00\xf1\xc1\x02\x00\x54\x88\x22\xc0\x9a\x1f\xfc\x00\xf1\xe1\x83\x88\x9a\x12\x00\x00\x14" +
	"\xbf\x4e\x00\xf1\xc0\x01\x00\x54\xbf\x52\x00\xf1\xc1\x01\x00\x54\x81\x2e\xc0\x9a\x0c\x00\x00\x14\x01\x00\x14\xaa\x0a\x00\x00\x14" +
	"\x1f\xfc\x00\xf1\xe8\x07\x80\x52\x08\x30\x88\x9a\x81\x2a\xc8\x9a\x05\x00\x00\x14\x01\x00\x14\xca\x03\x00\x00\x14\xe8\x03\x00\x4b" +
	"\x81\x2e\xc8\x9a\xe0\x03\x13\xaa\xf4\x4f\x42\xa9\xf6\x57\x41\xa9\xfd\x7b\xc3\xa8\x80\x06\x00\x14\xe8\x0f\x19\xfc\xfd\x7b\x01\xa9" +
	"\xfd\x43\x00\x91\xfc\x6f\x02\xa9\xfa\x67\x03\xa9\xf8\x5f\x04\xa9\xf6\x57\x05\xa9\xf4\x4f\x06\xa9\xff\xc3\x06\xd1\xf4\x03\x01\xaa" +
	"\xf3\x03\x00\xaa\xa1\x43\x02\xd1\xe0\x03\x02\xaa\xf5\x03\x03\xaa\xf7\x03\x03\x91\xb6\x43\x02\xd1\xb2\x1e\x00\x94\xa1\x23\x03\xd1" +
	"\xe0\x03\x15\xaa\xb5\x23\x03\xd1\xae\x1e\x00\x94\x00\xe0\x8c\xd2\xe0\x82\xc8\x3c\xe1\x02\xc5\x3c\x40\x2e\xac\xf2\x9f\x1a\x00\xf1" +
	"\xff\xf3\x00\xb9\x00\xff\xef\xf2\xe0\x0a\x80\x3d\xe1\x02\x80\x3d\xff\xd3\x00\xb9\x2c\x05\x00\x54\x9f\x0e\x00\xf1\x0c\x07\x00\x54" +
	"\x88\x06\x00\xd1\x1f\x09\x00\xf1\x22\x0f\x00\x54\xa0\x83\xd3\x3c\xa8\x83\x54\xf8\x9f\x0a\x00\xf1\xe0\x32\x80\x3d\xa8\x03\x1d\xf8" +
	"\xe1\x00\x00\x54\xa8\x83\x5c\xf8\xa9\x03\x5d\xb8\x1f\x01\x00\xf1\x20\x19\x40\x7a\xe8\x17\x9f\x1a\xa8\x03\x1d\xb8\xa8\x03\x59\xf8" +
	"\x1f\x05\x00\xf1\x21\x09\x00\x54\xa8\x83\x58\xf8\x08\x01\x40\xf9\x1f\x05\x00\xf1\xa1\x08\x00\x54\xa8\x83\x55\xf8\x1f\x05\x00\xf1" +
	"\x41\x08\x00\x54\xa8\x03\x55\xf8\x08\x01\x40\xf9\x1f\x05\x00\xf1\xc1\x07\x00\x54\xa8\x63\x01\xd1\xa1\x43\x02\xd1\xa2\x03\x01\xd1" +
	"\xe0\x03\x13\xaa\x2e\x20\x00\x94\xa1\x63\x01\xd1\xe0\x03\x13\xaa\x5b\x20\x00\x94\xfc\x00\x00\x14\x9f\x22\x00\xf1\xcd\x04\x00\x54" +
	"\x9f\x26\x00\xf1\x60\x17\x00\x54\x9f\x2a\x00\xf1\x80\x0d\x00\x54\x9f\x2e\x00\xf1\x81\x1e\x00\x54\xa1\x43\x02\xd1\xa2\x23\x03\xd1" +
	"\xe0\x03\x13\xaa\x31\x21\x00\x94\x00\xe4\x00\x2f\x01\x10\x6e\x1e\x1f\x00\x00\x71\x20\x0c\x60\x1e\xea\x00\x00\x14\x9f\x12\x00\xf1" +
	"\xa0\x16\x00\x54\x9f\x16\x00\xf1\xc0\x0c\x00\x54\x9f\x1a\x00\xf1\xa1\x1c\x00\x54\xa8\x83\x55\xf8\x1f\x05\x00\xf1\xe1\x18\x00\x54" +
	"\xa8\x03\x55\xf8\x08\x01\x40\xf9\x1f\x05\x00\xf1\x61\x18\x00\x54\xa8\x03\x54\xf8\x00\xc0\x8c\xd2\xc0\xee\xad\xf2\x1f\x05\x00\xf1" +
	"\x00\xff\xef\xf2\x20\x1c\x00\x54\xe8\x1a\x00\xb5\x00\xfe\xe7\xd2\xd5\x00\x00\x14\x9f\x1e\x00\xf1\x40\x08\x00\x54\x9f\x22\x00\xf1" +
	"\x21\x1a\x00\x54\xa1\x43\x02\xd1\xa2\x23\x03\xd1\xe0\x03\x13\xaa\x0e\x21\x00\x94\x00\xe4\x00\x2f\x01\x10\x6e\x1e\x1f\x04\x00\x71" +
	"\x20\xbc\x60\x1e\xc7\x00\x00\x14\xa1\x43\x02\xd1\xe2\x03\x03\x91\xe0\x03\x13\xaa\xc2\x20\x00\x94\xa8\x03\x58\xb8\x3f\x00\x00\xf1" +
	"\xa0\x87\x3a\xa9\xa1\x03\x01\xd1\xe2\x83\x03\x91\xe0\x03\x13\xaa\x04\x19\x40\x7a\xe8\x07\x9f\x1a\xa8\x83\x1b\xb8\xb8\x20\x00\x94" +
	"\xa8\x03\x5d\xb8\x3f\x00\x00\xf1\xe0\x87\x0a\xa9\xa1\x63\x01\xd1\xe2\xa3\x02\x91\xe0\x03\x13\xaa\x04\x19\x40\x7a\xe8\x07\x9f\x1a" +
	"\xe8\xbb\x00\xb9\xe8\x43\x02\x91\xdd\x1f\x00\x94\xc1\x62\x00\x91\xa2\x62\x00\x91\xe0\x03\x13\xaa\xa9\x20\x00\x94\xe2\x03\x00\xaa" +
	"\xe3\x03\x01\xaa\xe1\x43\x02\x91\x89\x00\x00\x14\x9f\x0e\x00\xf1\xa1\x14\x00\x54\xa1\x43\x02\xd1\xa2\x23\x03\xd1\xe0\x03\x13\xaa" +
	"\x9f\x20\x00\x94\xa8\x03\x58\xb8\xa9\x83\x54\xb8\x3f\x00\x00\xf1\xe0\x87\x07\xa9\xc1\x62\x00\x91\xa2\x62\x00\x91\x04\x11\x49\x7a" +
	"\xe0\x03\x13\xaa\xe8\x07\x9f\x1a\xe8\x8b\x00\xb9\x94\x20\x00\x94\xe2\x03\x00\xaa\xe3\x03\x01\xaa\xe1\xe3\x01\x91\x74\x00\x00\x14" +
	"\xa1\x43\x02\xd1\xa2\x23\x03\xd1\xe0\x03\x13\xaa\xcf\x20\x00\x94\x08\x7c\x1f\x53\x00\x01\x62\x1e\x8a\x00\x00\x14\xa1\x43\x02\xd1" +
	"\xa2\x23\x03\xd1\xe0\x03\x13\xaa\xc8\x20\x00\x94\x00\xe4\x00\x2f\x01\x10\x6e\x1e\x1f\x00\x00\x71\x20\xac\x60\x1e\x81\x00\x00\x14" +
	"\xa8\x03\x54\xf8\x68\x12\x00\xb4\xa1\x43\x02\xd1\xe2\x03\x03\x91\xe0\x03\x13\xaa\x7a\x20\x00\x94\xf4\x03\x01\xaa\xa0\x07\x3c\xa9" +
	"\xc1\x62\x00\x91\xa2\x23\x03\xd1\xe0\x03\x13\xaa\x74\x20\x00\x94\xa8\x03\x58\xb8\xa9\x83\x54\xb8\x9f\x02\x00\xf1\xe0\x87\x06\xa9" +
	"\xa1\x03\x01\xd1\xe2\xa3\x01\x91\x04\x11\x49\x7a\xa3\x63\x01\xd1\xe4\xa3\x02\x91\xe8\x07\x9f\x1a\xe0\x03\x13\xaa\xa8\x03\x1d\xb8" +
	"\x14\x1e\x00\x94\xa1\x63\x01\xd1\xa2\x23\x03\xd1\xe0\x03\x13\xaa\x63\x20\x00\x94\xa8\x83\x5b\xb8\xa9\x83\x54\xb8\x3f\x00\x00\xf1" +
	"\xe0\x07\x05\xa9\xa1\x43\x02\xd1\xe2\x03\x03\x91\x04\x11\x49\x7a\xe0\x03\x13\xaa\xf4\x07\x9f\x1a\xf4\x63\x00\xb9\x58\x20\x00\x94" +
	"\xa8\x03\x58\xb8\x3f\x00\x00\xf1\xe0\x87\x03\xa9\xe1\x43\x01\x91\xe2\x83\x03\x91\xe0\x03\x13\xaa\x04\x19\x40\x7a\xe8\x07\x9f\x1a" +
	"\xe8\x4b\x00\xb9\x4e\x20\x00\x94\x88\x02\x00\x52\x3f\x00\x00\xf1\xe0\x07\x02\xa9\xe8\x03\x88\x1a\xe1\xe3\x00\x91\xe2\x83\x00\x91" +
	"\xe8\x33\x00\xb9\xe8\x23\x00\x91\xe0\x03\x13\xaa\x74\x1f\x00\x94\xc1\x62\x00\x91\xa2\x62\x00\x91\xe0\x03\x13\xaa\x40\x20\x00\x94" +
	"\xe2\x03\x00\xaa\xe3\x03\x01\xaa\xe1\x23\x00\x91\x20\x00\x00\x14\xa1\x43\x02\xd1\xa2\x23\x03\xd1\xe0\x03\x13\xaa\x7b\x20\x00\x94" +
	"\x00\xe4\x00\x2f\x01\x10\x6e\x1e\x1f\x00\x00\x71\x20\xcc\x60\x1e\x34\x00\x00\x14\xa8\x03\x54\xf8\xc8\x08\x00\xb4\xa1\x43\x02\xd1" +
	"\xe2\x03\x03\x91\xe0\x03\x13\xaa\x2d\x20\x00\x94\xa8\x03\x58\xb8\xa9\x83\x54\xb8\x3f\x00\x00\xf1\xf4\x03\x00\xaa\xf5\x03\x01\xaa" +
	"\xc1\x62\x00\x91\x04\x11\x49\x7a\xa2\x23\x03\xd1\xe0\x03\x13\xaa\xf7\x07\x9f\x1a\x22\x20\x00\x94\xe2\x03\x00\xaa\xe3\x03\x01\xaa" +
	"\xb4\x57\x3c\xa9\xb7\x03\x1d\xb8\xa1\x03\x01\xd1\xe0\x03\x13\xaa\xa8\x1f\x00\x94\x1c\x00\x00\x14\xa8\x0b\x78\xa9\xa1\x03\x01\xd1" +
	"\xe0\x1e\xc0\x3d\xa3\x03\x59\xf8\xe0\x03\x13\xaa\xe0\x32\x80\x3d\xa8\x03\x1d\xf8\x9f\x1f\x00\x94\xe1\x03\x00\xaa\xe0\x03\x13\xaa" +
	"\x28\x11\x00\x94\xa8\x8b\x74\xa9\x08\x40\x60\x1e\xa0\x83\xd3\x3c\xa3\x83\x55\xf8\xa1\x03\x01\xd1\xe0\x03\x13\xaa\xe0\x32\x80\x3d" +
	"\xa8\x03\x1d\xf8\x93\x1f\x00\x94\xe1\x03\x00\xaa\xe0\x03\x13\xaa\x1c\x11\x00\x94\x01\x40\x60\x1e\x00\x41\x60\x1e\xf5\x20\x00\x94" +
	"\x00\x00\x66\x9e\xff\xc3\x06\x91\xf4\x4f\x46\xa9\xf6\x57\x45\xa9\xf8\x5f\x44\xa9\xfa\x67\x43\xa9\xfc\x6f\x42\xa9\xfd\x7b\x41\xa9" +
	"\xe8\x07\x47\xfc\xc0\x03\x5f\xd6\xaa\x83\x53\xf8\xa9\x23\x77\xa9\xb8\x5b\x70\x29\xb9\xeb\x78\xa9\xab\x83\x54\xb8\x57\x01\x40\xf9" +
	"\x0b\x01\x00\x34\xfb\x03\x09\xaa\xfc\x03\x08\xaa\x28\x01\x00\xb5\x00\x00\x86\xd2\xc0\x8e\xac\xf2\x00\xff\xef\xf2\xea\xff\xff\x17" +
	"\xfb\x03\x19\xaa\xfc\x03\x1a\xaa\xf9\x03\x09\xaa\xfa\x03\x08\xaa\xda\x01\x00\xb4\x28\x0f\x1a\x8b\x09\x81\x5f\xf8\x48\xe7\x7a\xd3" +
	"\x29\x11\xc0\xda\x0a\x01\x09\xcb\x5f\x09\x00\xf1\xe3\x00\x00\x54\xe9\x03\x29\xaa\x08\x01\x09\x8b\x09\x08\xa0\x52\x28\x09\xc8\x9a" +
	"\xff\x02\x08\xeb\x08\xfb\xff\x54\xdc\x01\x00\xb4\x68\x0f\x1c\x8b\x09\x81\x5f\xf8\x88\xe7\x7a\xd3\x29\x11\xc0\xda\x0a\x01\x09\xcb" +
	"\x5f\x09\x00\xf1\xe3\x00\x00\x54\xe9\x03\x29\xaa\x08\x01\x09\x8b\x09\x08\xa0\x52\x28\x09\xc8\x9a\xff\x02\x08\xeb\x48\xf9\xff\x54" +
	"\xe0\x03\x13\xaa\x21\x00\x80\x52\x42\x00\x80\x52\x34\x00\x80\x52\x27\x0c\x00\x94\x14\x8c\x00\xf8\x21\x00\x80\x52\xa0\x53\x3c\xa9" +
	"\xe0\x03\x13\xaa\x42\x00\x80\x52\xbf\x03\x1d\xb8\x20\x0c\x00\x94\x1f\x03\x00\x71\xf5\x03\x00\xaa\xb9\xeb\x3a\xa9\xe8\x07\x9f\x1a" +
	"\xb4\x8e\x00\xf8\x18\x01\x17\x0a\xf5\xd3\x0a\xa9\xfb\x73\x05\xa9\xbf\x5b\x37\x29\xb7\x04\x00\xb4\x34\x00\x80\x52\x36\x00\x80\x52" +
	"\xf9\x03\x17\xaa\xf9\x01\x00\x36\xa1\x03\x01\xd1\xa2\x63\x01\xd1\xe0\x03\x13\xaa\xaa\x1f\x00\x94\xf6\x03\x01\xaa\xa0\x07\x3c\xa9" +
	"\xe1\xa3\x02\x91\xe2\x43\x01\x91\xe0\x03\x13\xaa\xbf\x03\x1d\xb8\xa3\x1f\x00\x94\xf5\x03\x00\xaa\xf4\x03\x01\xaa\xe0\x87\x0a\xa9" +
	"\x3f\x07\x00\xf1\xc0\x01\x00\x54\xa1\x63\x01\xd1\xa2\x63\x01\xd1\xe0\x03\x13\xaa\x37\xff\x41\xd3\x99\x1f\x00\x94\xa0\x87\x3a\xa9" +
	"\xe1\x43\x01\x91\xe2\x43\x01\x91\xe0\x03\x13\xaa\xbf\x83\x1b\xb8\x93\x1f\x00\x94\xe0\x07\x05\xa9\x59\xfc\xff\xb5\xdf\x02\x00\xf1" +
	"\xe8\x07\x9f\x1a\x02\x00\x00\x14\x28\x00\x80\x52\x08\x03\x08\x0a\xa1\x03\x01\xd1\xe0\x03\x13\xaa\xe2\x03\x15\xaa\xe3\x03\x14\xaa" +
	"\xa8\x03\x1d\xb8\x6b\xff\xff\x17\xe8\x0f\x1d\xfc\xf4\x4f\x02\xa9\xf3\x03\x01\xaa\xe1\x03\x02\xaa\xfd\xfb\x00\xa9\xfd\x23\x00\x91" +
	"\xf4\x03\x03\xaa\xf5\x0f\x00\xf9\xf5\x03\x00\xaa\x95\x10\x00\x94\xe0\x03\x15\xaa\xe1\x03\x14\xaa\x08\x40\x60\x1e\x91\x10\x00\x94" +
	"\x01\x40\x60\x1e\x00\xe0\x8c\xd2\x7f\x16\x00\xf1\x40\x2e\xac\xf2\x00\xff\xef\xf2\xec\x02\x00\x54\x7f\x0a\x00\xf1\x4d\x04\x00\x54" +
	"\x7f\x0e\x00\xf1\x80\x06\x00\x54\x7f\x12\x00\xf1\x20\x07\x00\x54\x7f\x16\x00\xf1\x81\x08\x00\x54\x28\x20\x60\x1e\xe0\x06\x00\x54" +
	"\x00\x19\x61\x1e\x08\x68\xe8\xd2\x03\x01\x67\x9e\x08\x68\xf8\xd2\x02\xb8\xe1\x5e\x00\x20\x63\x1e\x03\x01\x67\x9e\x04\x44\x63\x1e" +
	"\x42\xd8\x61\x5e\x40\xcc\x60\x1e\x00\xa0\x41\x1f\x35\x00\x00\x14\x7f\x1e\x00\xf1\x4d\x02\x00\x54\x7f\x22\x00\xf1\x00\x04\x00\x54" +
	"\x7f\x26\x00\xf1\x20\x05\x00\x54\x7f\x2a\x00\xf1\xc1\x05\x00\x54\x00\xe4\x00\x2f\x00\x21\x61\x1e\x01\x10\x6e\x1e\x20\xac\x60\x1e" +
	"\x28\x00\x00\x14\x7f\x06\x00\xf1\xc0\x01\x00\x54\x7f\x0a\x00\xf1\xa1\x04\x00\x54\x00\x39\x61\x1e\x22\x00\x00\x14\x7f\x1a\x00\xf1" +
	"\x40\x01\x00\x54\x7f\x1e\x00\xf1\xe1\x03\x00\x54\x00\xe4\x00\x2f\x00\x21\x61\x1e\x01\x10\x6e\x1e\x20\x4c\x60\x1e\x19\x00\x00\x14" +
	"\x00\x29\x61\x1e\x17\x00\x00\x14\x00\x41\x60\x1e\x31\x20\x00\x94\x14\x00\x00\x14\x00\x09\x61\x1e\x12\x00\x00\x14\x00\xe4\x00\x2f" +
	"\x00\x21\x61\x1e\x01\x10\x6e\x1e\x20\x9c\x60\x1e\x0d\x00\x00\x14\x28\x20\x60\x1e\x41\x01\x00\x54\x00\x00\x86\xd2\xc0\x8e\xac\xf2" +
	"\x00\xff\xef\xf2\x08\x00\x00\x14\x00\xe4\x00\x2f\x00\x21\x61\x1e\x01\x10\x6e\x1e\x20\xcc\x60\x1e\x02\x00\x00\x14\x00\x19\x61\x1e" +
	"\x00\x00\x66\x9e\xf4\x4f\x42\xa9\xf5\x0f\x40\xf9\xfd\xfb\x40\xa9\xe8\x07\x43\xfc\xc0\x03\x5f\xd6\xff\x03\x03\xd1\xe8\x03\x01\xaa" +
	"\xf4\x4f\x0b\xa9\xf4\x03\x02\xaa\x01\x01\x67\x9e\xf3\x03\x00\xaa\xe8\x43\x00\xfd\xfd\xfb\x08\xa9\xfd\x23\x02\x91\xf7\x4f\x00\xf9" +
	"\x20\x20\x61\x1e\xf6\x57\x0a\xa9\xe6\x07\x00\x54\x80\x02\x67\x9e\x00\x20\x60\x1e\x06\x09\x00\x54\x09\xff\x9f\x92\x2a\xc1\x48\x8b" +
	"\x5f\x09\x00\xf1\xa3\x01\x00\x54\x0a\x68\xf8\xd2\x42\x01\x67\x9e\x20\x20\x62\x1e\x6d\x04\x00\x54\x0a\x68\xe8\xd2\x42\x01\x67\x9e" +
	"\x20\x20\x62\x1e\xe5\x03\x00\x54\x22\xb8\xe1\x5e\x42\xd8\x61\x5e\x20\x20\x62\x1e\x61\x03\x00\x54\x29\xc1\x54\x8b\x3f\x09\x00\xf1" +
	"\xa3\x01\x00\x54\x09\x68\xf8\xd2\x21\x01\x67\x9e\x00\x20\x61\x1e\x8d\x02\x00\x54\x09\x68\xe8\xd2\x21\x01\x67\x9e\x00\x20\x61\x1e" +
	"\x05\x02\x00\x54\x01\xb8\xe1\x5e\x21\xd8\x61\x5e\x00\x20\x61\x1e\x81\x01\x00\x54\xa1\x03\x01\xd1\xe0\x03\x08\xaa\x71\x1c\x00\x94" +
	"\xe1\x43\x00\x91\xe0\x03\x14\xaa\x6e\x1c\x00\x94\xa1\x03\x01\xd1\xe2\x43\x00\x91\xe0\x03\x13\xaa\x2c\x1f\x00\x94\x0b\x00\x00\x14" +
	"\xe0\x03\x13\xaa\xe1\x03\x08\xaa\xfe\x0f\x00\x94\xe0\x03\x13\xaa\xe1\x03\x14\xaa\x08\x40\x60\x1e\xfa\x0f\x00\x94\x00\x21\x60\x1e" +
	"\xe8\xd7\x9f\x1a\x00\x51\x9f\x5a\xf4\x4f\x4b\xa9\xf7\x4f\x40\xf9\xf6\x57\x4a\xa9\xe8\x43\x40\xfd\xfd\xfb\x48\xa9\xff\x03\x03\x91" +
	"\xc0\x03\x5f\xd6\x09\xff\x9f\x92\x29\xc1\x48\x8b\x3f\x09\x00\xf1\xe3\xf7\xff\x54\x09\x01\x41\xb2\x0a\xff\xff\xd2\x3f\x01\x0a\xeb" +
	"\x60\xf7\xff\x54\x0a\xfd\x70\xd3\x89\xfe\x70\xd3\xe3\x07\x00\xf9\x0c\x00\x00\x14\x09\xff\x9f\x92\x29\xc1\x54\x8b\x3f\x09\x00\xf1" +
	"\xc3\xf6\xff\x54\x89\x02\x41\xb2\x0a\xff\xff\xd2\x3f\x01\x0a\xeb\x40\xf6\xff\x54\xe3\x07\x00\xf9\x89\xfe\x70\xd3\x0a\xfd\x70\xd3" +
	"\x6b\xff\x9f\x52\x5f\x01\x0b\xeb\x81\x02\x00\x54\x6b\xff\x9f\x52\x3f\x01\x0b\xeb\x21\x02\x00\x54\x0b\xbd\x40\x92\x8c\xbe\x40\x92" +
	"\x68\x05\x40\xf9\x89\x05\x40\xf9\x1f\x01\x09\xeb\x0a\x31\x89\x9a\x4a\x05\x00\xb4\x6b\x41\x00\x91\x8c\x41\x00\x91\x6d\x15\x40\x38" +
	"\x8e\x15\x40\x38\xbf\x01\x0e\x6b\xc1\x05\x00\x54\x4a\x05\x00\xf1\x61\xff\xff\x54\x21\x00\x00\x14\x8b\xff\x9f\x52\x5f\x01\x0b\xeb" +
	"\x41\x04\x00\x54\x8a\xff\x9f\x52\x3f\x01\x0a\xeb\xe1\x03\x00\x54\x15\xbd\x40\x92\x94\xbe\x40\x92\xa8\x06\x40\xf9\x89\x06\x40\xf9" +
	"\x1f\x01\x09\xeb\x0a\x31\x89\x9a\x8a\x02\x00\xb4\xf6\x03\x0a\xcb\x37\x00\x80\x52\xa8\x0e\x40\xf9\x89\x0e\x40\xf9\xe0\x03\x13\xaa" +
	"\xe3\x07\x40\xf9\x01\x79\x77\xf8\x22\x79\x77\xf8\x73\xff\xff\x97\xc0\xf6\xff\x35\xe8\x07\x40\xf9\x08\x01\x40\xb9\x88\x02\x00\x34" +
	"\xf7\x06\x00\x91\xc8\x02\x17\x8b\x1f\x05\x00\xf1\x41\xfe\xff\x54\xa8\x06\x40\xf9\x89\x06\x40\xf9\x1f\x01\x09\xeb\xe2\x00\x00\x54" +
	"\x00\x00\x80\x12\xa9\xff\xff\x17\xe8\x07\x40\xf9\xe0\x03\x1f\x2a\x1f\x01\x00\xb9\xa5\xff\xff\x17\xe0\x97\x9f\x1a\xa3\xff\xff\x17" +
	"\x08\x00\x80\x12\x00\x35\x88\x5a\xa0\xff\xff\x17\xe0\x03\x1f\x2a\x9e\xff\xff\x17\xff\x43\x01\xd1\xf6\x57\x03\xa9\xf5\x03\x02\xaa" +
	"\xf6\x03\x01\xaa\x21\x00\x80\x52\x22\x01\x80\x52\xfd\x7b\x02\xa9\xf4\x4f\x04\xa9\xfd\x83\x00\x91\xf4\x03\x03\xaa\xf3\x03\x00\xaa" +
	"\xe0\x03\x00\xf9\xd2\x0a\x00\x94\x00\xe4\x00\x6f\xa8\x72\x04\x10\xc1\x90\x04\x10\x01\x01\xc0\x3d\xe2\x00\x80\x52\xe1\x07\x80\x3d" +
	"\x00\x8c\x80\x3c\x00\x80\x00\xad\x00\x0c\x80\x3d\xe0\x07\x00\xf9\xe0\x03\x00\x91\x23\x00\x00\x94\xe8\x03\x1f\xaa\xc9\x6a\x68\x38" +
	"\x08\x05\x00\x91\xc9\xff\xff\x35\x02\x05\x00\xd1\xe0\x03\x00\x91\xe1\x03\x16\xaa\x1b\x00\x00\x94\xe0\x03\x00\x91\x21\x00\x80\x52" +
	"\x2a\x1a\x00\x94\xe9\xa3\x40\xa9\xe0\x03\x00\x91\xe1\x03\x15\xaa\x0a\x05\x00\x91\xea\x0b\x00\xf9\x0a\x04\x80\x52\x2a\x69\x28\x38" +
	"\x8a\x1f\x00\x94\x14\x01\x00\xb4\xc1\x85\x04\x70\xe0\x03\x00\x91\xa2\x00\x80\x52\x0b\x00\x00\x94\xe0\x03\x00\x91\xe1\x03\x14\xaa" +
	"\x82\x1f\x00\x94\xe1\x8b\x40\xa9\xe0\x03\x13\xaa\xf4\x4f\x44\xa9\xf6\x57\x43\xa9\xfd\x7b\x42\xa9\xff\x43\x01\x91\x14\x0c\x00\x14" +
	"\xfd\x7b\xbd\xa9\xf5\x0b\x00\xf9\xf5\x03\x01\xaa\xe1\x03\x02\xaa\xf4\x4f\x02\xa9\xfd\x03\x00\x91\xf3\x03\x02\xaa\xf4\x03\x00\xaa" +
	"\x0a\x1a\x00\x94\x88\x0a\x40\xf9\x33\x01\x00\xb4\x89\x06\x40\xf9\x28\x01\x08\x8b\xe9\x03\x13\xaa\xaa\x16\x40\x38\x29\x05\x00\xf1" +
	"\x0a\x15\x00\x38\xa1\xff\xff\x54\x88\x0a\x40\xf9\x08\x01\x13\x8b\xf5\x0b\x40\xf9\x88\x0a\x00\xf9\xf4\x4f\x42\xa9\xfd\x7b\xc3\xa8" +
	"\xc0\x03\x5f\xd6\xfd\x7b\xbe\xa9\xf4\x4f\x01\xa9\x33\xbc\x40\x92\x54\xbc\x40\x92\x68\x06\x40\xf9\x89\x06\x40\xf9\xfd\x03\x00\x91" +
	"\x21\x01\x08\x8b\x23\x00\x00\x94\x69\x06\x40\xf9\x08\xbc\x40\x92\x0a\x0d\x40\xf9\x2b\xf1\x7d\xd3\x6b\x01\x00\xb4\x6b\x0e\x40\xf9" +
	"\xe9\x0f\x09\xcb\x4a\x21\x00\x91\x6b\x21\x00\x91\x6c\x15\x40\x38\x29\x05\x00\xb1\x4c\x15\x00\x38\xa3\xff\xff\x54\x0a\x0d\x40\xf9" +
	"\x69\x06\x40\xf9\x8b\x06\x40\xf9\x6c\xf1\x7d\xd3\x8c\x01\x00\xb4\x8c\x0e\x40\xf9\x4d\x0d\x09\x8b\xe9\x0f\x0b\xcb\x8a\x21\x00\x91" +
	"\xab\x21\x00\x91\x4c\x15\x40\x38\x29\x05\x00\xb1\x6c\x15\x00\x38\xa3\xff\xff\x54\x69\x06\x40\xf9\x8b\x06\x40\xf9\xf4\x4f\x41\xa9" +
	"\x69\x01\x09\x8b\x09\x05\x00\xf9\xfd\x7b\xc2\xa8\xc0\x03\x5f\xd6\xfd\x7b\xbd\xa9\xf4\x4f\x02\xa9\xf3\x03\x01\xaa\xa1\x00\x80\x52" +
	"\x82\x00\x80\x52\xf5\x0b\x00\xf9\xfd\x03\x00\x91\xf4\x03\x00\xaa\x57\x0a\x00\x94\x7f\x06\x00\xf1\xf5\x03\x00\xaa\xe0\x03\x14\xaa" +
	"\x73\x86\x9f\x9a\x21\x01\x80\x52\x62\x06\x00\x91\x50\x0a\x00\x94\xe8\x03\x00\xaa\x80\xff\xff\xd2\xbf\xce\x00\xa9\xf4\x4f\x42\xa9" +
	"\xa0\xbe\x40\xb3\xa8\x0e\x00\xf9\xf5\x0b\x40\xf9\xfd\x7b\xc3\xa8\xc0\x03\x5f\xd6\x1f\x10\x00\xf1\x2c\x01\x00\x54\x1f\x08\x00\xf1" +
	"\x8c\x01\x00\x54\x1f\x04\x00\xf1\xc0\x02\x00\x54\x1f\x08\x00\xf1\x01\x03\x00\x54\x00\x77\x04\x70\xc0\x03\x5f\xd6\x08\x1c\x00\xd1" +
	"\x1f\x11\x00\xf1\x22\x01\x00\x54\xa0\x82\x04\x70\xc0\x03\x5f\xd6\x1f\x0c\x00\xf1\xa0\x01\x00\x54\x1f\x10\x00\xf1\xa1\x01\x00\x54" +
	"\x40\x6e\x04\x10\xc0\x03\x5f\xd6\x1f\x14\x00\xf1\x60\x01\x00\x54\x1f\x18\x00\xf1\xe1\x00\x00\x54\xe0\x79\x04\x10\xc0\x03\x5f\xd6" +
	"\x20\x6d\x04\x10\xc0\x03\x5f\xd6\x60\x6e\x04\x10\xc0\x03\x5f\xd6\x60\x6e\x04\x30\xc0\x03\x5f\xd6\x60\x77\x04\x30\xc0\x03\x5f\xd6" +
	"\x28\xfc\x70\xd3\x09\xff\x8f\x52\x3f\xbc\x40\xf2\x8a\xff\x8f\x52\xe3\x03\x01\xaa\x00\x11\x49\xfa\xe9\x17\x9f\x1a\x1f\x01\x0a\xeb" +
	"\x00\x02\x00\x54\xe9\x01\x00\x37\x60\x00\x67\x9e\x00\x20\x60\x1e\x27\x01\x00\x54\x09\xff\x9f\x92\x08\x01\x09\x8b\x1f\x09\x00\xf1" +
	"\xa3\x00\x00\x54\x68\x00\x41\xb2\x09\xff\xff\xd2\x1f\x01\x09\xeb\xc1\x00\x00\x54\x41\x00\x80\x52\xe2\x03\x1f\xaa\xc9\xf9\xff\x17" +
	"\xe0\x03\x03\xaa\xc0\x03\x5f\xd6\xe1\x78\x04\x10\xe2\x03\x03\xaa\xe3\x03\x1f\xaa\x28\xff\xff\x17\x28\xfc\x70\xd3\x09\xff\x8f\x52" +
	"\x8d\xff\x8f\x52\x1f\x01\x09\xeb\xea\x17\x9f\x1a\x29\xbc\x40\xf2\xeb\x07\x9f\x1a\xec\x03\x8a\x1a\x1f\x01\x0d\xeb\xea\x03\x1f\x2a" +
	"\x60\x04\x00\x54\x4c\x04\x00\x37\x8a\xff\x9f\x52\x1f\x01\x0a\x6b\x2a\x00\x80\x52\x8c\x01\x00\x54\x0b\xff\x9f\x12\x0b\x01\x0b\x0b" +
	"\x7f\x09\x00\x71\x43\x03\x00\x54\x6a\xff\x9f\x52\x1f\x01\x0a\x6b\x80\x02\x00\x54\x8a\xff\x9f\x52\x1f\x01\x0a\x6b\x20\x02\x00\x54" +
	"\x0b\x00\x00\x14\xac\xff\x9f\x52\x1f\x01\x0c\x6b\xa0\x01\x00\x54\xc9\xff\x9f\x52\x1f\x01\x09\x6b\xa0\x01\x00\x54\xe9\xff\x9f\x52" +
	"\xea\x03\x0b\x2a\x1f\x01\x09\x6b\x20\x01\x00\x54\x20\x00\x67\x9e\x08\x20\x60\x1e\xe8\x57\x9f\x1a\x0a\xd5\x9f\x1a\x04\x00\x00\x14" +
	"\x28\x05\x40\xf9\x1f\x01\x00\xf1\xea\x07\x9f\x1a\xe0\x03\x0a\x2a\xc0\x03\x5f\xd6\x29\xfc\x70\xd3\x3f\xf8\x40\xf2\x08\xff\x8f\x52" +
	"\xea\x17\x9f\x1a\x3f\xbc\x40\xf2\x20\x11\x48\xfa\x88\xff\x8f\x52\x24\x11\x48\xfa\xe8\xff\xff\xd2\x49\x15\x9f\x1a\x3f\x00\x08\xeb" +
	"\x20\x15\x9f\x1a\xc0\x03\x5f\xd6\xfd\x7b\xbe\xa9\x28\xfc\x70\xd3\x69\xff\x9f\x52\xf3\x0b\x00\xf9\xf3\x03\x01\xaa\xfd\x03\x00\x91" +
	"\x1f\x01\x09\x6b\x60\x03\x00\x54\xa9\xff\x9f\x52\x1f\x01\x09\x6b\x00\x02\x00\x54\x89\xff\x9f\x52\x1f\x01\x09\x6b\x41\x04\x00\x54" +
	"\x73\xbe\x40\x92\xa3\x63\x00\x91\xe1\x03\x02\xaa\x68\x06\x40\xf9\xe2\x03\x08\xaa\x34\x00\x00\x94\x20\x05\x00\x34\x68\x0e\x40\xf9" +
	"\xa9\x0f\x40\xf9\x08\x0d\x09\x8b\x13\x05\x40\xf9\x2a\x00\x00\x14\xe1\x03\x13\xaa\x5a\x00\x00\x94\x80\x04\xf8\xb7\x68\xbe\x40\x92" +
	"\x08\x11\x40\xf9\x08\x11\x00\x8b\x13\x09\x40\xf9\x22\x00\x00\x14\x73\xbe\x40\x92\xa3\x63\x00\x91\xe1\x03\x02\xaa\x68\x06\x40\xf9" +
	"\xe2\x03\x08\xaa\x20\x00\x00\x94\xa0\x02\x00\x34\xa8\x0f\x40\xf9\x68\x02\x08\x8b\x00\x41\x40\x3d\x00\xd8\x61\x7e\x13\x00\x66\x9e" +
	"\x15\x00\x00\x14\x7f\xbe\x40\xf2\x09\xff\x8f\x52\x8a\xff\x8f\x52\x00\x11\x49\xfa\xe9\x17\x9f\x1a\x1f\x01\x0a\xeb\xc0\x01\x00\x54" +
	"\xa9\x01\x00\x37\xe2\x03\x13\xaa\xf3\x0b\x40\xf9\x01\x55\x04\x50\xe3\x03\x1f\xaa\xfd\x7b\xc2\xa8\xaf\xfe\xff\x17\x13\x00\x8f\xd2" +
	"\x93\x2c\xad\xf2\x03\x00\x00\x14\x13\x20\x8f\xd2\xb3\x6c\xad\xf2\x13\xff\xef\xf2\xe0\x03\x13\xaa\xf3\x0b\x40\xf9\xfd\x7b\xc2\xa8" +
	"\xc0\x03\x5f\xd6\xfd\x7b\xbe\xa9\x20\x00\x67\x9e\x08\xff\x9f\x92\xf4\x4f\x01\xa9\x08\xc1\x41\x8b\xf3\x03\x03\xaa\xf4\x03\x02\xaa" +
	"\xfd\x03\x00\x91\x00\x20\x60\x1e\xa6\x03\x00\x54\x1f\x09\x00\xf1\xc3\x01\x00\x54\x08\x68\xf8\xd2\x01\x01\x67\x9e\xe8\x03\x1f\x2a" +
	"\x00\x20\x61\x1e\x4d\x02\x00\x54\x09\x68\xe8\xd2\x21\x01\x67\x9e\x00\x20\x61\x1e\xc5\x01\x00\x54\x01\xb8\xe1\x5e\x21\xd8\x61\x5e" +
	"\x00\x20\x61\x1e\x41\x01\x00\x54\xd9\xf8\xff\x97\x88\xfe\x80\x8a\x09\x01\x00\xab\xe8\x03\x1f\x2a\xa4\x00\x00\x54\x3f\x01\x14\xeb" +
	"\x62\x00\x00\x54\x28\x00\x80\x52\x69\x02\x00\xf9\xf4\x4f\x41\xa9\xe0\x03\x08\x2a\xfd\x7b\xc2\xa8\xc0\x03\x5f\xd6\x1f\x09\x00\xf1" +
	"\x43\xfe\xff\x54\x28\x00\x41\xb2\x09\xff\xff\xd2\x1f\x01\x09\xeb\x20\xfc\xff\x54\xe8\x03\x1f\x2a\xf5\xff\xff\x17\xfd\x7b\xbb\xa9" +
	"\xf6\x57\x03\xa9\x36\xbc\x40\x92\xfd\x03\x00\x91\xf8\x5f\x02\xa9\xd5\x5e\x42\xa9\xf4\x4f\x04\xa9\xf4\x03\x00\xaa\xe0\x03\x02\xaa" +
	"\xfa\x67\x01\xa9\xf3\x03\x02\xaa\x3d\x1e\x00\x94\xc8\x1a\x40\xf9\x18\x01\x00\x8a\xe9\x7a\x78\xb8\x49\x02\x00\x34\xfa\x1f\x80\xd2" +
	"\xb9\x22\x00\x91\x1a\xff\xef\xf2\x35\x05\x00\x51\xa9\x7a\x1f\x53\x21\x5b\x69\xf8\x3f\x00\x1a\xeb\xc0\x00\x00\x54\xe0\x03\x14\xaa" +
	"\xe2\x03\x13\xaa\x9f\xfa\xff\x97\xe0\x00\x00\x35\xc8\x1a\x40\xf9\x09\x07\x00\x91\x18\x01\x09\x8a\xe9\x7a\x78\xb8\x69\xfe\xff\x35" +
	"\x15\x00\x80\x92\xe0\x03\x15\xaa\xf4\x4f\x44\xa9\xf6\x57\x43\xa9\xf8\x5f\x42\xa9\xfa\x67\x41\xa9\xfd\x7b\xc5\xa8\xc0\x03\x5f\xd6" +
	"\xff\xc3\x00\xd1\x29\xfc\x70\xd3\xaa\xff\x9f\x52\xf4\x4f\x02\xa9\xf3\x03\x03\xaa\xe8\x03\x01\xaa\xfd\x7b\x01\xa9\x3f\x01\x0a\x6b" +
	"\xfd\x43\x00\x91\x00\x02\x00\x54\x8a\xff\x9f\x52\x3f\x01\x0a\x6b\x21\x02\x00\x54\x14\xbd\x40\x92\xe3\x23\x00\x91\xe1\x03\x02\xaa" +
	"\x88\x06\x40\xf9\xe2\x03\x08\xaa\x97\xff\xff\x97\x20\x02\x00\x34\x88\x0e\x40\xf9\xe9\x07\x40\xf9\x08\x0d\x09\x8b\x13\x05\x00\xf9" +
	"\x0f\x00\x00\x14\xe1\x03\x08\xaa\xe3\x03\x13\xaa\x11\x00\x00\x94\x0b\x00\x00\x14\xf4\x4f\x42\xa9\xa1\x48\x04\x50\xfd\x7b\x41\xa9" +
	"\xe2\x03\x08\xaa\xe3\x03\x1f\xaa\xff\xc3\x00\x91\x2a\xfe\xff\x17\x13\x00\x8f\xd2\x93\x2c\xad\xf2\x13\xff\xef\xf2\xe0\x03\x13\xaa" +
	"\xf4\x4f\x42\xa9\xfd\x7b\x41\xa9\xff\xc3\x00\x91\xc0\x03\x5f\xd6\xfd\x7b\xbb\xa9\xfa\x67\x01\xa9\xfd\x03\x00\x91\xf8\x5f\x02\xa9" +
	"\xf6\x57\x03\xa9\xf6\x03\x01\xaa\xf5\x03\x00\xaa\xf4\x4f\x04\xa9\xf4\x03\x03\xaa\xf3\x03\x02\xaa\xa1\xff\xff\x97\xd7\xbe\x40\x92" +
	"\xa0\x00\xf8\xb7\xe8\x12\x40\xf9\x08\x11\x00\x8b\x14\x09\x00\xf9\x35\x00\x00\x14\xf8\x22\x41\xa9\x1f\x03\x08\xeb\xc1\x03\x00\x54" +
	"\xe8\x06\x40\xf9\xf9\x12\x40\xf9\xe0\x03\x15\xaa\x08\xf9\x7f\xd3\x01\x11\x00\x91\x6c\x02\x00\x94\xf6\x03\x00\xaa\xd8\x01\x00\xb4" +
	"\xfa\x1f\x80\xd2\x39\x43\x00\x91\x1a\xff\xef\xf2\x22\x83\x5f\xf8\x5f\x00\x1a\xeb\xa0\x00\x00\x54\x23\x03\x40\xf9\xe0\x03\x15\xaa" +
	"\xe1\x03\x16\xaa\xdb\xff\xff\x97\x18\x07\x00\xf1\x39\x43\x00\x91\xe1\xfe\xff\x54\xc8\xbe\x40\x92\x09\x01\x80\x52\x0a\x69\x69\x38" +
	"\xea\x6a\x29\x38\x29\x05\x00\x91\x3f\xe1\x00\xf1\x81\xff\xff\x54\xf8\x0a\x40\xf9\xe8\x12\x40\xf9\x15\x07\x00\x91\xe0\x03\x13\xaa" +
	"\xf5\x0a\x00\xf9\x08\x11\x18\x8b\x13\x05\x00\xf9\xe8\x12\x40\xf9\x08\x11\x18\x8b\x14\x09\x00\xf9\xe8\x06\x40\xf9\xf4\x16\x40\xf9" +
	"\x08\x05\x00\x91\xe8\x06\x00\xf9\xb5\x1d\x00\x94\xe8\x1a\x40\xf9\x09\x00\x08\x8a\x8a\x7a\x69\xb8\x20\x05\x00\x91\xaa\xff\xff\x35" +
	"\x95\x7a\x29\xb8\xf4\x4f\x44\xa9\xf6\x57\x43\xa9\xf8\x5f\x42\xa9\xfa\x67\x41\xa9\xfd\x7b\xc5\xa8\xc0\x03\x5f\xd6\x29\xfc\x70\xd3" +
	"\xaa\xff\x9f\x52\xe8\x03\x01\xaa\x3f\x01\x0a\xeb\x61\x00\x00\x54\xe1\x03\x08\xaa\xe5\xfe\xff\x17\x1f\xbd\x40\xf2\x0a\xff\x8f\x52" +
	"\x8b\xff\x8f\x52\x20\x11\x4a\xfa\xea\x17\x9f\x1a\x3f\x01\x0b\xeb\xc0\x00\x00\x54\xaa\x00\x00\x37\x81\x44\x04\x30\xe2\x03\x08\xaa" +
	"\xe3\x03\x1f\xaa\xc4\xfd\xff\x17\xe0\x03\x08\xaa\xc0\x03\x5f\xd6\xff\xc3\x00\xd1\x29\xfc\x70\xd3\x6a\xff\x9f\x52\xf4\x4f\x02\xa9" +
	"\xe8\x03\x01\xaa\xf3\x03\x00\xaa\xfd\x7b\x01\xa9\x3f\x01\x0a\x6b\xfd\x43\x00\x91\x00\x03\x00\x54\x8a\xff\x9f\x52\x3f\x01\x0a\x6b" +
	"\x01\x05\x00\x54\x14\xbd\x40\x92\xe5\x23\x00\x91\xe6\x03\x00\x91\x88\x06\x40\xf9\xe0\x03\x13\xaa\xe1\x03\x02\xaa\xe2\x03\x03\xaa" +
	"\xe3\x03\x04\xaa\xe4\x03\x08\xaa\x33\x00\x00\x94\xea\x27\x40\xa9\xe0\x03\x13\xaa\x88\x0e\x40\xf9\xf4\x4f\x42\xa9\xfd\x7b\x41\xa9" +
	"\x08\x0d\x09\x8b\x42\x01\x09\xcb\x01\x21\x00\x91\xff\xc3\x00\x91\x51\x00\x00\x14\x14\xbd\x40\x92\xe5\x23\x00\x91\xe6\x03\x00\x91" +
	"\x88\x06\x40\xf9\xe0\x03\x13\xaa\xe1\x03\x02\xaa\xe2\x03\x03\xaa\xe3\x03\x04\xaa\xe4\x03\x08\xaa\x1f\x00\x00\x94\xe9\x23\x40\xa9" +
	"\xe0\x03\x13\xaa\xfd\x7b\x41\xa9\x8a\x02\x08\x8b\xf4\x4f\x42\xa9\x22\x01\x08\xcb\x41\x41\x00\x91\xff\xc3\x00\x91\x53\x00\x00\x14" +
	"\x1f\xbd\x40\xf2\x0a\xff\x8f\x52\x8b\xff\x8f\x52\x20\x11\x4a\xfa\xea\x17\x9f\x1a\x3f\x01\x0b\xeb\x40\x01\x00\x54\x2a\x01\x00\x37" +
	"\xe0\x03\x13\xaa\xf4\x4f\x42\xa9\xfd\x7b\x41\xa9\x21\x3e\x04\x10\xe2\x03\x08\xaa\xe3\x03\x1f\xaa\xff\xc3\x00\x91\x7e\xfd\xff\x17" +
	"\xf4\x4f\x42\xa9\xe0\x03\x08\xaa\xfd\x7b\x41\xa9\xff\xc3\x00\x91\xc0\x03\x5f\xd6\xfd\x7b\xbb\xa9\xf9\x0b\x00\xf9\xf9\x03\x03\xaa" +
	"\xfd\x03\x00\x91\xf8\x5f\x02\xa9\xf7\x03\x00\xaa\xf6\x57\x03\xa9\xf5\x03\x04\xaa\xf6\x03\x02\xaa\xf4\x4f\x04\xa9\xf3\x03\x06\xaa" +
	"\xf4\x03\x05\xaa\x79\x00\x00\x37\xf8\x03\x1f\xaa\x04\x00\x00\x14\xe0\x03\x17\xaa\xb6\xf7\xff\x97\xf8\x03\x00\xaa\xe0\x03\x15\xaa" +
	"\x99\x00\x08\x36\xe0\x03\x17\xaa\xe1\x03\x16\xaa\xb0\xf7\xff\x97\xa8\xfe\x98\x8a\xa9\xfe\x80\x8a\xf9\x0b\x40\xf9\x08\x01\x18\x8b" +
	"\x29\x01\x00\x8b\x08\xfd\xa8\x8a\x3f\x01\x15\xeb\x29\xb1\x95\x9a\xf6\x57\x43\xa9\x3f\x01\x08\xeb\x88\x02\x00\xf9\x29\xc1\x88\x9a" +
	"\xf8\x5f\x42\xa9\x69\x02\x00\xf9\xf4\x4f\x44\xa9\xfd\x7b\xc5\xa8\xc0\x03\x5f\xd6\xfd\x7b\xbe\xa9\xf4\x4f\x01\xa9\xf4\x03\x01\xaa" +
	"\xe1\x03\x02\xaa\xfd\x03\x00\x91\xf3\x03\x02\xaa\xc9\xfd\xff\x97\x69\xf2\x7d\xd3\x08\xbc\x40\x92\x09\x01\x00\xb4\x0a\x0d\x40\xf9" +
	"\xe9\x0f\x13\xcb\x4a\x21\x00\x91\x8b\x16\x40\x38\x29\x05\x00\xb1\x4b\x15\x00\x38\xa3\xff\xff\x54\x13\x05\x00\xf9\xf4\x4f\x41\xa9" +
	"\xfd\x7b\xc2\xa8\xc0\x03\x5f\xd6\xfd\x7b\xbe\xa9\x48\x20\x00\x91\xf4\x4f\x01\xa9\xf3\x03\x02\xaa\x08\xfd\x43\xd3\xf4\x03\x01\xaa" +
	"\x81\x00\x80\x52\xfd\x03\x00\x91\x02\x09\x00\x91\x10\x08\x00\x94\x09\x40\x00\x91\x13\x04\x00\xf9\xf3\x00\x00\xb4\xe8\x03\x09\xaa" +
	"\xea\x03\x13\xaa\x8b\x16\x40\x38\x4a\x05\x00\xf1\x0b\x15\x00\x38\xa1\xff\xff\x54\x68\xff\xff\xd2\x3f\x69\x33\x38\x08\xbc\x40\xb3" +
	"\xf4\x4f\x41\xa9\xe0\x03\x08\xaa\xfd\x7b\xc2\xa8\xc0\x03\x5f\xd6\x28\xfc\x70\xd3\x69\xff\x9f\x52\xe2\x03\x01\xaa\x1f\x01\x09\x6b" +
	"\xe0\x00\x00\x54\xa9\xff\x9f\x52\x1f\x01\x09\x6b\x80\x00\x00\x54\x89\xff\x9f\x52\x1f\x01\x09\x6b\xe1\x00\x00\x54\x48\xbc\x40\x92" +
	"\x00\x05\x40\xfd\x00\xd8\x61\x7e\x02\x00\x66\x9e\xe0\x03\x02\xaa\xc0\x03\x5f\xd6\x5f\xbc\x40\xf2\x09\xff\x8f\x52\x8a\xff\x8f\x52" +
	"\x00\x11\x49\xfa\xe9\x17\x9f\x1a\x1f\x01\x0a\xeb\x00\xff\xff\x54\xe9\xfe\x07\x37\xc1\x29\x04\x30\xe3\x03\x1f\xaa\x06\xfd\xff\x17" +
	"\xfd\x7b\xbd\xa9\x48\xfc\x70\xd3\x69\xff\x9f\x52\xf4\x4f\x02\xa9\xf3\x03\x01\xaa\xf4\x03\x00\xaa\xf6\x57\x01\xa9\x1f\x01\x09\x6b" +
	"\xfd\x03\x00\x91\xa0\x03\x00\x54\xa9\xff\x9f\x52\x1f\x01\x09\x6b\xa0\x02\x00\x54\x89\xff\x9f\x52\x1f\x01\x09\x6b\xe1\x04\x00\x54" +
	"\x55\xbc\x40\x92\xa8\x06\x40\xf9\xa8\x01\x00\xb4\xf6\x03\x1f\xaa\xa8\x0e\x40\xf9\xe0\x03\x14\xaa\xe1\x03\x13\xaa\x08\x0d\x16\x8b" +
	"\x02\x05\x40\xf9\x2f\xf9\xff\x97\xe0\x04\x00\x35\xa8\x06\x40\xf9\xd6\x06\x00\x91\xdf\x02\x08\xeb\xc3\xfe\xff\x54\xe0\x03\x1f\xaa" +
	"\x12\x00\x00\x14\xe0\x03\x14\xaa\xe1\x03\x02\xaa\xe2\x03\x13\xaa\x6b\xfe\xff\x97\x08\x00\x00\x14\x68\xff\x9f\x52\x1f\xc1\x53\xeb" +
	"\x21\x02\x00\x54\xe0\x03\x02\xaa\xe1\x03\x13\xaa\xe2\x03\x1f\xaa\x17\x00\x00\x94\x00\xe4\x00\x2f\x01\x10\x6e\x1e\x1f\x00\x00\xf1" +
	"\x20\xac\x60\x1e\x00\x00\x66\x9e\xf4\x4f\x42\xa9\xf6\x57\x41\xa9\xfd\x7b\xc3\xa8\xc0\x03\x5f\xd6\x01\x29\x04\x70\xe0\x03\x14\xaa" +
	"\x04\x00\x00\x14\xa1\x2e\x04\x70\xe0\x03\x14\xaa\xe2\x03\x13\xaa\xf4\x4f\x42\xa9\xe3\x03\x1f\xaa\xf6\x57\x41\xa9\xfd\x7b\xc3\xa8" +
	"\xc5\xfc\xff\x17\x00\xfe\xe7\xd2\xf0\xff\xff\x17\x2b\xbc\x40\x92\x0a\xbc\x40\x92\x68\x05\x40\xf9\x49\x05\x40\xf9\x0c\x01\x02\x8b" +
	"\x9f\x01\x09\xeb\x69\x00\x00\x54\x00\x00\x80\x92\xc0\x03\x5f\xd6\x4a\x41\x00\x91\x6b\x41\x00\x91\xec\x03\x02\xaa\x00\x00\x80\x92" +
	"\xed\x03\x0a\xaa\xee\x03\x0b\xaa\xef\x03\x08\xaa\x08\x02\x00\xb4\xb0\x69\x6c\x38\xd1\x15\x40\x38\x1f\x02\x11\x6b\xa1\x00\x00\x54" +
	"\xef\x05\x00\xf1\xad\x05\x00\x91\x41\xff\xff\x54\x06\x00\x00\x14\x8c\x05\x00\x91\x8d\x01\x08\x8b\xbf\x01\x09\xeb\x29\xfe\xff\x54" +
	"\xc0\x03\x5f\xd6\xe0\x03\x0c\xaa\xc0\x03\x5f\xd6\xe0\x03\x02\xaa\xc0\x03\x5f\xd6\xfd\x7b\xbc\xa9\x20\x00\x67\x9e\xf6\x57\x02\xa9" +
	"\xf5\x03\x03\xaa\xf4\x4f\x03\xa9\xf4\x03\x02\xaa\xf3\x03\x00\xaa\xf8\x5f\x01\xa9\xfd\x03\x00\x91\x00\x20\x60\x1e\xa6\x04\x00\x54" +
	"\x81\x02\x67\x9e\x20\x20\x61\x1e\x06\x07\x00\x54\xe0\x03\x13\xaa\xdf\xf6\xff\x97\xf6\x03\x00\xaa\xe0\x03\x13\xaa\xe1\x03\x14\xaa" +
	"\xdb\xf6\xff\x97\xbf\x02\x00\xf1\x08\x04\x80\x9a\xe0\x03\x13\xaa\x08\x01\x16\xeb\x14\xc1\x9f\x9a\xe1\x03\x14\xaa\x05\xfd\xff\x97" +
	"\xf5\x03\x00\xaa\x17\xbc\x40\x92\x74\x01\x00\xb4\xf8\x03\x1f\xaa\xc1\x02\x18\x8b\xe0\x03\x13\xaa\x37\x00\x00\x94\xe8\x0e\x40\xf9" +
	"\x08\x0d\x18\x8b\x18\x07\x00\x91\x1f\x03\x14\xeb\x00\x05\x00\xf9\x03\xff\xff\x54\xe0\x03\x15\xaa\xf4\x06\x00\xf9\xf4\x4f\x43\xa9" +
	"\xf6\x57\x42\xa9\xf8\x5f\x41\xa9\xfd\x7b\xc4\xa8\xc0\x03\x5f\xd6\x08\xff\x9f\x92\x08\xc1\x41\x8b\x1f\x09\x00\xf1\x23\xfb\xff\x54" +
	"\x28\x00\x41\xb2\x09\xff\xff\xd2\x1f\x01\x09\xeb\xa0\xfa\xff\x54\x28\xfc\x70\xd3\x29\xff\x9f\x52\x1f\x01\x09\xeb\xa0\x02\x00\x54" +
	"\x09\xff\xff\xd2\x3f\x00\x09\xeb\x40\x02\x00\x54\x49\xff\x9f\x52\x1f\x01\x09\xeb\xe0\x01\x00\x54\x08\xff\xef\xd2\x3f\x00\x08\xeb" +
	"\x94\x02\x81\x9a\x0b\x00\x00\x14\x08\xff\x9f\x92\x08\xc1\x54\x8b\x1f\x09\x00\xf1\xc3\xf8\xff\x54\x88\x02\x41\xb2\x09\xff\xff\xd2" +
	"\x1f\x01\x09\xeb\x40\xf8\xff\x54\x00\x20\x60\x1e\x26\xfd\xff\x54\xe0\x03\x13\xaa\xe2\x03\x14\xaa\x41\x24\x04\x70\xf4\x4f\x43\xa9" +
	"\xe3\x03\x1f\xaa\xf6\x57\x42\xa9\xf8\x5f\x41\xa9\xfd\x7b\xc4\xa8\x49\xfc\xff\x17\xff\x03\x01\xd1\x08\xfc\xff\x92\xe9\xd3\x7f\xb2" +
	"\xf4\x4f\x03\xa9\x28\x00\x08\x8b\xf4\x03\x01\xaa\xfd\x7b\x02\xa9\x1f\x01\x09\xeb\xfd\x83\x00\x91\x88\x00\x00\x54\x80\x02\x62\x9e" +
	"\x00\x00\x66\x9e\x0f\x00\x00\x14\x21\x00\x80\x52\x42\x00\x80\x52\xf3\x03\x00\xaa\x16\x07\x00\x94\x9f\x02\x00\xf1\xe1\x23\x00\x91" +
	"\x88\x56\x94\xda\xe9\x07\x9f\x1a\x08\x8c\x00\xf8\x88\xfe\x7f\xd3\xe0\xa7\x00\xa9\xe0\x03\x13\xaa\xe8\x1b\x00\xb9\x08\x1a\x00\x94" +
	"\xf4\x4f\x43\xa9\xfd\x7b\x42\xa9\xff\x03\x01\x91\xc0\x03\x5f\xd6\xfd\x7b\xbc\xa9\x28\xfc\x70\xd3\xa9\xff\x9f\x52\xf4\x4f\x03\xa9" +
	"\xf3\x03\x01\xaa\xf4\x03\x00\xaa\xf8\x5f\x01\xa9\x1f\x01\x09\x6b\xf6\x57\x02\xa9\xfd\x03\x00\x91\x60\x03\x00\x54\x89\xff\x9f\x52" +
	"\x1f\x01\x09\x6b\x20\x07\x00\x54\x69\xff\x9f\x52\x1f\x01\x09\x6b\x81\x05\x00\x54\x75\xbe\x40\x92\xe0\x03\x14\xaa\xa1\x06\x40\xf9" +
	"\x94\xfc\xff\x97\xa8\x06\x40\xf9\xf3\x03\x00\xaa\x88\x05\x00\xb4\xe9\x03\x1f\xaa\xaa\x42\x00\x91\x68\xbe\x40\x92\x40\x69\x69\x3c" +
	"\x0b\x0d\x40\xf9\x00\xd8\x61\x7e\x6b\x0d\x09\x8b\x29\x05\x00\x91\x60\x05\x00\xfd\xab\x06\x40\xf9\x3f\x01\x0b\xeb\x03\xff\xff\x54" +
	"\x21\x00\x00\x14\x75\xbe\x40\x92\xe0\x03\x14\xaa\xa1\x06\x40\xf9\x80\xfc\xff\x97\xa8\x0a\x40\xf9\xf3\x03\x00\xaa\x68\x03\x00\xb4" +
	"\xa9\x12\x40\xf9\xf8\x1f\x80\xd2\xf6\x03\x1f\xaa\x18\xff\xef\xf2\x37\x21\x00\x91\xe2\x06\x41\xf8\x5f\x00\x18\xeb\xa0\x00\x00\x54" +
	"\xe0\x03\x14\xaa\xe1\x03\x13\xaa\x16\x00\x00\x94\xa8\x0a\x40\xf9\xd6\x06\x00\x91\xdf\x02\x08\xeb\xe3\xfe\xff\x54\x0b\x00\x00\x14" +
	"\xe0\x03\x14\xaa\xf4\x4f\x43\xa9\xf6\x57\x42\xa9\xe1\x03\x1f\xaa\xf8\x5f\x41\xa9\xfd\x7b\xc4\xa8\x66\xfc\xff\x17\xeb\x03\x1f\xaa" +
	"\x68\xbe\x40\x92\x0b\x05\x00\xf9\xe0\x03\x13\xaa\xf4\x4f\x43\xa9\xf6\x57\x42\xa9\xf8\x5f\x41\xa9\xfd\x7b\xc4\xa8\xc0\x03\x5f\xd6" +
	"\xfd\x7b\xbd\xa9\xf4\x4f\x02\xa9\x34\xbc\x40\x92\xf3\x03\x02\xaa\x88\xaa\x40\xa9\xf5\x0b\x00\xf9\xfd\x03\x00\x91\x09\x05\x00\x91" +
	"\x5f\x01\x09\xeb\xe2\x02\x00\x54\x48\xf9\x7f\xd3\x21\x01\x80\x52\x08\x11\x00\x91\x1f\x01\x09\xeb\x15\x81\x89\x9a\xa2\x06\x00\x91" +
	"\xab\x06\x00\x94\x88\x06\x40\xf9\x09\xf1\x7d\xd3\x49\x01\x00\xb4\x89\x0e\x40\xf9\xe8\x0f\x08\xcb\x0a\x20\x00\x91\x29\x21\x00\x91" +
	"\x2b\x15\x40\x38\x08\x05\x00\xb1\x4b\x15\x00\x38\xa3\xff\xff\x54\x88\x06\x40\xf9\x09\x05\x00\x91\x95\x02\x01\xa9\x02\x00\x00\x14" +
	"\x80\x0e\x40\xf9\x08\x0c\x08\x8b\x89\x06\x00\xf9\xf5\x0b\x40\xf9\x13\x05\x00\xf9\xf4\x4f\x42\xa9\xfd\x7b\xc3\xa8\xc0\x03\x5f\xd6" +
	"\x65\xfe\xff\x17\xfd\x7b\xbd\xa9\xf6\x57\x01\xa9\xf6\x03\x01\xaa\xe1\x03\x02\xaa\xf4\x4f\x02\xa9\xfd\x03\x00\x91\xf3\x03\x02\xaa" +
	"\xf4\x03\x00\xaa\x10\x00\x00\x94\xf5\x03\x00\xaa\x33\x01\x00\xb4\xd6\x22\x00\x91\xc2\x8e\x7f\xa9\xe0\x03\x14\xaa\xe1\x03\x15\xaa" +
	"\x84\xfd\xff\x97\x73\x06\x00\xf1\xd6\x42\x00\x91\x41\xff\xff\x54\xe0\x03\x15\xaa\xf4\x4f\x42\xa9\xf6\x57\x41\xa9\xfd\x7b\xc3\xa8" +
	"\xc0\x03\x5f\xd6\xfd\x7b\xbc\xa9\x88\x00\x80\x52\x3f\x10\x00\xf1\xf7\x0b\x00\xf9\x37\x80\x88\x9a\xf6\x57\x02\xa9\x08\x01\x80\x52" +
	"\xf6\xfa\x7f\xd3\xf4\x4f\x03\xa9\xf3\x03\x00\xaa\xfd\x03\x00\x91\xf5\x03\x08\xaa\x08\xf9\x7f\xd3\xbf\x02\x16\xeb\xa3\xff\xff\x54" +
	"\xe0\x03\x13\xaa\xc1\x00\x80\x52\xe2\x00\x80\x52\x68\x06\x00\x94\xf4\x03\x00\xaa\x1f\xfc\x00\xa9\xc2\x02\x40\xb2\x17\x0c\x00\xf9" +
	"\xe0\x03\x13\xaa\x21\x01\x80\x52\x61\x06\x00\x94\xa1\xf6\x7e\xd3\x80\x12\x00\xf9\xe0\x03\x13\xaa\x4d\x13\x00\x94\xa8\xff\xff\xd2" +
	"\xa9\x06\x00\xd1\xf7\x0b\x40\xf9\x88\xbe\x40\xb3\x80\xa6\x02\xa9\xf4\x4f\x43\xa9\xf6\x57\x42\xa9\xe0\x03\x08\xaa\xfd\x7b\xc4\xa8" +
	"\xc0\x03\x5f\xd6\x01\x00\x00\x14\xff\x03\x01\xd1\x68\xff\x9f\x52\xf4\x4f\x03\xa9\xf3\x03\x01\xaa\x1f\xc1\x41\xeb\xfd\x7b\x02\xa9" +
	"\xfd\x83\x00\x91\xe0\x02\x00\x54\x21\x00\x80\x52\xa2\x00\x80\x52\xf4\x03\x00\xaa\xe0\x03\x00\xf9\x45\x06\x00\x94\x00\xe4\x00\x6f" +
	"\x88\xe2\x03\x10\xe1\x03\x00\x91\x01\x01\xc0\x3d\xe2\x03\x13\xaa\xe3\x03\x1f\x2a\xe4\x03\x1f\x2a\xe1\x07\x80\x3d\x00\x8c\x80\x3c" +
	"\x00\x04\x80\x3d\xe0\x07\x00\xf9\xe0\x03\x14\xaa\x3c\x00\x00\x94\xe0\x07\x40\xa9\xe2\x0b\x40\xf9\x1c\xfe\xff\x97\xf3\x03\x00\xaa" +
	"\xe0\x03\x13\xaa\xf4\x4f\x43\xa9\xfd\x7b\x42\xa9\xff\x03\x01\x91\xc0\x03\x5f\xd6\xff\x43\x01\xd1\xf6\x57\x03\xa9\xf5\x03\x01\xaa" +
	"\x21\x00\x80\x52\xf4\x4f\x04\xa9\xf4\x03\x02\xaa\x22\x01\x80\x52\xfd\x7b\x02\xa9\xfd\x83\x00\x91\xf3\x03\x00\xaa\xe0\x03\x00\xf9" +
	"\x23\x06\x00\x94\x00\xe4\x00\x6f\xc8\xdc\x03\x10\xe1\x03\x00\xaa\x01\x01\xc0\x3d\xe1\x07\x80\x3d\x20\x8c\x80\x3c\x20\x80\x00\xad" +
	"\x20\x0c\x80\x3d\xe1\x07\x00\xf9\xb4\x02\x00\xb4\x76\xff\x9f\x52\xa2\x86\x40\xf8\xdf\xc2\x42\xeb\xe1\x00\x00\x54\x48\xbc\x40\x92" +
	"\xe0\x03\x00\x91\x02\x05\x40\xf9\x01\x41\x00\x91\x6d\xfb\xff\x97\x06\x00\x00\x14\xe1\x03\x00\x91\xe0\x03\x13\xaa\xe3\x03\x1f\x2a" +
	"\xe4\x03\x1f\x2a\x0e\x00\x00\x94\x94\x06\x00\xf1\x21\xfe\xff\x54\xf3\x07\x40\xa9\xe2\x0b\x40\xf9\x02\x00\x00\x14\xe2\x03\x1f\xaa" +
	"\xe0\x03\x13\xaa\xe9\xfd\xff\x97\xf4\x4f\x44\xa9\xf6\x57\x43\xa9\xfd\x7b\x42\xa9\xff\x43\x01\x91\xc0\x03\x5f\xd6\xff\x43\x05\xd1" +
	"\xf4\x4f\x14\xa9\xf3\x03\x01\xaa\x9f\x04\x01\x71\xfd\x7b\x0f\xa9\xfd\xc3\x03\x91\xfc\x6f\x10\xa9\xfa\x67\x11\xa9\xf8\x5f\x12\xa9" +
	"\xf6\x57\x13\xa9\xab\x00\x00\x54\x61\xe8\x03\x70\xe0\x03\x13\xaa\x62\x00\x80\x52\x6a\x00\x00\x14\x48\xfc\x70\xd3\x09\xff\x8f\x52" +
	"\x8a\xff\x8f\x52\xf4\x03\x00\xaa\x1f\x01\x09\xeb\xe9\x17\x9f\x1a\x55\xbc\x40\xf2\xe9\x03\x89\x1a\x1f\x01\x0a\xeb\xe0\x03\x00\x54" +
	"\xc9\x03\x00\x35\x89\xff\x9f\x52\xf6\x03\x04\x2a\x1f\x01\x09\x6b\x6d\x0c\x00\x54\xa9\xff\x9f\x52\x1f\x01\x09\x6b\x60\x11\x00\x54" +
	"\xc9\xff\x9f\x52\x1f\x01\x09\x6b\x80\x1d\x00\x54\xe9\xff\x9f\x52\x1f\x01\x09\x6b\x01\x1f\x00\x54\x01\xec\x03\x50\xe0\x03\x13\xaa" +
	"\xc2\x00\x80\x52\x2f\xfb\xff\x97\xe0\x03\x13\xaa\xe1\x03\x15\xaa\xe2\x03\x1f\x2a\x45\x05\x00\x94\xe0\x03\x13\xaa\x21\x00\x80\x52" +
	"\x3a\x15\x00\x94\x69\xa2\x40\xa9\x0a\x05\x00\x91\x6a\x0a\x00\xf9\x2a\x05\x80\x52\xd0\x00\x00\x14\xe0\x03\x14\xaa\xe1\x03\x02\xaa" +
	"\x83\x07\x00\x94\xf4\x03\x00\xaa\xe0\x03\x13\xaa\xe1\x00\x80\x52\x2e\x15\x00\x94\x6a\xa6\x40\xa9\xe8\x03\x1f\xaa\x49\x01\x09\x8b" +
	"\x0a\xda\x03\x50\x4b\x69\x68\x38\x2b\x69\x28\x38\x08\x05\x00\x91\x1f\x1d\x00\xf1\x81\xff\xff\x54\x68\x0a\x40\xf9\x8a\xbe\x40\x92" +
	"\xe9\x03\x1f\xaa\x41\x41\x00\x91\x08\x1d\x00\x91\x68\x0a\x00\xf9\x28\xf6\x03\x10\x42\x05\x40\xf9\xec\x03\x08\xaa\x4a\x04\x00\x91" +
	"\x2e\x05\x00\x91\xed\x03\x0c\xaa\xeb\x03\x09\xaa\xaf\x15\x40\x38\xe9\x03\x0e\xaa\x6b\x05\x00\x91\xce\x05\x00\x91\x8f\xff\xff\x35" +
	"\xed\x03\x1f\xaa\x8e\x69\x6d\x38\xad\x05\x00\x91\xce\xff\xff\x35\x5f\x01\x0d\xeb\x61\x01\x00\x54\xed\x03\x01\xaa\xee\x03\x02\xaa" +
	"\xe2\x01\x00\xb4\xaf\x15\x40\x38\x90\x15\x40\x38\xff\x01\x10\x6b\x81\x00\x00\x54\xce\x05\x00\xf1\x61\xff\xff\x54\x08\x00\x00\x14" +
	"\x0b\x69\x69\x38\x29\x05\x00\x91\xcb\xff\xff\x35\x3f\xa5\x03\xf1\x0c\x01\x09\x8b\x6d\xfc\xff\x54\x08\x00\x00\x14\xe9\x03\x1f\xaa" +
	"\x0a\x01\x09\x8b\x29\x05\x00\x91\x4a\x69\x6b\x38\xaa\xff\xff\x35\x22\x05\x00\xd1\x01\x01\x0b\x8b\xe0\x03\x13\xaa\xf4\x4f\x54\xa9" +
	"\xf6\x57\x53\xa9\xf8\x5f\x52\xa9\xfa\x67\x51\xa9\xfc\x6f\x50\xa9\xfd\x7b\x4f\xa9\xff\x43\x05\x91\xda\xfa\xff\x17\x69\xff\x9f\x52" +
	"\x1f\x01\x09\x6b\x20\x12\x00\x54\x89\xff\x9f\x52\x1f\x01\x09\x6b\x21\x13\x00\x54\xe0\x03\x13\xaa\x21\x00\x80\x52\xe3\x14\x00\x94" +
	"\x69\xa2\x40\xa9\x0a\x05\x00\x91\x6a\x0a\x00\xf9\x6a\x0b\x80\x52\x2a\x69\x28\x38\xa8\x06\x40\xf9\x88\x02\x00\xb4\xf8\x03\x1f\xaa" +
	"\x57\xd3\x03\x50\xb8\x00\x00\xb4\xe0\x03\x13\xaa\xe1\x03\x17\xaa\x42\x00\x80\x52\xc3\xfa\xff\x97\xa8\x0e\x40\xf9\xc4\x06\x00\x11" +
	"\xe0\x03\x14\xaa\xe1\x03\x13\xaa\x23\x00\x80\x52\x08\x0d\x18\x8b\x02\x05\x40\xf9\x62\xff\xff\x97\xa8\x06\x40\xf9\x18\x07\x00\x91" +
	"\x1f\x03\x08\xeb\x03\xfe\xff\x54\xe0\x03\x13\xaa\x21\x00\x80\x52\xc6\x14\x00\x94\x69\xa2\x40\xa9\x0a\x05\x00\x91\x6a\x0a\x00\xf9" +
	"\xaa\x0b\x80\x52\x5c\x00\x00\x14\xe0\x03\x13\xaa\x21\x00\x80\x52\xbe\x14\x00\x94\x69\xa2\x40\xa9\x0a\x05\x00\x91\x6a\x0a\x00\xf9" +
	"\x6a\x0f\x80\x52\x2a\x69\x28\x38\xa8\x0a\x40\xf9\x68\x09\x00\xb4\xaa\x12\x40\xf9\xfa\x1f\x80\xd2\xf9\x03\x1f\xaa\x29\x00\x80\x52" +
	"\x1a\xff\xef\xf2\x7c\xff\x9f\x52\x5b\x21\x00\x91\x18\xe5\x03\x10\x2a\xef\x7c\xd3\x62\x6b\x6a\xf8\x5f\x00\x1a\xeb\x80\x07\x00\x54" +
	"\x37\xfb\x7f\xd3\xc9\x00\x00\xb5\xe0\x03\x13\xaa\xe1\xcc\x03\x50\x42\x00\x80\x52\x93\xfa\xff\x97\x62\x7b\x77\xf8\x9f\xc3\x42\xeb" +
	"\x21\x04\x00\x54\x49\xbc\x40\x92\x28\x05\x40\xf9\xc8\x03\x00\xb4\x21\x41\x00\x91\x29\x00\x40\x39\x29\xc1\x00\x51\x3f\x29\x00\x71" +
	"\x23\x03\x00\x54\xea\x03\x1f\x2a\xe9\x03\x1f\xaa\x2b\x68\xe9\x38\x7f\x7d\x01\x71\x40\x01\x00\x54\x2b\x01\xf8\x37\x6b\x1d\x00\x12" +
	"\x6c\xc1\x00\x51\x9f\x29\x00\x71\xa3\x00\x00\x54\x6b\x01\x1b\x32\x6b\x85\x01\x51\x7f\x65\x00\x71\xc8\x00\x00\x54\x29\x05\x00\x91" +
	"\x3f\x01\x08\xeb\xea\x37\x9f\x1a\x1f\x01\x09\xeb\x01\xfe\xff\x54\xaa\x00\x00\x36\xe0\x03\x13\xaa\xe2\x03\x08\xaa\x71\xfa\xff\x97" +
	"\x06\x00\x00\x14\xc4\x06\x00\x11\xe0\x03\x14\xaa\xe1\x03\x13\xaa\x23\x00\x80\x52\x12\xff\xff\x97\xe0\x03\x13\xaa\xe1\x03\x18\xaa" +
	"\x42\x00\x80\x52\x67\xfa\xff\x97\x68\x0f\x17\x8b\xc4\x06\x00\x11\xe0\x03\x14\xaa\xe1\x03\x13\xaa\x23\x00\x80\x52\x02\x05\x40\xf9" +
	"\x07\xff\xff\x97\xa8\x0a\x40\xf9\xe9\x03\x1f\xaa\x39\x07\x00\x91\x3f\x03\x08\xeb\xe3\xf7\xff\x54\xe0\x03\x13\xaa\x21\x00\x80\x52" +
	"\x6a\x14\x00\x94\x69\xa2\x40\xa9\x0a\x05\x00\x91\x6a\x0a\x00\xf9\xaa\x0f\x80\x52\x2a\x69\x28\x38\xf4\x4f\x54\xa9\xf6\x57\x53\xa9" +
	"\xf8\x5f\x52\xa9\xfa\x67\x51\xa9\xfc\x6f\x50\xa9\xfd\x7b\x4f\xa9\xff\x43\x05\x91\xc0\x03\x5f\xd6\x01\xc8\x03\x70\xe0\x03\x13\xaa" +
	"\x82\x00\x80\x52\x66\xff\xff\x17\x03\x06\x00\x34\xe0\x03\x13\xaa\xf4\x4f\x54\xa9\xf6\x57\x53\xa9\xe1\x03\x02\xaa\xf8\x5f\x52\xa9" +
	"\xfa\x67\x51\xa9\xfc\x6f\x50\xa9\xfd\x7b\x4f\xa9\xff\x43\x05\x91\x02\x0d\x00\x14\x09\xff\x9f\x92\x08\x01\x09\x8b\x1f\x09\x00\xf1" +
	"\x02\x03\x00\x54\xe1\x23\x00\x91\xe0\x03\x02\xaa\xf5\x23\x00\x91\xf4\x15\x00\x94\xe8\x17\x40\xf9\x1f\x05\x00\xf1\xc1\x03\x00\x54" +
	"\xe8\x13\x40\xf9\x08\x01\x40\xf9\x1f\x05\x00\xf1\x41\x03\x00\x54\xe8\x1b\x40\xb9\x28\x01\x00\x34\xe0\x03\x13\xaa\x21\x00\x80\x52" +
	"\x3a\x14\x00\x94\x69\xa2\x40\xa9\x0a\x05\x00\x91\x6a\x0a\x00\xf9\xaa\x05\x80\x52\x2a\x69\x28\x38\xe2\x23\x00\x91\xaf\x00\x00\x14" +
	"\xe0\x03\x13\xaa\xf4\x4f\x54\xa9\xf6\x57\x53\xa9\x40\x00\x67\x9e\xf8\x5f\x52\xa9\xfa\x67\x51\xa9\xfc\x6f\x50\xa9\xfd\x7b\x4f\xa9" +
	"\xff\x43\x05\x91\xe3\x19\x00\x14\xa2\x06\x40\xf9\xa1\x42\x00\x91\x32\xff\xff\x17\xe8\x1b\x40\xb9\x28\x01\x00\x34\xe0\x03\x13\xaa" +
	"\x21\x00\x80\x52\x21\x14\x00\x94\x69\xa2\x40\xa9\x0a\x05\x00\x91\x6a\x0a\x00\xf9\xaa\x05\x80\x52\x2a\x69\x28\x38\xa0\x82\xc1\x3c" +
	"\xa1\x83\x00\xd1\xe3\x03\x01\x91\xe0\x03\x14\xaa\x42\x00\x80\x52\xa0\x03\x9e\x3c\x30\x17\x00\x94\xe8\x23\x40\xf9\x68\x00\x00\xb4" +
	"\xf6\x03\x1f\xaa\x0b\x00\x00\x14\xf6\x03\x1f\xaa\xa0\x07\x3e\xa9\xa1\x83\x00\xd1\xe3\x03\x01\x91\xe0\x03\x14\xaa\x42\x00\x80\x52" +
	"\xd6\x06\x00\x91\x24\x17\x00\x94\xe8\x23\x40\xf9\x08\xff\xff\xb4\xa1\x83\x00\xd1\xe3\x03\x01\x91\xe0\x03\x14\xaa\xa2\x00\x80\x52" +
	"\x1d\x17\x00\x94\xe8\x23\x40\xf9\x88\x00\x00\xb4\xb8\x83\x5e\xf8\xf7\x03\x1f\xaa\x0c\x00\x00\x14\xf7\x03\x1f\xaa\xf8\x03\x01\xaa" +
	"\xa0\x07\x3e\xa9\xa1\x83\x00\xd1\xe3\x03\x01\x91\xe0\x03\x14\xaa\xa2\x00\x80\x52\xf7\x06\x00\x91\x0f\x17\x00\x94\xe8\x23\x40\xf9" +
	"\xe8\xfe\xff\xb4\x1f\x07\x00\xf1\xe1\x0b\x00\x54\xa8\x03\x5e\xf8\x08\x01\x40\xf9\x1f\x05\x00\xf1\x61\x0b\x00\x54\xe0\x03\x14\xaa" +
	"\x21\x00\x80\x52\x42\x00\x80\x52\x38\x00\x80\x52\x78\x04\x00\x94\x18\x8c\x00\xf8\x21\x00\x80\x52\xa0\x63\x3d\xa9\xe0\x03\x14\xaa" +
	"\x42\x00\x80\x52\x72\x04\x00\x94\xdf\x02\x17\xeb\x48\x01\x80\x52\xd6\x82\x97\x9a\x08\x8c\x00\xf8\xa0\x63\x3c\xa9\x36\x01\x00\xb4" +
	"\xf7\x03\x16\xaa\xa1\xc3\x00\xd1\xa2\x03\x01\xd1\xe0\x03\x14\xaa\x03\x18\x00\x94\xf7\x06\x00\xf1\xa0\x07\x3d\xa9\x41\xff\xff\x54" +
	"\xe1\x23\x00\x91\xa2\xc3\x00\xd1\xe0\x03\x14\xaa\xfc\x17\x00\x94\xa0\x07\x3b\xa9\xa1\x43\x01\xd1\xa2\x62\x00\x91\xa3\x83\x01\xd1" +
	"\xa4\xc3\x01\xd1\xe0\x03\x14\xaa\xc0\x15\x00\x94\xa1\x83\x01\xd1\xa2\xc3\x00\xd1\xe3\xc3\x01\x91\xe4\x83\x01\x91\xe0\x03\x14\xaa" +
	"\xba\x15\x00\x94\xe2\xc3\x01\x91\xe0\x03\x14\xaa\xe1\x03\x13\xaa\x69\x1b\x00\x94\xe0\x03\x13\xaa\x21\x00\x80\x52\xbb\x13\x00\x94" +
	"\x69\xa2\x40\xa9\xd5\x82\x00\x91\xe0\x03\x14\xaa\xe1\x03\x15\xaa\xf4\x23\x00\xf9\x0a\x05\x00\x91\x6a\x0a\x00\xf9\xca\x05\x80\x52" +
	"\x2a\x69\x28\x38\x32\x11\x00\x94\xe0\xff\x04\xa9\xe1\x03\x01\x91\xe2\x83\x01\x91\xe0\x03\x14\xaa\xf5\x2f\x00\xf9\x56\x1b\x00\x94" +
	"\xf4\x2b\x40\xf9\xd5\x02\x14\xeb\x69\x01\x00\x54\x16\x06\x80\x52\xe0\x03\x13\xaa\x21\x00\x80\x52\xa4\x13\x00\x94\x69\xa2\x40\xa9" +
	"\xb5\x06\x00\xf1\x0a\x05\x00\x91\x6a\x0a\x00\xf9\x36\x69\x28\x38\x01\xff\xff\x54\xe1\x27\x40\xf9\xf4\x00\x00\xb4\x28\x04\x00\xd1" +
	"\x09\x69\x74\x38\x3f\xc1\x00\x71\x61\x00\x00\x54\x94\x06\x00\xf1\x81\xff\xff\x54\xe0\x03\x13\xaa\xe2\x03\x14\xaa\x81\xf9\xff\x97" +
	"\x2e\xff\xff\x17\xe2\x23\x00\x91\xe0\x03\x14\xaa\xe1\x03\x13\xaa\x39\x1b\x00\x94\xe0\x03\x13\xaa\x21\x00\x80\x52\x8b\x13\x00\x94" +
	"\x69\xa2\x40\xa9\xa2\x62\x00\x91\x0a\x05\x00\x91\x6a\x0a\x00\xf9\xea\x05\x80\x52\x2a\x69\x28\x38\xe0\x03\x14\xaa\xe1\x03\x13\xaa" +
	"\x2d\x1b\x00\x94\x1d\xff\xff\x17\xff\xc3\x01\xd1\xf8\x5f\x04\xa9\xf7\x03\x02\xaa\x22\x02\x80\x52\xf4\x4f\x06\xa9\xf4\x03\x01\xaa" +
	"\x21\x00\x80\x52\xfd\x7b\x02\xa9\xfd\x83\x00\x91\xf3\x03\x00\xaa\xf9\x1b\x00\xf9\xf6\x57\x05\xa9\xf5\x03\x04\xaa\xf6\x03\x03\xaa" +
	"\xe0\x03\x00\xf9\x02\x04\x00\x94\x00\xe4\x00\x6f\xe8\x03\x1f\xaa\x09\x20\x00\x91\x20\x69\xa8\x3c\x08\x41\x00\x91\x1f\x01\x02\xf1" +
	"\xa1\xff\xff\x54\x68\x98\x03\x10\xe9\x07\x00\xf9\x00\x01\xc0\x3d\xe0\x07\x80\x3d\x96\x02\x00\xb4\xf8\x03\x1f\xaa\x19\x04\x80\x52" +
	"\x18\x01\x00\xb4\xe0\x03\x00\x91\x21\x00\x80\x52\x5f\x13\x00\x94\xe9\xa3\x40\xa9\x0a\x05\x00\x91\xea\x0b\x00\xf9\x39\x69\x28\x38" +
	"\xe2\x7a\x78\xf8\xe1\x03\x00\x91\xe0\x03\x13\xaa\xe3\x03\x1f\x2a\xe4\x03\x1f\x2a\xea\xfd\xff\x97\x18\x07\x00\x91\xdf\x02\x18\xeb" +
	"\x01\xfe\xff\x54\x35\x01\x00\xb4\xe0\x03\x00\x91\x21\x00\x80\x52\x4e\x13\x00\x94\xe9\xa3\x40\xa9\x0a\x05\x00\x91\xea\x0b\x00\xf9" +
	"\x4a\x01\x80\x52\x2a\x69\x28\x38\xe2\x8f\x40\xa9\xe0\x03\x13\xaa\xe1\x03\x14\xaa\x09\x00\x00\x94\xf4\x4f\x46\xa9\xe0\x03\x1f\xaa" +
	"\xf6\x57\x45\xa9\xf9\x1b\x40\xf9\xf8\x5f\x44\xa9\xfd\x7b\x42\xa9\xff\xc3\x01\x91\xc0\x03\x5f\xd6\xfd\x7b\xbb\xa9\xf6\x57\x03\xa9" +
	"\x3f\x04\x00\xf1\xf5\x03\x00\xaa\xf4\x4f\x04\xa9\xf3\x03\x03\xaa\xf4\x03\x02\xaa\xf9\x0b\x00\xf9\xfd\x03\x00\x91\xf8\x5f\x02\xa9" +
	"\x01\x05\x00\x54\x73\x08\x00\xb4\x16\x52\x90\x52\x89\x5a\x90\x52\x18\x00\x82\x52\xa8\x6a\x76\xf8\xb7\x02\x09\x8b\x1f\x05\x40\xf1" +
	"\xe1\x01\x00\x54\xf9\x03\x1f\xaa\xa8\x6a\x76\xf8\x03\x01\x19\xeb\x29\x01\x00\x54\xa0\x02\x40\xf9\xe2\x02\x19\x8b\x21\x00\x80\x52" +
	"\x08\x00\x40\xf9\x00\x01\x3f\xd6\x1f\x00\x00\xf1\x19\x00\x19\x8b\xcc\xfe\xff\x54\xe8\x03\x1f\xaa\xbf\x6a\x36\xf8\x09\x03\x08\xcb" +
	"\xe8\x02\x08\x8b\xea\x03\x14\xaa\x3f\x01\x13\xeb\x29\x31\x93\x9a\xeb\x03\x09\xaa\x4c\x15\x40\x38\x6b\x05\x00\xf1\x0c\x15\x00\x38" +
	"\xa1\xff\xff\x54\xa8\x6a\x76\xf8\x73\x02\x09\xeb\x94\x02\x09\x8b\x08\x01\x09\x8b\xa8\x6a\x36\xf8\x21\xfc\xff\x54\x1d\x00\x00\x14" +
	"\x88\x5a\x90\x52\xf6\x03\x01\xaa\xf7\x03\x1f\xaa\x18\x52\x90\x52\xb9\x02\x08\x8b\xa8\x6a\x78\xf8\x03\x01\x17\xeb\x29\x01\x00\x54" +
	"\xa0\x02\x40\xf9\x22\x03\x17\x8b\x21\x00\x80\x52\x08\x00\x40\xf9\x00\x01\x3f\xd6\x1f\x00\x00\xf1\x17\x00\x17\x8b\xcc\xfe\xff\x54" +
	"\xbf\x6a\x38\xf8\x73\x01\x00\xb4\xa0\x02\x40\xf9\xe1\x03\x16\xaa\xe2\x03\x14\xaa\xe3\x03\x13\xaa\x08\x00\x40\xf9\x00\x01\x3f\xd6" +
	"\x1f\x00\x00\xf1\x94\x02\x00\x8b\x73\x02\x00\xcb\xcc\xfe\xff\x54\xf4\x4f\x44\xa9\xf9\x0b\x40\xf9\xf6\x57\x43\xa9\xf8\x5f\x42\xa9" +
	"\xfd\x7b\xc5\xa8\xc0\x03\x5f\xd6\xff\xc3\x04\xd1\x68\xff\x9f\x52\xf6\x57\x11\xa9\xf6\x03\x01\xaa\xf4\x4f\x12\xa9\x1f\xc1\x41\xeb" +
	"\xf3\x03\x00\xaa\xeb\x2b\x0b\x6d\xe9\x23\x0c\x6d\xfd\x7b\x0d\xa9\xfd\x43\x03\x91\xfc\x6f\x0e\xa9\xfa\x67\x0f\xa9\xf8\x5f\x10\xa9" +
	"\x21\x3d\x00\x54\xf5\x03\x02\xaa\xe0\x03\x13\xaa\x21\x00\x80\x52\x22\x02\x80\x52\xf4\x03\x03\xaa\xb3\x03\x1a\xf8\x64\x03\x00\x94" +
	"\x00\xe4\x00\x6f\xe8\x03\x1f\xaa\x01\x20\x00\x91\x20\x68\xa8\x3c\x08\x41\x00\x91\x1f\x01\x02\xf1\xa1\xff\xff\x54\xa9\x84\x03\x10" +
	"\xc8\xbe\x40\x92\xa1\x83\x1a\xf8\x20\x01\xc0\x3d\x18\x05\x40\xf9\xa0\x03\x9b\x3c\xb8\x3c\x00\xb4\x08\xe4\x00\x2f\x19\x41\x00\x91" +
	"\x1c\x45\x00\x91\x68\x84\x03\x10\x09\x10\x6c\x1e\x0a\x10\x6e\x1e\x2b\x00\xc5\xd2\x00\x01\xc0\x3d\xf5\x17\x00\xf9\xf5\x03\x1f\xaa" +
	"\x1b\x07\x00\xd1\x2a\x00\x80\x52\x2b\x00\xe0\xf2\x4c\x01\x80\x52\xf4\x7f\x04\xa9\xe0\x0f\x80\x3d\xa8\x06\x00\x91\x34\x6b\x75\x38" +
	"\x1f\x01\x18\xeb\xa0\x02\x00\x54\x9f\x96\x00\x71\x61\x02\x00\x54\x1f\x01\x18\xeb\x02\x04\x00\x54\xf7\x03\x1f\x2a\xf4\x03\x1f\x2a" +
	"\x88\x6b\x75\x38\x49\x21\xc8\x9a\x1f\xc1\x00\x71\x29\x01\x0b\x8a\x24\x99\x40\xfa\xc0\x0b\x00\x54\x1f\xb5\x00\x71\xb5\x06\x00\x91" +
	"\x94\x16\x9f\x1a\x1f\xc1\x00\x71\xf7\x16\x9f\x1a\x7f\x03\x15\xeb\x81\xfe\xff\x54\xba\x01\x00\x14\xa0\x83\x01\xd1\x21\x00\x80\x52" +
	"\x9a\x12\x00\x94\xa9\xa3\x7a\xa9\x0a\x05\x00\x91\x34\x69\x28\x38\xaa\x03\x1b\xf8\xb5\x06\x00\x91\x2b\x00\xc5\xd2\x2a\x00\x80\x52" +
	"\xbf\x02\x18\xeb\x2b\x00\xe0\xf2\x4c\x01\x80\x52\x63\xfb\xff\x54\xab\x01\x00\x14\xf4\x03\x1f\x2a\xf7\x03\x1f\x2a\xf5\x03\x08\xaa" +
	"\xbf\x02\x18\xeb\x82\x01\x00\x54\xf6\x03\x1f\x2a\x28\x6b\x75\x38\x09\xc1\x00\x51\x3f\x25\x00\x71\x28\x01\x00\x54\xc8\x22\x0c\x1b" +
	"\xb5\x06\x00\x91\x1f\x03\x15\xeb\x16\xc1\x00\x51\x01\xff\xff\x54\x9b\x01\x00\x14\xf6\x03\x1f\x2a\x12\x00\x00\x14\x1f\xb9\x00\x71" +
	"\x01\x02\x00\x54\xa8\x06\x00\x91\x1f\x01\x18\xeb\x22\x0b\x00\x54\xfa\x03\x1f\x2a\x88\x6b\x75\x38\x09\xc1\x00\x51\x3f\x25\x00\x71" +
	"\x48\x12\x00\x54\x48\x23\x0c\x1b\xa9\x0a\x00\x91\xb5\x06\x00\x91\x3f\x01\x18\xeb\x1a\xc1\x00\x51\xe3\xfe\xff\x54\x88\x01\x00\x14" +
	"\x1a\x00\x80\x12\xbf\x02\x18\xeb\x22\x01\x00\x54\x28\x6b\x75\x38\x08\x01\x1e\x32\x1f\xb1\x01\x71\xa1\x00\x00\x54\xb5\x06\x00\x91" +
	"\x1f\x03\x15\xeb\x41\xff\xff\x54\x7d\x01\x00\x14\xbf\x02\x18\xeb\x60\x2f\x00\x54\x2a\x6b\x75\x38\x5f\x95\x00\x71\x41\x01\x00\x54" +
	"\xa0\x83\x01\xd1\x21\x00\x80\x52\x58\x12\x00\x94\xa9\xa3\x7a\xa9\x0a\x05\x00\x91\xaa\x03\x1b\xf8\xaa\x04\x80\x52\x2a\x69\x28\x38" +
	"\xbd\xff\xff\x17\xe8\x27\x44\xa9\xea\x27\x00\xb9\x3f\x01\x08\xeb\x22\x01\x00\x54\xe8\x17\x40\xf9\x08\x79\x69\xf8\xe8\x0f\x00\xf9" +
	"\x28\x05\x00\x91\xe8\x27\x00\xf9\x07\x00\x00\x14\xb5\x06\x00\x91\xbc\xff\xff\x17\x08\xe0\x8c\xd2\x48\x2e\xac\xf2\x08\xff\xef\xf2" +
	"\xe8\x0f\x00\xf9\xe0\x03\x13\xaa\x21\x00\x80\x52\xa2\x00\x80\x52\xf3\x2b\x00\xf9\xce\x02\x00\x94\x00\xe4\x00\x6f\xe9\x27\x40\xb9" +
	"\x3f\x91\x01\x71\x00\x8c\x80\x3c\x00\x04\x80\x3d\xe0\x0f\xc0\x3d\xe0\x2f\x00\xf9\xe0\x1b\x80\x3d\x8d\x01\x00\x54\x3f\xc1\x01\x71" +
	"\xec\x02\x00\x54\x28\x95\x01\x51\xe2\x0f\x40\xf9\x1f\x09\x00\x71\xc3\x06\x00\x54\x3f\x9d\x01\x71\xe0\x03\x00\x54\x3f\xa5\x01\x71" +
	"\xc0\x02\x00\x54\x7d\x00\x00\x14\x3f\x85\x01\x71\x0d\x04\x00\x54\xe2\x0f\x40\xf9\x3f\x89\x01\x71\xc0\x0b\x00\x54\x3f\x8d\x01\x71" +
	"\xa0\x0d\x00\x54\x3f\x91\x01\x71\x80\x01\x00\x54\x73\x00\x00\x14\xfa\x03\x1f\x2a\xf5\x03\x08\xaa\xb3\xff\xff\x17\xe2\x0f\x40\xf9" +
	"\x3f\xc5\x01\x71\x00\x0c\x00\x54\x3f\xe1\x01\x71\xa0\x02\x00\x54\x3f\xd5\x01\x71\x21\x0d\x00\x54\x40\x00\x67\x9e\x00\x20\x60\x1e" +
	"\xe6\x21\x00\x54\xe0\x03\x13\xaa\x81\x00\x80\x52\x3c\x01\x00\x94\xe2\x03\x00\xaa\xe1\x43\x01\x91\xe0\x03\x13\xaa\xe3\x03\x1f\x2a" +
	"\xe4\x03\x1f\x2a\x9e\xfc\xff\x97\xb3\x00\x00\x14\xe2\x0f\x40\xf9\x3f\x19\x01\x71\xa0\x01\x00\x54\x3f\x61\x01\x71\xe1\x0a\x00\x54" +
	"\xe0\x03\x13\xaa\xe1\x03\x02\xaa\xfa\x03\x09\x2a\x00\xf2\xff\x97\x5f\x63\x01\x71\xe1\x03\x00\xaa\xe0\x43\x01\x91\xe2\x17\x9f\x1a" +
	"\x02\x02\x00\x94\xa4\x00\x00\x14\x40\x00\x67\x9e\x00\x20\x60\x1e\x86\x1f\x00\x54\x5f\x7b\x00\x71\xc8\x03\x80\x52\xc9\x00\x80\x52" +
	"\x48\xb3\x88\x1a\x5f\x03\x00\x71\xe0\x03\x13\xaa\xe1\x03\x02\xaa\x3a\xb1\x88\x1a\x33\x07\x00\x94\x00\x20\x60\x1e\x06\x01\x00\x54" +
	"\x0b\x39\x60\x1e\x08\x20\x60\x1e\x08\xfe\xef\xd2\x02\x01\x67\x9e\x61\x4d\x60\x1e\x20\x20\x62\x1e\xc1\x00\x00\x54\xe0\x43\x01\x91" +
	"\x9c\x17\x00\x94\x8c\x00\x00\x14\xb5\x06\x00\x91\x76\xff\xff\x17\x08\x20\x60\x1e\x84\x00\x00\x54\x81\x01\x00\x54\x08\x00\x66\x9e" +
	"\x48\x01\xf8\xb6\xe0\x43\x01\x91\x21\x00\x80\x52\xd7\x11\x00\x94\xe9\xa3\x45\xa9\x60\x41\x60\x1e\x0a\x05\x00\x91\xea\x33\x00\xf9" +
	"\xaa\x05\x80\x52\x2a\x69\x28\x38\x5f\x07\x00\x71\xfa\x0f\x00\xf9\x2b\x06\x00\x54\xe9\x03\x1a\x2a\x28\x00\x80\x52\x08\x09\x08\x8b" +
	"\x29\x05\x00\x71\x08\xf9\x7f\xd3\xa1\xff\xff\x54\x2b\x00\x00\x14\xe1\x03\x02\xaa\x51\xf8\xff\x97\x1f\x00\x00\xf1\xe9\x75\x03\x30" +
	"\xaa\x80\x03\x30\xe8\x03\x1f\xaa\x41\x01\x89\x9a\x29\x68\x68\x38\x08\x05\x00\x91\xc9\xff\xff\x35\x02\x05\x00\xd1\xe0\x43\x01\x91" +
	"\x64\x00\x00\x14\xe1\x43\x01\x91\xe0\x03\x13\xaa\x23\x00\x80\x52\xac\xff\xff\x17\xe0\x03\x13\xaa\xe1\x03\x02\xaa\xb4\xf1\xff\x97" +
	"\xe8\x03\x00\xaa\xa0\xf3\x00\xd1\x01\x51\x40\x92\xde\x01\x00\x94\xe2\x03\x00\xaa\x55\x00\x00\x14\xe1\x43\x01\x91\xe0\x03\x13\xaa" +
	"\xe3\x03\x1f\x2a\xe4\x03\x1f\x2a\x3d\xfc\xff\x97\xe8\x27\x40\xb9\x1f\xcd\x01\x71\x01\x0a\x00\x54\xfa\x09\xf8\x37\xe8\x33\x40\xf9" +
	"\x1f\x41\x3a\xeb\x89\x09\x00\x54\xe8\x03\x1a\x2a\xe8\x33\x00\xf9\x49\x00\x00\x14\x28\x00\x80\x52\x09\x68\xe8\xd2\x01\xb8\xe1\x5e" +
	"\x22\x01\x67\x9e\x09\x68\xf8\xd2\x00\x20\x62\x1e\x22\x01\x67\x9e\x21\xd8\x61\x5e\x04\x44\x62\x1e\x02\x01\x63\x9e\x21\xcc\x60\x1e" +
	"\x00\x38\x61\x1e\x02\x08\x62\x1e\x40\xb8\xe1\x7e\x5a\x00\x79\x9e\x00\xd8\x61\x7e\x40\x38\x60\x1e\x00\x20\x69\x1e\x8c\x00\x00\x54" +
	"\x9a\x00\x00\x36\x00\x20\x69\x1e\x41\x00\x00\x54\x5a\x07\x00\x91\x20\x28\x6a\x1e\x5f\x03\x08\xeb\x09\x7e\xe8\xd2\xe8\x33\x88\x9a" +
	"\xe8\x0b\x00\xf9\x20\x3c\x60\x1e\x21\x01\x67\x9e\x00\x20\x61\x1e\xa5\x00\x00\x54\x01\x00\x79\x9e\xe0\x43\x01\x91\x54\x03\x00\x94" +
	"\x03\x00\x00\x14\xe0\x43\x01\x91\x32\x17\x00\x94\xe9\x0f\x40\xf9\x3f\x05\x00\x71\x0b\x04\x00\x54\xe8\x0b\x40\xf9\xe0\x43\x01\x91" +
	"\x21\x00\x80\x52\x5a\x03\x08\xcb\x70\x11\x00\x94\xe9\xa3\x45\xa9\xef\xe7\x02\xb2\x4d\x01\x80\x52\xae\xf3\x00\xd1\xaf\x99\x99\xf2" +
	"\x0a\x05\x00\x91\xea\x33\x00\xf9\xca\x05\x80\x52\x2a\x69\x28\x38\xe8\x0f\x40\xf9\xe2\x03\x08\xaa\x08\x05\x00\xd1\x49\x7f\xcf\x9b" +
	"\x0b\x05\x00\x91\x0c\x05\x00\xd1\x7f\x05\x00\xf1\x29\xfd\x43\xd3\x2a\xe9\x0d\x1b\xfa\x03\x09\xaa\x4a\x05\x1c\x32\xca\x69\x28\x38" +
	"\xe8\x03\x0c\xaa\xc8\xfe\xff\x54\xe0\x43\x01\x91\xa1\xf3\x00\xd1\x44\xf7\xff\x97\xda\x7e\x40\x93\xe9\x33\x40\xf9\x48\x03\x09\xeb" +
	"\xea\x33\x88\x9a\xea\x0f\x00\xf9\x54\x03\x00\x35\x3f\x01\x1a\xeb\xe2\x03\x09\xaa\x02\x03\x00\x54\xe8\x27\x40\xb9\xe9\xeb\x00\xa9" +
	"\x09\x06\x80\x52\x1f\xcd\x01\x71\x08\x04\x80\x52\xe4\x1a\x40\x7a\x3a\x11\x88\x1a\x5f\x05\x00\xf1\x56\x85\x9f\x9a\xa0\x83\x01\xd1" +
	"\x21\x00\x80\x52\x41\x11\x00\x94\xa9\xa3\x7a\xa9\xd6\x06\x00\xf1\x0a\x05\x00\x91\x3a\x69\x28\x38\xaa\x03\x1b\xf8\x01\xff\xff\x54" +
	"\xfa\x2b\x41\xa9\xe2\x33\x40\xf9\xe9\x07\x40\xf9\x02\x00\x00\x14\xe2\x03\x09\xaa\xe1\x2f\x40\xf9\x54\x03\x00\x35\x37\x03\x00\x34" +
	"\x3f\x01\x1a\xeb\xe2\x02\x00\x54\xc2\x02\x00\xb4\xe8\x27\x40\xb9\x1f\xcd\x01\x71\xe0\x04\x00\x54\x28\x00\x40\x39\x1f\xb5\x00\x71" +
	"\x81\x04\x00\x54\xa9\xa3\x7a\xa9\xa0\x83\x01\xd1\x08\x01\x0a\xcb\xaa\x05\x80\x52\x2a\x69\x28\x38\xe9\xa3\x45\xa9\x02\x05\x00\xd1" +
	"\x21\x05\x00\x91\x0f\xf7\xff\x97\xaa\xa3\x7a\xa9\xe9\x33\x40\xf9\x08\x01\x09\xcb\x09\x06\x80\x52\x49\x69\x28\x38\x86\xfe\xff\x17" +
	"\xa0\x83\x01\xd1\xf7\x03\x09\xaa\x06\xf7\xff\x97\x16\x04\x80\x52\x34\xd0\xff\x34\xff\x02\x1a\xeb\xe2\xcf\xff\x54\xf7\x0f\x40\xf9" +
	"\xff\x06\x00\xf1\xf4\x86\x9f\x9a\xa0\x83\x01\xd1\x21\x00\x80\x52\x0e\x11\x00\x94\xa9\xa3\x7a\xa9\x94\x06\x00\xf1\x0a\x05\x00\x91" +
	"\x36\x69\x28\x38\xaa\x03\x1b\xf8\x01\xff\xff\x54\x72\xfe\xff\x17\xa0\x83\x01\xd1\xf3\xf6\xff\x97\x6f\xfe\xff\x17\x08\xff\x9f\x92" +
	"\x08\xc1\x42\x8b\x1f\x09\x00\xf1\xe3\xdd\xff\x54\x48\x00\x41\xb2\x09\xff\xff\xd2\x1f\x01\x09\xeb\x60\xdd\xff\x54\xee\xfe\xff\x17" +
	"\x08\xff\x9f\x92\x08\xc1\x42\x8b\x1f\x09\x00\xf1\x43\xe0\xff\x54\x48\x00\x41\xb2\x09\xff\xff\xd2\x1f\x01\x09\xeb\xc0\xdf\xff\x54" +
	"\xe5\xfe\xff\x17\xe0\x03\x13\xaa\xe2\x03\x16\xaa\xe1\x65\x03\x30\xf4\x4f\x52\xa9\xe3\x03\x1f\xaa\xf6\x57\x51\xa9\xf8\x5f\x50\xa9" +
	"\xfa\x67\x4f\xa9\xfc\x6f\x4e\xa9\xfd\x7b\x4d\xa9\xe9\x23\x4c\x6d\xeb\x2b\x4b\x6d\xff\xc3\x04\x91\x97\xf6\xff\x17\xb3\x07\x7a\xa9" +
	"\xa2\x03\x5b\xf8\x02\x00\x00\x14\xe2\x03\x1f\xaa\xe0\x03\x13\xaa\x56\xf9\xff\x97\xf4\x4f\x52\xa9\xf6\x57\x51\xa9\xf8\x5f\x50\xa9" +
	"\xfa\x67\x4f\xa9\xfc\x6f\x4e\xa9\xfd\x7b\x4d\xa9\xe9\x23\x4c\x6d\xeb\x2b\x4b\x6d\xff\xc3\x04\x91\xc0\x03\x5f\xd6\xff\x03\x04\xd1" +
	"\x08\xff\x9f\x92\xf6\x57\x0e\xa9\xf5\x03\x02\xaa\x08\xc1\x42\x8b\xf4\x4f\x0f\xa9\xf4\x03\x01\x2a\xf3\x03\x00\xaa\xfd\x7b\x0d\xa9" +
	"\xfd\x43\x03\x91\x1f\x09\x00\xf1\xc3\x01\x00\x54\xa0\x02\x67\x9e\x08\x68\xf8\xd2\x02\x01\x67\x9e\x01\xb8\xe1\x5e\x00\x20\x62\x1e" +
	"\x21\xd8\x61\x5e\x0d\x08\x00\x54\x08\x68\xe8\xd2\x02\x01\x67\x9e\x00\x20\x62\x1e\x85\x07\x00\x54\x00\x20\x61\x1e\x41\x07\x00\x54" +
	"\xa1\xe3\x00\xd1\xe0\x03\x15\xaa\xb6\xe3\x00\xd1\x65\x12\x00\x94\x9f\x16\x00\x71\x61\x01\x00\x54\xbf\x83\x1d\xb8\xa0\x83\xdc\x3c" +
	"\xa3\x83\x5e\xf8\xa8\x8b\x7d\xa9\xa1\x43\x01\xd1\xe0\x03\x13\xaa\xa0\x03\x9b\x3c\xa8\x03\x1c\xf8\x66\x14\x00\x94\x73\x00\x00\x14" +
	"\xa8\x83\x5e\xf8\x1f\x05\x00\xf1\xa1\x00\x00\x54\xa8\x03\x5e\xf8\x08\x01\x40\xf9\x1f\x05\x00\xf1\xc0\x14\x00\x54\xa0\x83\xdc\x3c" +
	"\xa8\x83\x5d\xf8\x9f\x0e\x00\x71\xe1\x43\x01\x91\xe0\x17\x80\x3d\xe8\x33\x00\xf9\x81\x05\x00\x54\xe0\x03\x13\xaa\x22\x00\x80\x52" +
	"\xa0\x18\x00\x94\xe0\x07\x02\xa9\xc1\x62\x00\x91\xe0\x03\x13\xaa\x22\x00\x80\x52\x9b\x18\x00\x94\xe0\x87\x00\xa9\xe1\x83\x00\x91" +
	"\xc2\x62\x00\x91\xe0\x03\x13\xaa\x54\x15\x00\x94\xe0\x87\x03\xa9\xe1\xe3\x00\x91\xe2\x23\x00\x91\xa3\x43\x01\xd1\xe4\xa3\x01\x91" +
	"\xe0\x03\x13\xaa\xff\x4b\x00\xb9\x62\x12\x00\x94\xa8\x83\x5b\xf8\xe9\x63\x40\xb9\x1f\x01\x00\xf1\xe8\x03\x89\x1a\xa8\x03\x1c\xb8" +
	"\x47\x00\x00\x14\x00\x20\x60\x1e\x46\x10\x00\x54\x9f\x0a\x00\x71\xed\x05\x00\x54\x9f\x0e\x00\x71\xc0\x08\x00\x54\x9f\x12\x00\x71" +
	"\xe1\x0a\x00\x54\x08\x68\xe8\xd2\x02\x01\x67\x9e\x08\x68\xf8\xd2\x00\x20\x62\x1e\x02\x01\x67\x9e\x04\x44\x62\x1e\x20\xcc\x60\x1e" +
	"\x73\x00\x00\x14\xc2\x62\x00\x91\xa3\x43\x01\xd1\xe4\xa3\x01\x91\xe0\x03\x13\xaa\x47\x12\x00\x94\xe0\x03\x13\xaa\x21\x00\x80\x52" +
	"\x42\x00\x80\x52\x35\x00\x80\x52\xf9\x00\x00\x94\xe8\x63\x40\xb9\x9f\x06\x00\x71\xff\x4b\x00\xb9\x15\x8c\x00\xf8\xe0\xd7\x03\xa9" +
	"\x61\x03\x00\x54\x48\x03\x00\x34\xe0\x83\xc3\x3c\xe9\x27\x40\xf9\xa1\x43\x01\xd1\xe2\x83\x00\x91\xe0\x03\x13\xaa\xe0\x0b\x80\x3d" +
	"\xe8\x17\x40\xf9\xe9\x1b\x00\xf9\x1f\x01\x00\xf1\x20\x19\x40\x7a\xe8\x17\x9f\x1a\xe8\x33\x00\xb9\xe8\x23\x00\x91\xb0\x13\x00\x94" +
	"\xe0\x83\xc0\x3c\xe8\x0f\x40\xf9\x13\x00\x00\x14\x9f\x06\x00\x71\x01\x06\x00\x54\x08\x68\xe8\xd2\x02\x01\x67\x9e\x08\x68\xf8\xd2" +
	"\x00\x20\x62\x1e\x02\x01\x67\x9e\x43\x00\x00\x14\x9f\x0a\x00\x71\x61\x01\x00\x54\x48\x01\x00\x35\xe8\x83\x00\x91\xa1\x43\x01\xd1" +
	"\xe2\xe3\x00\x91\xe0\x03\x13\xaa\x9d\x13\x00\x94\xe0\x0b\xc0\x3d\xe8\x1b\x40\xf9\xa0\x03\x9b\x3c\xa8\x03\x1c\xf8\xa1\x43\x01\xd1" +
	"\xe0\x03\x13\xaa\xc6\x13\x00\x94\xf5\x03\x00\xaa\x39\x00\x00\x14\x01\x10\x6c\x1e\x08\x20\x60\x1e\xe5\x04\x00\x54\x20\x38\x60\x1e" +
	"\x08\x68\xe8\xd2\x02\x01\x67\x9e\x08\x68\xf8\xd2\x01\xb8\xe1\x5e\x00\x20\x62\x1e\x02\x01\x67\x9e\x04\x44\x62\x1e\x02\x10\x7e\x1e" +
	"\x21\xd8\x61\x5e\x21\xcc\x60\x1e\x22\x28\x62\x1e\x20\x20\x60\x1e\x40\xcc\x61\x1e\x01\xe4\x00\x2f\x15\x00\x00\x14\x01\xe4\x00\x2f" +
	"\x08\x20\x60\x1e\x21\x38\x60\x1e\x20\x4c\x60\x1e\x20\x00\x00\x14\x01\xe4\x00\x2f\x08\x68\xe8\xd2\x03\x01\x67\x9e\x08\x68\xf8\xd2" +
	"\x20\x38\x60\x1e\x02\xb8\xe1\x5e\x00\x20\x63\x1e\x03\x01\x67\x9e\x04\x44\x63\x1e\x03\x10\x7e\x1e\x42\xd8\x61\x5e\x42\xcc\x60\x1e" +
	"\x43\x28\x63\x1e\x40\x20\x60\x1e\x60\xcc\x62\x1e\x20\x38\x60\x1e\x0f\x00\x00\x14\x00\x28\x61\x1e\x08\x68\xe8\xd2\x02\x01\x67\x9e" +
	"\x08\x68\xf8\xd2\x01\xb8\xe1\x5e\x00\x20\x62\x1e\x02\x01\x67\x9e\x21\xd8\x61\x5e\x04\x44\x62\x1e\x02\x10\x7e\x1e\x21\xcc\x60\x1e" +
	"\x22\x28\x62\x1e\x20\x20\x60\x1e\x40\xcc\x61\x1e\x15\x00\x66\x9e\xe0\x03\x15\xaa\xf4\x4f\x4f\xa9\xf6\x57\x4e\xa9\xfd\x7b\x4d\xa9" +
	"\xff\x03\x04\x91\xc0\x03\x5f\xd6\xff\x03\x01\xd1\x29\x35\x03\x10\xaa\x4b\x03\x70\x5f\x00\x00\x71\xf4\x4f\x03\xa9\xf3\x03\x00\xaa" +
	"\xe8\x03\x1f\xaa\x49\x01\x89\x9a\xea\x03\x00\x91\xfd\x7b\x01\xa9\xf6\x57\x02\xa9\xfd\x43\x00\x91\x2b\x0c\x40\x92\x2c\xfc\x44\xd3" +
	"\x3f\x3c\x00\xf1\x2d\x69\x6b\x38\x0b\x05\x00\x91\x4d\x69\x28\x38\xe8\x03\x0b\xaa\xe1\x03\x0c\xaa\x08\xff\xff\x54\x74\x05\x00\xd1" +
	"\xf5\x03\x00\x91\xb6\x6a\x74\x38\xe0\x03\x13\xaa\x21\x00\x80\x52\xde\x0f\x00\x94\x69\xa2\x40\xa9\x94\x06\x00\xd1\x9f\x06\x00\xb1" +
	"\x0a\x05\x00\x91\x6a\x0a\x00\xf9\x36\x69\x28\x38\xc1\xfe\xff\x54\xf4\x4f\x43\xa9\xf6\x57\x42\xa9\xfd\x7b\x41\xa9\xff\x03\x01\x91" +
	"\xc0\x03\x5f\xd6\x3f\xfc\x01\xf1\x88\x00\x00\x54\x01\x00\x00\x39\x20\x00\x80\x52\xc0\x03\x5f\xd6\x3f\xfc\x1f\xf1\x28\x01\x00\x54" +
	"\x28\x7c\x46\xd3\x09\x10\x80\x52\x29\x14\x00\x33\x08\x05\x1a\x32\x08\x00\x00\x39\x09\x04\x00\x39\x40\x00\x80\x52\xc0\x03\x5f\xd6" +
	"\x28\xfc\x50\xd3\x88\x01\x00\xb5\x28\x7c\x4c\xd3\x09\x10\x80\x52\x0a\x10\x80\x52\x29\x2c\x06\x33\x2a\x14\x00\x33\x08\x09\x1b\x32" +
	"\x08\x00\x00\x39\x09\x04\x00\x39\x0a\x08\x00\x39\x60\x00\x80\x52\xc0\x03\x5f\xd6\x28\x7c\x52\xd3\x09\x10\x80\x52\x0a\x10\x80\x52" +
	"\x0b\x10\x80\x52\x29\x44\x0c\x33\x2a\x2c\x06\x33\x2b\x14\x00\x33\x08\x0d\x1c\x32\x08\x00\x00\x39\x09\x04\x00\x39\x0a\x08\x00\x39" +
	"\x0b\x0c\x00\x39\x80\x00\x80\x52\xc0\x03\x5f\xd6\xfd\x7b\xbe\xa9\xf4\x4f\x01\xa9\xf3\x03\x01\xaa\xe1\x03\x02\xaa\xe2\x03\x03\xaa" +
	"\xe3\x03\x04\xaa\xfd\x03\x00\x91\xf4\x03\x00\xaa\xb7\xfc\xff\x97\x0a\xfc\x70\xd3\x08\xff\x8f\x52\x8b\xff\x8f\x52\x5f\x01\x08\xeb" +
	"\xe9\x17\x9f\x1a\x08\xbc\x40\xf2\xe9\x03\x89\x1a\x5f\x01\x0b\xeb\x00\x01\x00\x54\xe9\x00\x00\x37\x03\x05\x40\xf9\x02\x41\x00\x91" +
	"\xe0\x03\x14\xaa\xe1\x03\x13\xaa\x54\xfc\xff\x97\xe0\x03\x1f\xaa\xf4\x4f\x41\xa9\xfd\x7b\xc2\xa8\xc0\x03\x5f\xd6\xfd\x7b\xbd\xa9" +
	"\xf6\x57\x01\xa9\xf5\x03\x02\xaa\xf6\x03\x01\xaa\x82\x10\x00\x91\xe1\x00\x80\x52\xf4\x4f\x02\xa9\xfd\x03\x00\x91\xf4\x03\x04\xaa" +
	"\xf3\x03\x03\xaa\x12\x00\x00\x94\x88\xf2\x7d\xd3\x16\xd4\x00\xa9\x14\x0c\x00\xf9\xe8\x00\x00\xb4\xe8\x0f\x14\xcb\x09\x80\x00\x91" +
	"\x6a\x16\x40\x38\x08\x05\x00\xb1\x2a\x15\x00\x38\xa3\xff\xff\x54\xc8\xff\xff\xd2\xf4\x4f\x42\xa9\x08\xbc\x40\xb3\xf6\x57\x41\xa9" +
	"\xe0\x03\x08\xaa\xfd\x7b\xc3\xa8\xc0\x03\x5f\xd6\xfd\x7b\xba\xa9\xfa\x67\x02\xa9\x19\x20\x40\x91\x48\x00\x80\x52\x29\x1f\x41\xf9" +
	"\x2a\x23\x41\xf9\x5f\x08\x00\xf1\xf6\x57\x04\xa9\xf6\x03\x02\xaa\x5a\x80\x88\x9a\xf4\x4f\x05\xa9\xf4\x03\x00\xaa\x3f\x01\x0a\xeb" +
	"\xf3\x03\x01\x2a\xfb\x0b\x00\xf9\xfd\x03\x00\x91\xf8\x5f\x03\xa9\x69\x00\x00\x54\xe0\x03\x14\xaa\xc9\x0f\x00\x94\xdf\x02\x01\xf1" +
	"\x08\x01\x00\x54\x88\x0e\x1a\x8b\x09\x05\x90\x52\x15\x69\x69\xf8\x95\x00\x00\xb4\xaa\x06\x40\xf9\x0a\x69\x29\xf8\xae\x00\x00\x14" +
	"\x28\x0b\x40\xf9\xa8\x00\x00\xb4\x15\xa9\x40\xa9\xa9\x0e\x1a\x8b\x3f\x01\x0a\xeb\x29\x0d\x00\x54\x35\x1b\x41\xf9\x3b\xc3\x08\x91" +
	"\x55\x02\x00\xb4\xa8\x02\x40\xf9\x08\xfd\x48\xd3\x1f\x01\x1a\xeb\xe0\x0d\x00\x54\x49\x0b\x00\x91\x1f\x01\x09\xeb\x82\x0d\x00\x54" +
	"\xea\x03\x15\xaa\xb5\x06\x40\xf9\x15\x01\x00\xb4\xa8\x02\x40\xf9\x08\xfd\x48\xd3\x1f\x01\x1a\xeb\x02\x11\x49\xfa\x23\xff\xff\x54" +
	"\x49\x21\x00\x91\x63\x00\x00\x14\x48\xff\x07\x91\x29\x07\x40\xf9\xdf\x02\x60\xf1\x08\xd9\x77\x92\x0a\x10\xa0\x52\x15\x81\x8a\x9a" +
	"\x3f\x01\x10\xf1\x61\x00\x00\x54\xe0\x03\x14\xaa\x82\x17\x00\x94\x80\x02\x40\xf9\xa1\xf2\x7d\xd3\x08\x14\x40\xf9\x00\x01\x3f\xd6" +
	"\x88\x02\x40\xf9\xaa\xfe\x43\xd3\xf8\x03\x00\xaa\x09\x15\x40\xf9\x41\x01\x7d\xb2\xe0\x03\x08\xaa\x20\x01\x3f\xd6\xf7\x03\x00\xaa" +
	"\x58\x00\x00\xb4\x77\x00\x00\xb5\xe0\x03\x14\xaa\x72\x17\x00\x94\x28\x07\x40\xf9\x2a\x0f\x40\xf9\x0b\x0f\x15\x8b\x89\x16\x08\x8b" +
	"\x0c\x05\x00\x91\x48\x05\x00\xd1\x1f\x01\x18\xeb\x2c\x07\x00\xf9\x38\x8d\x00\xf8\xe8\x03\x09\xaa\xea\x03\x09\xaa\x2b\x09\x00\xf9" +
	"\x18\x8d\x00\xf8\x57\x8d\x01\xf8\x43\x00\x00\x54\x38\x0f\x00\xf9\x2c\x13\x40\xf9\x9f\x01\x0b\xeb\x42\x00\x00\x54\x2b\x13\x00\xf9" +
	"\xdf\x02\x48\xf1\x28\x0a\x00\x54\x2e\x0b\x40\xf9\x4e\x0a\x00\xb4\xcb\xbd\x40\xa9\xf0\x03\x18\xaa\xed\x03\x18\xaa\xec\x01\x0b\xcb" +
	"\x9f\x25\x00\xf1\xcb\x09\x00\x54\xcd\x01\x40\xf9\x90\x02\x0c\x8b\x11\x05\x90\x52\xcf\x05\x00\xf9\xce\x0d\x40\xf9\x0f\x02\x11\x8b" +
	"\x6d\x01\x0d\xcb\x30\x00\x80\x52\x9f\x21\x08\xf1\xad\xfd\x43\x93\xef\x31\x9b\x9a\xa0\xfd\x43\xd3\x0d\x22\xcd\x9a\x11\xe4\x7d\x92" +
	"\xe0\x01\x40\xf9\xeb\x01\x00\xf9\xd0\x69\x71\xf8\xad\x01\x10\xaa\xcd\x69\x31\xf8\xed\x01\x80\x52\x60\x05\x00\xf9\xac\x15\x0c\xaa" +
	"\x0d\x01\x40\xf9\x30\x01\x40\xf9\x57\x01\x40\xf9\xf8\x03\x0d\xaa\x6c\x01\x00\xf9\x32\x00\x00\x14\x0a\x01\x40\xf9\x0c\x0d\x40\xf9" +
	"\x2d\x00\x80\x52\x09\x05\x00\xf9\xaa\x02\x0a\xcb\x4a\xfd\x43\x93\x4b\xfd\x43\xd3\xaa\x21\xca\x9a\x6b\xe5\x7d\x92\x8d\x69\x6b\xf8" +
	"\x48\x01\x0d\xaa\x88\x69\x2b\xf8\x33\x00\x00\x14\xe9\x03\x1b\xaa\xaa\x06\x40\xf9\x16\x01\x1a\xeb\x2a\x01\x00\xf9\xc9\x05\x00\x54" +
	"\xe0\x03\x14\xaa\xe1\x03\x15\xaa\xb7\x0e\x1a\x8b\x0d\x17\x00\x94\x08\x00\x40\xf9\x89\x0e\x16\x8b\x0a\x05\x90\x52\xdf\x06\x01\xf1" +
	"\x0c\x0c\x40\xf9\xed\x01\x80\x52\xe8\x02\x08\xcb\x29\x01\x0a\x8b\x2a\x00\x80\x52\x08\xfd\x43\x93\x29\x31\x9b\x9a\xad\x21\x16\xaa" +
	"\x2e\x01\x40\xf9\x37\x01\x00\xf9\x0b\xfd\x43\xd3\x48\x21\xc8\x9a\x6b\xe5\x7d\x92\x8a\x69\x6b\xf8\x08\x01\x0a\xaa\x88\x69\x2b\xf8" +
	"\xed\x3a\x00\xa9\x14\x00\x00\x14\xed\x03\x18\xaa\xf5\x03\x18\xaa\x06\x00\x00\x14\xf0\x03\x18\xaa\xed\x03\x18\xaa\xf5\x03\x18\xaa" +
	"\xf8\x03\x10\xaa\x29\x0b\x00\xf9\xa9\x01\x18\xcb\x2c\x00\x80\x52\xab\x0e\x1a\x8b\x29\xfd\x43\x93\x0b\x01\x00\xf9\x2a\xfd\x43\xd3" +
	"\x89\x21\xc9\x9a\x4a\xe5\x7d\x92\xec\x6a\x6a\xf8\x28\x01\x0c\xaa\xe8\x6a\x2a\xf8\x28\x1f\x41\xf9\xe9\x03\x13\x2a\xe0\x03\x15\xaa" +
	"\x29\x21\x1a\xaa\xf4\x4f\x45\xa9\x08\x01\x1a\x8b\xf8\x5f\x43\xa9\x28\x1f\x01\xf9\xfa\x67\x42\xa9\xa9\x02\x00\xf9\xf6\x57\x44\xa9" +
	"\xfb\x0b\x40\xf9\xfd\x7b\xc6\xa8\xc0\x03\x5f\xd6\xfd\x7b\xbe\xa9\xf3\x0b\x00\xf9\xf3\x03\x01\xaa\x01\x01\x80\x52\x42\x00\x80\x52" +
	"\xfd\x03\x00\x91\x22\xff\xff\x97\xe8\x03\x00\xaa\x00\xff\xff\xd2\x13\x05\x00\xf9\xf3\x0b\x40\xf9\x00\xbd\x40\xb3\xfd\x7b\xc2\xa8" +
	"\xc0\x03\x5f\xd6\xc8\xff\x9f\x52\x1f\xc1\x41\xeb\x01\x01\x00\x54\x28\xbc\x40\x92\x09\x09\x40\xf9\x2a\xfd\x60\xd3\x29\x7d\x40\x92" +
	"\x3f\x01\x02\xeb\x8a\x00\x00\xb5\x80\x00\x00\x54\xe0\x03\x1f\xaa\xc0\x03\x5f\xd6\xc8\xff\xff\x54\x00\x05\x40\xf9\xc0\x03\x5f\xd6" +
	"\xff\x43\x01\xd1\x28\xfc\x70\xd3\x09\xff\x8f\x52\xf6\x57\x03\xa9\x8a\xff\x8f\x52\xf4\x4f\x04\xa9\xf3\x03\x02\xaa\x1f\x01\x09\xeb" +
	"\xe2\x03\x01\xaa\xfd\x7b\x02\xa9\xe9\x17\x9f\x1a\x36\xbc\x40\xf2\xfd\x83\x00\x91\xe9\x03\x89\x1a\x1f\x01\x0a\xeb\xc0\x06\x00\x54" +
	"\xa9\x06\x00\x37\xc9\xff\x9f\x52\xf4\x03\x00\xaa\x1f\x01\x09\xeb\xe1\x06\x00\x54\xe0\x03\x14\xaa\x21\x00\x80\x52\x22\x01\x80\x52" +
	"\xf4\x03\x00\xf9\xf2\xfe\xff\x97\x00\xe4\x00\x6f\xa8\xf6\x02\x10\xa1\x19\x03\x70\xe2\x01\x80\x52\x00\x8c\x80\x3c\x00\x80\x00\xad" +
	"\x00\x0c\x80\x3d\x00\x01\xc0\x3d\xe0\x07\x00\xf9\xd5\x12\x40\xb9\xe0\x03\x00\x91\xe0\x07\x80\x3d\x42\xf4\xff\x97\xc8\x16\x40\xb9" +
	"\xa8\x00\x00\x34\xc1\x07\x03\x30\xe0\x03\x00\x91\x22\x01\x80\x52\x3c\xf4\xff\x97\xe0\x03\x00\x91\xe1\x03\x15\xaa\x24\x00\x00\x94" +
	"\x29\x07\x03\x70\x8a\xfe\x02\x10\xbf\x06\x00\xf1\xe8\x03\x1f\xaa\x41\x01\x89\x9a\x29\x68\x68\x38\x08\x05\x00\x91\xc9\xff\xff\x35" +
	"\x02\x05\x00\xd1\xe0\x03\x00\x91\x2e\xf4\xff\x97\xe0\x03\x00\x91\xe1\x03\x13\xaa\x16\x00\x00\x94\xe1\x8b\x40\xa9\xe0\x03\x14\xaa" +
	"\xf4\x4f\x44\xa9\xf6\x57\x43\xa9\xfd\x7b\x42\xa9\xff\x43\x01\x91\x37\x00\x00\x14\xf4\x4f\x44\xa9\xe0\x03\x02\xaa\xf6\x57\x43\xa9" +
	"\xfd\x7b\x42\xa9\xff\x43\x01\x91\xc0\x03\x5f\xd6\xe0\x03\x14\xaa\xf4\x4f\x44\xa9\xf6\x57\x43\xa9\x01\x0e\x03\x10\xfd\x7b\x42\xa9" +
	"\xe3\x03\x1f\xaa\xff\x43\x01\x91\xdb\xf3\xff\x17\xff\x43\x01\xd1\xe9\xe7\x02\xb2\xf4\x4f\x04\xa9\xf3\x03\x00\xaa\xe8\x03\x1f\xaa" +
	"\xa9\x99\x99\xf2\x4a\x01\x80\x52\xeb\x23\x00\x91\xfd\x7b\x02\xa9\xfd\x83\x00\x91\xf6\x57\x03\xa9\x2c\x7c\xc9\x9b\x3f\x24\x00\xf1" +
	"\x8d\xfd\x43\xd3\x0c\x05\x00\x91\xae\x85\x0a\x1b\xe1\x03\x0d\xaa\xce\x05\x1c\x32\x6e\x69\x28\x38\xe8\x03\x0c\xaa\xe8\xfe\xff\x54" +
	"\x88\x7d\x40\x93\xf4\x23\x00\x91\x15\x05\x00\xd1\x96\x6a\x75\x38\xe0\x03\x13\xaa\x21\x00\x80\x52\x0c\x0e\x00\x94\x69\xa2\x40\xa9" +
	"\xeb\x03\x15\x2a\xb5\x06\x00\xd1\x0a\x05\x00\x91\x6a\x0a\x00\xf9\x36\x69\x28\x38\xcb\xfe\xff\x35\xf4\x4f\x44\xa9\xf6\x57\x43\xa9" +
	"\xfd\x7b\x42\xa9\xff\x43\x01\x91\xc0\x03\x5f\xd6\x48\x04\x00\xd1\x1f\x0d\x00\xf1\x08\x03\x00\x54\xe8\x03\x1f\xaa\x29\x68\x68\x38" +
	"\x08\x05\x00\x91\x29\x85\x00\x51\x3f\x75\x01\x71\x02\x91\x42\xfa\x63\xff\xff\x54\x3f\x75\x01\x71\xe8\x01\x00\x54\xe8\x03\x1f\xaa" +
	"\xe9\x03\x1f\xaa\x1f\x01\x02\xeb\x62\x00\x00\x54\x2a\x68\x68\x38\x02\x00\x00\x14\xea\x03\x1f\xaa\x29\xdd\x78\xd3\x08\x05\x00\x91" +
	"\x1f\x11\x00\xf1\x49\x01\x09\xaa\xe1\xfe\xff\x54\x20\x2d\x4d\xb2\xc0\x03\x5f\xd6\xfd\x7b\xbf\xa9\xfd\x03\x00\x91\x5b\xf6\xff\x97" +
	"\xe8\x03\x00\xaa\x80\xff\xef\xd2\x00\xbd\x40\xb3\xfd\x7b\xc1\xa8\xc0\x03\x5f\xd6\x29\xfc\x70\xd3\x08\xff\x8f\x52\x3f\xbc\x40\xf2" +
	"\x8a\xff\x8f\x52\x20\x11\x48\xfa\xe8\x17\x9f\x1a\x3f\x01\x0a\xeb\xe0\x01\x00\x54\xc8\x01\x00\x37\xfd\x7b\xbe\xa9\xf3\x0b\x00\xf9" +
	"\xfd\x03\x00\x91\xf3\x03\x00\xaa\x10\xf8\xff\x97\xe8\x03\x00\xaa\xe0\x03\x13\xaa\xf3\x0b\x40\xf9\x08\xbd\x40\x92\x02\x05\x40\xf9" +
	"\x01\x41\x00\x91\xfd\x7b\xc2\xa8\xc9\xff\xff\x17\xe0\x03\x01\xaa\xc0\x03\x5f\xd6\x29\xfc\x70\xd3\x08\xff\x8f\x52\x3f\xbc\x40\xf2" +
	"\x8a\xff\x8f\x52\x20\x11\x48\xfa\xe8\x17\x9f\x1a\x3f\x01\x0a\xeb\xc0\x01\x00\x54\xa8\x01\x00\x35\xfd\x7b\xbf\xa9\x81\x00\x80\x52" +
	"\x62\x00\x80\x52\xfd\x03\x00\x91\x49\xfe\xff\x97\xe8\x03\x00\xaa\x60\xff\xff\xd2\x00\xbd\x40\xb3\x1f\x05\x00\xf9\x1f\x41\x00\x39" +
	"\xfd\x7b\xc1\xa8\xc0\x03\x5f\xd6\x01\x00\x00\x14\x88\xff\x8f\x52\x1f\xc1\x41\xeb\x81\x00\x00\x54\x60\xff\xff\xd2\x20\xbc\x40\xb3" +
	"\xc0\x03\x5f\xd6\xff\x83\x00\xd1\xfd\x7b\x01\xa9\xfd\x43\x00\x91\xe2\x03\x1f\xaa\x08\x03\x80\x52\xa9\x17\x00\xd1\x2a\x24\xc8\x9a" +
	"\x5f\x1d\x00\x72\x80\x00\x00\x54\x4b\x04\x00\x91\x2a\x69\x22\x38\xe2\x03\x0b\xaa\x08\x21\x00\xd1\x1f\x21\x00\xb1\x01\xff\xff\x54" +
	"\xa1\x17\x00\xd1\x11\xf6\xff\x97\xfd\x7b\x41\xa9\xff\x83\x00\x91\xc0\x03\x5f\xd6\xff\xc3\x00\xd1\xa2\xea\x02\x30\xe3\x23\x00\x91" +
	"\xfd\x7b\x01\xa9\xf4\x4f\x02\xa9\xfd\x43\x00\x91\xf3\x03\x01\xaa\xf4\x03\x00\xaa\x0e\x00\x00\x94\x00\x01\x00\x34\xe0\x03\x14\xaa" +
	"\xe2\x03\x13\xaa\xa1\x00\x80\x52\xf4\x4f\x42\xa9\xfd\x7b\x41\xa9\xff\xc3\x00\x91\xb2\xfc\xff\x17\xf4\x4f\x42\xa9\xe0\x07\x40\xf9" +
	"\xfd\x7b\x41\xa9\xff\xc3\x00\x91\xc0\x03\x5f\xd6\x20\x00\x67\x9e\x00\x20\x60\x1e\x66\x00\x00\x54\x20\x00\x80\x52\xc0\x03\x5f\xd6" +
	"\xff\x43\x01\xd1\x08\xff\x9f\x92\xfd\x7b\x04\xa9\xfd\x03\x01\x91\x08\xc1\x41\x8b\xe1\x0b\x01\xa9\xe3\x03\x00\xa9\x1f\x09\x00\xf1" +
	"\xc3\x00\x00\x54\xe8\x0b\x40\xf9\x09\xff\xff\xd2\x08\x01\x41\xb2\x1f\x01\x09\xeb\xa1\x00\x00\x54\x20\x00\x80\x52\xfd\x7b\x44\xa9" +
	"\xff\x43\x01\x91\xc0\x03\x5f\xd6\xe8\x0b\x40\xf9\x8a\xff\x8f\x52\x09\xfd\x70\xd3\x1f\xbd\x40\xf2\x08\xff\x8f\x52\x20\x11\x48\xfa" +
	"\xe8\x17\x9f\x1a\x3f\x01\x0a\xeb\x80\x04\x00\x54\x68\x04\x00\x35\xe0\x07\x40\xf9\x21\x00\x80\x52\x22\x01\x80\x52\xe0\x13\x00\xf9" +
	"\xeb\xfd\xff\x97\x00\xe4\x00\x6f\xc9\xd5\x02\x10\xe8\x03\x1f\xaa\x21\x01\xc0\x3d\xe1\x0f\x80\x3d\x00\x8c\x80\x3c\x00\x80\x00\xad" +
	"\x00\x0c\x80\x3d\xe0\x17\x00\xf9\xe9\x0f\x40\xf9\x29\x69\x68\x38\x08\x05\x00\x91\xa9\xff\xff\x35\xe1\x0f\x40\xf9\x02\x05\x00\xd1" +
	"\xe0\x83\x00\x91\x37\xf3\xff\x97\x81\xe1\x02\x70\xe0\x83\x00\x91\x42\x02\x80\x52\x33\xf3\xff\x97\xe1\x0b\x40\xf9\xe0\x83\x00\x91" +
	"\xaa\x12\x00\x94\xe1\x8b\x42\xa9\xe0\x07\x40\xf9\x40\xff\xff\x97\xe8\x03\x00\xaa\x02\x00\x00\x14\xe8\x0b\x40\xf9\xe0\x03\x1f\x2a" +
	"\xe9\x03\x40\xf9\x28\x01\x00\xf9\xcd\xff\xff\x17\xff\xc3\x00\xd1\x22\xf5\x02\x70\xe3\x23\x00\x91\xfd\x7b\x01\xa9\xf4\x4f\x02\xa9" +
	"\xfd\x43\x00\x91\xf3\x03\x01\xaa\xf4\x03\x00\xaa\xb0\xff\xff\x97\x00\x01\x00\x34\xe0\x03\x14\xaa\xe2\x03\x13\xaa\x21\x00\x80\x52" +
	"\xf4\x4f\x42\xa9\xfd\x7b\x41\xa9\xff\xc3\x00\x91\x54\xfc\xff\x17\xf4\x4f\x42\xa9\xe0\x07\x40\xf9\xfd\x7b\x41\xa9\xff\xc3\x00\x91" +
	"\xc0\x03\x5f\xd6\xff\xc3\x00\xd1\xe2\xd9\x02\x70\xe3\x23\x00\x91\xfd\x7b\x01\xa9\xf4\x4f\x02\xa9\xfd\x43\x00\x91\xf3\x03\x01\xaa" +
	"\xf4\x03\x00\xaa\x9a\xff\xff\x97\x00\x01\x00\x34\xe0\x03\x14\xaa\xe2\x03\x13\xaa\x41\x00\x80\x52\xf4\x4f\x42\xa9\xfd\x7b\x41\xa9" +
	"\xff\xc3\x00\x91\x3e\xfc\xff\x17\xf4\x4f\x42\xa9\xe0\x07\x40\xf9\xfd\x7b\x41\xa9\xff\xc3\x00\x91\xc0\x03\x5f\xd6\xff\xc3\x00\xd1" +
	"\x82\xd9\x02\x30\xe3\x23\x00\x91\xfd\x7b\x01\xa9\xf4\x4f\x02\xa9\xfd\x43\x00\x91\xf3\x03\x01\xaa\xf4\x03\x00\xaa\x84\xff\xff\x97" +
	"\x00\x01\x00\x34\xe0\x03\x14\xaa\xe2\x03\x13\xaa\x61\x00\x80\x52\xf4\x4f\x42\xa9\xfd\x7b\x41\xa9\xff\xc3\x00\x91\x28\xfc\xff\x17" +
	"\xf4\x4f\x42\xa9\xe0\x07\x40\xf9\xfd\x7b\x41\xa9\xff\xc3\x00\x91\xc0\x03\x5f\xd6\xff\xc3\x00\xd1\xe2\xd5\x02\x30\xe3\x23\x00\x91" +
	"\xfd\x7b\x01\xa9\xf4\x4f\x02\xa9\xfd\x43\x00\x91\xf3\x03\x01\xaa\xf4\x03\x00\xaa\x6e\xff\xff\x97\x00\x01\x00\x34\xe0\x03\x14\xaa" +
	"\xe2\x03\x13\xaa\x81\x00\x80\x52\xf4\x4f\x42\xa9\xfd\x7b\x41\xa9\xff\xc3\x00\x91\x12\xfc\xff\x17\xf4\x4f\x42\xa9\xe0\x07\x40\xf9" +
	"\xfd\x7b\x41\xa9\xff\xc3\x00\x91\xc0\x03\x5f\xd6\xff\xc3\x00\xd1\x62\xe2\x02\x10\xe3\x23\x00\x91\xfd\x7b\x01\xa9\xf4\x4f\x02\xa9" +
	"\xfd\x43\x00\x91\xf3\x03\x01\xaa\xf4\x03\x00\xaa\x58\xff\xff\x97\xe0\x00\x00\x34\xe0\x03\x14\xaa\xe1\x03\x13\xaa\x19\x02\x00\x94" +
	"\x00\xc0\x61\x1e\x00\x00\x66\x9e\x02\x00\x00\x14\xe0\x07\x40\xf9\xf4\x4f\x42\xa9\xfd\x7b\x41\xa9\xff\xc3\x00\x91\xc0\x03\x5f\xd6" +
	"\xfd\x7b\xbd\xa9\xfd\x03\x00\x91\xf4\x4f\x02\xa9\xf3\x03\x03\xaa\xa3\x63\x00\x91\xf5\x0b\x00\xf9\xf4\x03\x01\xaa\xf5\x03\x00\xaa" +
	"\x43\xff\xff\x97\xe0\x00\x00\x34\xe0\x03\x15\xaa\xe1\x03\x14\xaa\x04\x02\x00\x94\x60\x02\x3f\xd6\x00\x00\x66\x9e\x02\x00\x00\x14" +
	"\xa0\x0f\x40\xf9\xf4\x4f\x42\xa9\xf5\x0b\x40\xf9\xfd\x7b\xc3\xa8\xc0\x03\x5f\xd6\x42\xca\x02\x30\x43\x00\x00\x10\xe9\xff\xff\x17" +
	"\x00\x20\x60\x1e\x26\x09\x00\x54\x41\xc7\x02\x5c\x00\x20\x61\x1e\x8d\x00\x00\x54\x08\xfe\xef\xd2\x01\x01\x67\x9e\x41\x00\x00\x14" +
	"\x82\xc2\x02\x5c\x01\xe4\x00\x2f\x00\x20\x62\x1e\xa4\x07\x00\x54\x01\xc7\x02\x5c\x02\x10\x6c\x1e\x08\x68\xe8\xd2\x03\x01\x67\x9e" +
	"\x08\x68\xf8\xd2\x04\x10\x6e\x1e\x01\x18\x61\x1e\x05\x10\x6e\x1e\x21\x28\x62\x1e\x22\xb8\xe1\x5e\x20\x20\x63\x1e\x03\x01\x67\x9e" +
	"\x08\x03\x80\x52\x24\x44\x63\x1e\x03\x10\x7e\x1e\x42\xd8\x61\x5e\x42\xcc\x61\x1e\x43\x28\x63\x1e\x40\x20\x61\x1e\x61\xcc\x62\x1e" +
	"\x42\xc4\x02\x5c\x03\x10\x6e\x1e\x20\x00\x42\x1f\xa2\xbf\x02\x5c\x22\x00\x42\x1f\x00\x10\x6e\x1e\x46\x18\x64\x1e\x84\x28\x63\x1e" +
	"\x08\x05\x00\x71\xa5\x08\x66\x1e\x00\x28\x65\x1e\x61\xff\xff\x54\x28\x00\x78\x9e\x01\x10\x6e\x1e\x1f\xa5\x0f\xf1\x2b\x01\x00\x54" +
	"\x09\xce\xef\xd2\x22\x01\x67\x9e\x21\x08\x62\x1e\x09\xa1\x0f\xd1\x1f\x41\x1f\xf1\xe8\x03\x09\xaa\x88\xff\xff\x54\x0c\x00\x00\x14" +
	"\x1f\xa5\x0f\xb1\x2c\x01\x00\x54\x09\x2e\xe0\xd2\x22\x01\x67\x9e\x21\x08\x62\x1e\x09\xa1\x0f\x91\x1f\x41\x1f\xb1\xe8\x03\x09\xaa" +
	"\x83\xff\xff\x54\x02\x00\x00\x14\xe9\x03\x08\xaa\x08\xfe\xe7\xd2\x08\xd1\x09\x8b\x02\x01\x67\x9e\x21\x08\x62\x1e\x01\x08\x61\x1e" +
	"\x20\x40\x60\x1e\xc0\x03\x5f\xd6\x01\x40\x60\x1e\xfd\xff\xff\x17\x02\xde\x02\x70\x43\x00\x00\x10\x9a\xff\xff\x17\x08\x20\x60\x1e" +
	"\x6a\x00\x00\x54\x08\xff\xef\xd2\x04\x00\x00\x14\x08\x20\x60\x1e\xa1\x00\x00\x54\x08\xfe\xff\xd2\x01\x01\x67\x9e\x20\x40\x60\x1e" +
	"\xc0\x03\x5f\xd6\x08\xfe\xef\xd2\x01\x01\x67\x9e\x00\x20\x61\x1e\x60\xff\xff\x54\x08\x6a\xe8\xd2\x0b\xfe\xe7\xd2\xe2\xb7\x02\x5c" +
	"\x01\x01\x67\x9e\x08\x00\x66\x9e\x04\x10\x60\x1e\x01\x08\x61\x1e\x09\xf9\x74\xd3\x00\x10\x6c\x1e\x3f\x01\x00\xf1\x29\xfd\x0f\xd1" +
	"\x2a\x00\x66\x9e\x08\x11\x8a\x9a\x0b\xcd\x40\xb3\x48\xf9\x74\xd3\x0a\x00\x80\x12\x61\x01\x67\x9e\x08\xd5\x10\xd1\x28\x11\x88\x9a" +
	"\x20\x08\x60\x1e\x20\x20\x62\x1e\x02\x10\x7e\x1e\xe9\xd7\x9f\x1a\x00\xcc\x61\x1e\x01\x10\x6e\x1e\x02\x28\x62\x1e\x00\x28\x61\x1e" +
	"\x42\x18\x60\x1e\x00\xe4\x00\x2f\x43\x08\x62\x1e\x45\x18\x61\x1e\x62\x08\x62\x1e\x21\x28\x64\x1e\x4a\x09\x00\x11\x5f\x99\x00\x71" +
	"\x00\x28\x65\x1e\x43\xff\xff\x54\x08\x01\x09\x8b\xa2\xb6\x02\x5c\x03\x10\x60\x1e\x01\x01\x62\x9e\x22\x08\x62\x1e\x00\x08\x43\x1f" +
	"\xc2\xb3\x02\x5c\x20\x00\x42\x1f\xc0\x03\x5f\xd6\xe2\xce\x02\x70\x43\x00\x00\x10\x5b\xff\xff\x17\xea\x0f\x1d\xfc\xe9\x23\x01\x6d" +
	"\x08\x40\x60\x1e\xfd\x7b\x02\xa9\xfd\x83\x00\x91\xbc\xff\xff\x97\x01\xb3\x02\x5c\x08\x68\xe8\xd2\x02\x01\x67\x9e\x08\x68\xf8\xd2" +
	"\x0a\x18\x61\x1e\x00\x10\x6c\x1e\x40\x29\x60\x1e\x01\xb8\xe1\x5e\x00\x20\x62\x1e\x02\x01\x67\x9e\x04\x44\x62\x1e\x02\x10\x7e\x1e" +
	"\x21\xd8\x61\x5e\x21\xcc\x60\x1e\x22\x28\x62\x1e\x20\x20\x60\x1e\x49\xcc\x61\x1e\x01\xe4\x00\x2f\xc2\xaf\x02\x5c\x40\x39\x69\x1e" +
	"\x21\x38\x60\x1e\x08\x20\x60\x1e\x20\x4c\x60\x1e\x20\x21\x62\x1e\x85\x01\x00\x54\xa1\xb3\x02\x5c\x20\x21\x61\x1e\x2d\x01\x00\x54" +
	"\x41\xb1\x02\x5c\x00\x20\x61\x1e\xc5\x00\x00\x54\x21\x41\x60\x1e\x00\x90\x64\x1e\x1f\x11\x00\x94\x00\x20\x68\x1e\x40\x00\x00\x54" +
	"\x49\x41\x60\x1e\x20\x41\x60\x1e\xfd\x7b\x42\xa9\xe9\x23\x41\x6d\xea\x07\x43\xfc\xc0\x03\x5f\xd6\x22\xbd\x02\x70\x43\x00\x00\x10" +
	"\x28\xff\xff\x17\x00\x20\x60\x1e\x06\x0a\x00\x54\xe8\x0f\x1e\xfc\x08\xe4\x00\x2f\x08\x20\x60\x1e\x08\xfe\xef\xd2\x02\x01\x67\x9e" +
	"\xfd\x7b\x01\xa9\xfd\x43\x00\x91\x01\x39\x60\x1e\x21\x4c\x60\x1e\x20\x20\x62\x1e\x81\x00\x00\x54\x08\xff\xef\xd2\x00\x01\x67\x9e" +
	"\x3f\x00\x00\x14\xe0\x23\x00\x91\x61\x14\x00\x94\xe0\x07\x40\xfd\x01\x08\x60\x1e\x01\x39\x61\x1e\xe0\x03\x00\x34\x1f\x04\x00\x71" +
	"\xe0\x01\x00\x54\x1f\x08\x00\x71\xe1\x04\x00\x54\x02\x40\x60\x1e\x68\x00\x80\x52\x09\x05\x00\x51\x09\x7d\x09\x1b\x08\x09\x00\x11" +
	"\x1f\x65\x00\x71\x23\x01\x62\x1e\x23\x18\x63\x1e\x42\x08\x63\x1e\x00\x28\x62\x1e\x01\xff\xff\x54\x27\x00\x00\x14\x00\x10\x6e\x1e" +
	"\x02\x10\x6e\x1e\x08\x78\x1f\x53\x09\x30\x00\x51\x0a\x05\x00\x51\x29\x05\x00\x31\x4a\x7d\x08\x1b\x08\x09\x00\x11\x43\x01\x62\x1e" +
	"\x23\x18\x63\x1e\x42\x08\x63\x1e\x00\x28\x62\x1e\x03\xff\xff\x54\x1b\x00\x00\x14\x02\x40\x60\x1e\x68\x00\x80\x52\x09\x05\x00\x51" +
	"\x09\x7d\x09\x1b\x08\x09\x00\x11\x1f\x65\x00\x71\x23\x01\x62\x1e\x23\x18\x63\x1e\x42\x08\x63\x1e\x00\x28\x62\x1e\x01\xff\xff\x54" +
	"\x0f\x00\x00\x14\x00\x10\x6e\x1e\x02\x10\x6e\x1e\x48\x00\x80\x52\x09\x05\x00\x51\x29\x7d\x08\x1b\x08\x09\x00\x11\x1f\x61\x00\x71" +
	"\x23\x01\x62\x1e\x23\x18\x63\x1e\x42\x08\x63\x1e\x00\x28\x62\x1e\x01\xff\xff\x54\x01\xe4\x00\x2f\x20\x38\x60\x1e\xfd\x7b\x41\xa9" +
	"\xe8\x07\x42\xfc\xc0\x03\x5f\xd6\x08\xff\xef\xd2\x00\x01\x67\x9e\xc0\x03\x5f\xd6\xc2\xad\x02\x70\x43\x00\x00\x10\xd1\xfe\xff\x17" +
	"\x00\x20\x60\x1e\xe6\x09\x00\x54\xe8\x0f\x1e\xfc\x08\xe4\x00\x2f\x08\x20\x60\x1e\x08\xfe\xef\xd2\x02\x01\x67\x9e\xfd\x7b\x01\xa9" +
	"\xfd\x43\x00\x91\x01\x39\x60\x1e\x21\x4c\x60\x1e\x20\x20\x62\x1e\x81\x00\x00\x54\x08\xff\xef\xd2\x00\x01\x67\x9e\x3e\x00\x00\x14" +
	"\xe0\x23\x00\x91\x0a\x14\x00\x94\xe0\x07\x40\xfd\x01\x08\x60\x1e\x01\x39\x61\x1e\x00\x04\x00\x34\x1f\x04\x00\x71\x00\x02\x00\x54" +
	"\x1f\x08\x00\x71\x21\x05\x00\x54\x00\x10\x6e\x1e\x02\x10\x6e\x1e\x48\x00\x80\x52\x09\x05\x00\x51\x29\x7d\x08\x1b\x08\x09\x00\x11" +
	"\x1f\x61\x00\x71\x23\x01\x62\x1e\x23\x18\x63\x1e\x42\x08\x63\x1e\x00\x28\x62\x1e\x01\xff\xff\x54\x0c\x00\x00\x14\x02\x40\x60\x1e" +
	"\x08\x78\x1f\x53\x09\x30\x00\x51\x0a\x21\x08\x1b\x29\x05\x00\x31\x08\x09\x00\x11\x43\x01\x62\x1e\x23\x18\x63\x1e\x42\x08\x63\x1e" +
	"\x00\x28\x62\x1e\x23\xff\xff\x54\x01\xe4\x00\x2f\x20\x38\x60\x1e\x19\x00\x00\x14\x00\x10\x6e\x1e\x02\x10\x6e\x1e\x48\x00\x80\x52" +
	"\x09\x05\x00\x51\x29\x7d\x08\x1b\x08\x09\x00\x11\x1f\x61\x00\x71\x23\x01\x62\x1e\x23\x18\x63\x1e\x42\x08\x63\x1e\x00\x28\x62\x1e" +
	"\x01\xff\xff\x54\x0c\x00\x00\x14\x02\x40\x60\x1e\x68\x00\x80\x52\x09\x05\x00\x51\x09\x7d\x09\x1b\x08\x09\x00\x11\x1f\x65\x00\x71" +
	"\x23\x01\x62\x1e\x23\x18\x63\x1e\x42\x08\x63\x1e\x00\x28\x62\x1e\x01\xff\xff\x54\xfd\x7b\x41\xa9\xe8\x07\x42\xfc\xc0\x03\x5f\xd6" +
	"\x08\xff\xef\xd2\x00\x01\x67\x9e\xc0\x03\x5f\xd6\xff\x03\x01\xd1\x82\x9c\x02\x30\xe3\x23\x00\x91\xe9\x23\x01\x6d\xfd\x7b\x02\xa9" +
	"\xfd\x83\x00\x91\xf4\x4f\x03\xa9\xf3\x03\x01\xaa\xf4\x03\x00\xaa\xbf\xfd\xff\x97\x80\x01\x00\x34\xe0\x03\x14\xaa\xe1\x03\x13\xaa" +
	"\x80\x00\x00\x94\x08\x40\x60\x1e\x47\xff\xff\x97\x09\x40\x60\x1e\x00\x41\x60\x1e\x9b\xff\xff\x97\x20\x19\x60\x1e\x00\x00\x66\x9e" +
	"\x02\x00\x00\x14\xe0\x07\x40\xf9\xf4\x4f\x43\xa9\xfd\x7b\x42\xa9\xe9\x23\x41\x6d\xff\x03\x01\x91\xc0\x03\x5f\xd6\xe2\x98\x02\x10" +
	"\x43\x00\x00\x10\x5f\xfe\xff\x17\x01\x10\x7e\x1e\x02\x10\x6e\x1e\x00\x20\x61\x1e\x02\xa4\x62\x1e\x89\x00\x00\x54\x08\xff\xef\xd2" +
	"\x00\x01\x67\x9e\xc0\x03\x5f\xd6\x00\x20\x62\x1e\x04\x14\x61\x1e\x81\x00\x00\x54\x61\x96\x02\x5c\x00\x08\x61\x1e\xc0\x03\x5f\xd6" +
	"\x01\x10\x6e\x1e\x01\x84\x40\x1f\x21\xc0\x61\x1e\x00\x18\x61\x1e\x1b\x00\x00\x14\xff\xc3\x00\xd1\x62\x96\x02\x30\xe3\x23\x00\x91" +
	"\xfd\x7b\x01\xa9\xf4\x4f\x02\xa9\xfd\x43\x00\x91\xf3\x03\x01\xaa\xf4\x03\x00\xaa\x8e\xfd\xff\x97\x20\x01\x00\x34\xe0\x03\x14\xaa" +
	"\xe1\x03\x13\xaa\x4f\x00\x00\x94\xe0\xff\xff\x97\xa1\x93\x02\x5c\x20\x38\x60\x1e\x00\x00\x66\x9e\x02\x00\x00\x14\xe0\x07\x40\xf9" +
	"\xf4\x4f\x42\xa9\xfd\x7b\x41\xa9\xff\xc3\x00\x91\xc0\x03\x5f\xd6\x02\x9a\x02\x70\x43\x00\x00\x10\x32\xfe\xff\x17\x00\x20\x60\x1e" +
	"\x26\x05\x00\x54\x04\xe4\x00\x2f\x08\x20\x60\x1e\x02\x10\x6e\x1e\x81\x38\x60\x1e\x21\x4c\x60\x1e\x43\x18\x61\x1e\x20\x20\x62\x1e" +
	"\x62\xcc\x61\x1e\xa3\x8e\x02\x5c\x40\x20\x63\x1e\x0d\x01\x00\x54\x03\x10\x7e\x1e\x25\x8d\x02\x5c\x43\x0c\x45\x1f\x42\x28\x65\x1e" +
	"\x62\x18\x62\x1e\xe3\x8b\x02\x5c\x02\x00\x00\x14\x03\xe4\x00\x2f\x45\x08\x62\x1e\x68\x00\x80\x52\x84\x38\x65\x1e\x45\x40\x60\x1e" +
	"\x85\x08\x65\x1e\x06\x01\x62\x1e\x08\x09\x00\x11\x1f\xf5\x00\x71\xa6\x18\x66\x1e\x42\x28\x66\x1e\x41\xff\xff\x54\x62\x28\x62\x1e" +
	"\x03\x8e\x02\x5c\x04\x10\x6e\x1e\x20\x20\x64\x1e\x63\x38\x62\x1e\x61\xcc\x62\x1e\x08\x20\x60\x1e\x85\x00\x00\x54\x00\xe4\x00\x2f" +
	"\x00\x38\x61\x1e\xc0\x03\x5f\xd6\x20\x40\x60\x1e\xc0\x03\x5f\xd6\xff\xc3\x00\xd1\xc2\xa5\x02\x10\xe3\x23\x00\x91\xfd\x7b\x01\xa9" +
	"\xf4\x4f\x02\xa9\xfd\x43\x00\x91\xf3\x03\x01\xaa\xf4\x03\x00\xaa\x47\xfd\xff\x97\xc0\x00\x00\x34\xe0\x03\x14\xaa\xe1\x03\x13\xaa" +
	"\x08\x00\x00\x94\x00\x00\x66\x9e\x02\x00\x00\x14\xe0\x07\x40\xf9\xf4\x4f\x42\xa9\xfd\x7b\x41\xa9\xff\xc3\x00\x91\xc0\x03\x5f\xd6" +
	"\x49\xff\x9f\x92\xe8\x03\x01\xaa\x29\xc1\x41\x8b\x3f\x0d\x00\xb1\x68\x00\x00\x54\x00\x01\x67\x9e\xc0\x03\x5f\xd6\xff\xc3\x02\xd1" +
	"\xfd\x7b\x08\xa9\xfd\x03\x02\x91\xf4\x4f\x0a\xa9\xf3\x03\x00\xaa\xa1\xe3\x00\xd1\xe0\x03\x08\xaa\xf5\x4b\x00\xf9\xb5\xe3\x00\xd1" +
	"\x58\x0c\x00\x94\xa8\x83\x5e\xf8\xc8\x02\x00\xb4\x1f\x05\x00\xf1\xc1\x02\x00\x54\xa9\x03\x5e\xf8\x2a\x01\x40\xf9\x5f\x05\x00\xf1" +
	"\x61\x02\x00\x54\xa0\xe3\x00\xd1\xe1\xc3\x00\x91\x48\x13\x00\x94\xe8\x1b\x40\xf9\x01\x10\x6e\x1e\x1f\xa5\x0f\xf1\x2b\x0b\x00\x54" +
	"\x09\xce\xef\xd2\x22\x01\x67\x9e\x21\x08\x62\x1e\x09\xa1\x0f\xd1\x1f\x41\x1f\xf1\xe8\x03\x09\xaa\x88\xff\xff\x54\x5c\x00\x00\x14" +
	"\x08\x08\x80\x52\x08\x00\x00\x14\xa9\x03\x5e\xf8\x29\x0d\x08\x8b\x08\xe5\x7a\xd3\x29\x81\x5f\xf8\x29\x11\xc0\xda\x08\x01\x09\xcb" +
	"\x08\x01\x01\x91\xa9\x03\x5d\xf8\xc9\x00\x00\xb4\xaa\x83\x5c\xf8\x4a\x0d\x09\x8b\x4a\x81\x5f\xf8\x4a\x11\xc0\xda\x49\x19\x09\xcb" +
	"\xa0\x83\xdc\x3c\x34\x01\x08\x8b\xa1\x82\xc1\x3c\x9f\x06\x00\xf1\xe1\x03\x01\xad\x4b\x01\x00\x54\xe8\xc3\x00\x91\xe1\xc3\x00\x91" +
	"\xe0\x03\x13\xaa\xe2\x03\x14\xaa\x15\x21\x00\x91\x7d\x12\x00\x94\xe0\x1b\x00\xf9\xa1\x02\x00\xf9\x02\x00\x00\x14\x34\x05\xf8\xb7" +
	"\xe1\xc3\x00\x91\xe2\x83\x00\x91\xe3\x43\x00\x91\xe4\x03\x00\x91\xe0\x03\x13\xaa\x65\x0c\x00\x94\xe8\x07\x40\xf9\xe8\x00\x00\xb4" +
	"\xe8\x0f\x40\xf9\xa8\x00\x00\xb4\xe8\x0b\x40\xf9\x09\x01\x40\xf9\x29\x01\x40\xb2\x09\x01\x00\xf9\xe0\x43\x00\x91\xa1\x63\x00\x91" +
	"\x0b\x13\x00\x94\xa8\x0f\x40\xf9\x01\x10\x6e\x1e\x08\x01\x14\xcb\x1f\xa5\x0f\xf1\x2b\x01\x00\x54\x09\xce\xef\xd2\x22\x01\x67\x9e" +
	"\x21\x08\x62\x1e\x09\xa1\x0f\xd1\x1f\x41\x1f\xf1\xe8\x03\x09\xaa\x88\xff\xff\x54\x1e\x00\x00\x14\x1f\xa5\x0f\xb1\x6c\x03\x00\x54" +
	"\x09\x2e\xe0\xd2\x22\x01\x67\x9e\x21\x08\x62\x1e\x09\xa1\x0f\x91\x1f\x41\x1f\xb1\xe8\x03\x09\xaa\x83\xff\xff\x54\x14\x00\x00\x14" +
	"\xe8\x83\x00\x91\xe2\x03\x14\xcb\xe1\x83\x00\x91\xe0\x03\x13\xaa\x15\x21\x00\x91\x4b\x12\x00\x94\xe0\x13\x00\xf9\xce\xff\xff\x17" +
	"\x1f\xa5\x0f\xb1\x2c\x01\x00\x54\x09\x2e\xe0\xd2\x22\x01\x67\x9e\x21\x08\x62\x1e\x09\xa1\x0f\x91\x1f\x41\x1f\xb1\xe8\x03\x09\xaa" +
	"\x83\xff\xff\x54\x02\x00\x00\x14\xe9\x03\x08\xaa\x08\xfe\xe7\xd2\xf4\x4f\x4a\xa9\x08\xd1\x09\x8b\xf5\x4b\x40\xf9\x02\x01\x67\x9e" +
	"\xa8\x83\x5d\xb8\xfd\x7b\x48\xa9\x1f\x01\x00\x71\x21\x08\x62\x1e\x00\x08\x61\x1e\x01\xe4\x00\x2f\x21\x38\x60\x1e\x00\x0c\x61\x1e" +
	"\xff\xc3\x02\x91\xc0\x03\x5f\xd6\xff\x03\x01\xd1\xf4\x4f\x03\xa9\xf3\x03\x02\xaa\x62\x83\x02\x70\xe3\x23\x00\x91\xe8\x0b\x00\xfd" +
	"\xf4\x03\x00\xaa\xfd\xfb\x01\xa9\xfd\x63\x00\x91\xf5\x17\x00\xf9\xf5\x03\x01\xaa\x9e\xfc\xff\x97\xa0\x02\x00\x34\x22\x82\x02\x70" +
	"\xe3\x23\x00\x91\xe0\x03\x14\xaa\xe1\x03\x13\xaa\x98\xfc\xff\x97\xe0\x01\x00\x34\xe0\x03\x14\xaa\xe1\x03\x15\xaa\x59\xff\xff\x97" +
	"\xe0\x03\x14\xaa\xe1\x03\x13\xaa\x08\x40\x60\x1e\x55\xff\xff\x97\x00\x20\x68\x1e\x06\x04\x00\x54\x08\x20\x60\x1e\xcd\x00\x00\x54" +
	"\x00\x19\x60\x1e\x0e\xff\xff\x97\x10\x00\x00\x14\xe0\x07\x40\xf9\x0f\x00\x00\x14\xe5\x00\x00\x54\x00\x19\x60\x1e\x08\xff\xff\x97" +
	"\x08\x21\x60\x1e\xe5\x00\x00\x54\xc1\x6f\x02\x5c\x06\x00\x00\x14\x08\x21\x60\x1e\x8d\x01\x00\x54\x40\x72\x02\x5c\x03\x00\x00\x14" +
	"\x81\x72\x02\x5c\x00\x28\x61\x1e\x00\x00\x66\x9e\xf4\x4f\x43\xa9\xf5\x17\x40\xf9\xfd\xfb\x41\xa9\xe8\x0b\x40\xfd\xff\x03\x01\x91" +
	"\xc0\x03\x5f\xd6\x00\xe4\x00\x2f\x05\xff\xff\x54\xe0\x6b\x02\x5c\xf6\xff\xff\x17\x08\xff\xef\xd2\x00\x01\x67\x9e\xf3\xff\xff\x17" +
	"\xe3\x03\x02\xaa\xe2\x03\x01\xaa\xc1\x00\x80\x52\x35\xea\xff\x17\xe4\x72\x02\x10\x03\x00\x80\x12\x01\x00\x00\x14\xff\x83\x01\xd1" +
	"\xf6\x57\x04\xa9\xf6\x03\x04\xaa\x5f\x04\x00\xf1\xf4\x4f\x05\xa9\xf4\x03\x03\x2a\xf3\x03\x00\xaa\xfd\x7b\x02\xa9\xfd\x83\x00\x91" +
	"\xf8\x5f\x03\xa9\x21\x01\x00\x54\x35\x00\x40\xf9\x88\xff\x9f\x52\x1f\xc1\x55\xeb\x41\x03\x00\x54\xa8\xbe\x40\x92\x09\x0d\x40\xf9" +
	"\x02\x05\x40\xf9\x21\x21\x00\x91\x82\x03\x00\xb4\x35\x00\x40\xf9\x56\x04\x00\xf1\x40\x02\x00\x54\x37\x20\x00\x91\x38\x00\x80\x52" +
	"\xf8\x03\x00\xb9\xe3\x03\x00\x91\xe0\x03\x13\xaa\xe1\x02\x40\xf9\xe2\x03\x15\xaa\xd1\xee\xff\x97\xe8\x03\x40\xb9\xe8\x05\x00\x34" +
	"\x08\x7c\x14\x1b\x1f\x05\x00\x71\x4b\x00\x00\x54\xf5\x02\x40\xf9\xd6\x06\x00\xf1\xf7\x22\x00\x91\x41\xfe\xff\x54\xe0\x03\x15\xaa" +
	"\xf4\x4f\x45\xa9\xf6\x57\x44\xa9\xf8\x5f\x43\xa9\xfd\x7b\x42\xa9\xff\x83\x01\x91\xc0\x03\x5f\xd6\xe0\x03\x13\xaa\x21\x00\x80\x52" +
	"\xa2\x00\x80\x52\xf3\x03\x00\xf9\x41\xfa\xff\x97\x00\xe4\x00\x6f\x09\x62\x02\x10\xe8\x03\x1f\xaa\x21\x01\xc0\x3d\xe1\x07\x80\x3d" +
	"\x00\x8c\x80\x3c\x00\x04\x80\x3d\xe0\x07\x00\xf9\xc9\x6a\x68\x38\x08\x05\x00\x91\xc9\xff\xff\x35\x02\x05\x00\xd1\xe0\x03\x00\x91" +
	"\xe1\x03\x16\xaa\x8f\xef\xff\x97\xc1\x77\x02\x30\xe0\x03\x00\x91\x62\x01\x80\x52\x8b\xef\xff\x97\xe1\x8b\x40\xa9\xe0\x03\x13\xaa" +
	"\xf4\x4f\x45\xa9\xf6\x57\x44\xa9\xf8\x5f\x43\xa9\xfd\x7b\x42\xa9\xff\x83\x01\x91\x96\xfb\xff\x17\xe2\x02\x40\xf9\xe0\x03\x13\xaa" +
	"\xe3\x03\x15\xaa\xf4\x4f\x45\xa9\xa1\x7f\x02\x70\xf6\x57\x44\xa9\xf8\x5f\x43\xa9\xfd\x7b\x42\xa9\xff\x83\x01\x91\x3e\xef\xff\x17" +
	"\xc4\x6f\x02\x70\x23\x00\x80\x52\xa5\xff\xff\x17\xfd\x7b\xbd\xa9\xfd\x03\x00\x91\xf5\x0b\x00\xf9\xf5\x03\x02\xaa\xc2\x74\x02\x50" +
	"\xa3\x63\x00\x91\xf4\x4f\x02\xa9\xf4\x03\x01\xaa\xf3\x03\x00\xaa\xff\xfb\xff\x97\xa0\x05\x00\x34\xe2\x73\x02\x50\xa3\x63\x00\x91" +
	"\xe0\x03\x13\xaa\xe1\x03\x15\xaa\xf9\xfb\xff\x97\xe0\x04\x00\x34\xe0\x03\x13\xaa\xa1\x00\x80\x52\xe2\x03\x14\xaa\xa0\xf8\xff\x97" +
	"\xf4\x03\x00\xaa\xe0\x03\x13\xaa\xa1\x00\x80\x52\xe2\x03\x15\xaa\x9b\xf8\xff\x97\x08\xff\x9f\x92\x09\xc1\x54\x8b\x3f\x09\x00\xf1" +
	"\xc3\x01\x00\x54\x09\x68\xf8\xd2\x80\x02\x67\x9e\x21\x01\x67\x9e\x00\x20\x61\x1e\x0d\x07\x00\x54\x09\x68\xe8\xd2\x21\x01\x67\x9e" +
	"\x00\x20\x61\x1e\x85\x06\x00\x54\x01\xb8\xe1\x5e\x21\xd8\x61\x5e\x00\x20\x61\x1e\x01\x06\x00\x54\x0a\xc1\x40\x8b\x88\xfe\x70\xd3" +
	"\x09\xfc\x70\xd3\x5f\x09\x00\xf1\xc2\x01\x00\x54\x4a\xff\x9f\x52\x1f\x01\x0a\xeb\x00\x05\x00\x54\x48\xff\x9f\x52\x3f\x01\x08\xeb" +
	"\x61\x03\x00\x54\x24\x00\x00\x14\xb5\x0f\x40\xf9\xf4\x4f\x42\xa9\xe0\x03\x15\xaa\xf5\x0b\x40\xf9\xfd\x7b\xc3\xa8\xc0\x03\x5f\xd6" +
	"\x4a\xff\x9f\x52\x3f\x01\x0a\xeb\x60\x03\x00\x54\x49\xff\x9f\x52\x1f\x01\x09\xeb\x00\x03\x00\x54\x08\x68\xf8\xd2\x00\x00\x67\x9e" +
	"\x01\x01\x67\x9e\x00\x20\x61\x1e\x6d\x02\x00\x54\x08\x68\xe8\xd2\x01\x01\x67\x9e\x00\x20\x61\x1e\xe5\x01\x00\x54\x01\xb8\xe1\x5e" +
	"\x21\xd8\x61\x5e\x00\x20\x61\x1e\x61\x01\x00\x54\x20\x02\x00\xb4\xf5\x03\x00\xaa\xe0\x03\x13\xaa\xa1\x00\x80\x52\xe2\x03\x14\xaa" +
	"\xe3\x03\x15\xaa\x7f\xe9\xff\x97\xf4\x03\x15\xaa\x20\xff\xff\xb5\xdf\xff\xff\x17\xe0\x03\x13\xaa\xf4\x4f\x42\xa9\xf5\x0b\x40\xf9" +
	"\x41\x59\x02\x50\x42\x02\x80\x52\xfd\x7b\xc3\xa8\x28\xfb\xff\x17\xf5\x03\x14\xaa\xd6\xff\xff\x17\xfd\x7b\xbe\xa9\x08\x56\x90\x52" +
	"\xf4\x4f\x01\xa9\xfd\x03\x00\x91\x13\x00\x08\x8b\x68\x22\x40\xb9\x88\x00\x00\x34\x6b\x22\x40\xa9\x69\x2a\x41\xa9\x19\x00\x00\x14" +
	"\xf4\x03\x00\xaa\x00\x00\x40\xf9\xe1\x03\x13\xaa\x02\x04\x80\x52\x08\x18\x40\xf9\x00\x01\x3f\xd6\x1f\x80\x00\xf1\x61\x00\x00\x54" +
	"\x6b\x02\x40\xf9\x06\x00\x00\x14\xa8\x82\x8f\xd2\x48\xe9\xaf\xf2\x28\x37\xcf\xf2\xe8\xc6\xf3\xf2\x8b\x02\x08\xca\x68\xa6\x40\xa9" +
	"\x6a\x0e\x40\xf9\x0c\x01\x0b\xaa\x2d\x01\x0a\xaa\x8c\x01\x0d\xaa\x9f\x01\x00\xf1\x2c\x00\x80\x52\x6b\x15\x9f\x9a\x6c\x22\x00\xb9" +
	"\x0c\x09\x08\x8b\x69\x01\x09\xca\x0a\x01\x0a\xca\x4b\x01\x0b\xca\x8c\xe5\xcc\x93\x8c\x0d\x0c\x8b\x8c\xfd\x4b\xd3\x80\x2d\x43\x9e" +
	"\x2c\x01\x08\xca\x28\x45\x08\xca\x49\x4d\xca\x93\x6b\x32\x00\xa9\x68\x26\x01\xa9\xf4\x4f\x41\xa9\x00\x00\x66\x9e\xfd\x7b\xc2\xa8" +
	"\xc0\x03\x5f\xd6\x20\x00\x67\x9e\x00\x20\x60\x1e\x66\x00\x00\x54\xe0\x03\x01\xaa\xc0\x03\x5f\xd6\xff\x83\x02\xd1\x08\xff\x9f\x92" +
	"\xfd\x7b\x04\xa9\xfd\x03\x01\x91\x08\xc1\x41\x8b\xfc\x6f\x05\xa9\xfa\x67\x06\xa9\x1f\x09\x00\xf1\xf8\x5f\x07\xa9\xf6\x57\x08\xa9" +
	"\xf4\x4f\x09\xa9\xe0\x87\x00\xa9\xc3\x00\x00\x54\xe8\x0b\x40\xf9\x09\xff\xff\xd2\x08\x01\x41\xb2\x1f\x01\x09\xeb\x41\x01\x00\x54" +
	"\xe1\x0b\x40\xf9\xf4\x4f\x49\xa9\xf6\x57\x48\xa9\xf8\x5f\x47\xa9\xfa\x67\x46\xa9\xfc\x6f\x45\xa9\xfd\x7b\x44\xa9\xff\x83\x02\x91" +
	"\xe4\xff\xff\x17\xe0\x87\x40\xa9\x62\x52\x02\x70\xa3\x23\x00\xd1\xe4\x00\x00\x94\xc0\x02\x00\x34\xe8\x0b\x40\xf9\xf5\x03\x1f\xaa" +
	"\x08\xbd\x40\x92\x17\x05\x40\xf9\x18\x41\x00\x91\xb7\x05\x00\xb4\x0a\xc0\x84\xd2\x29\x00\x80\x52\x2a\x00\xc0\xf2\x0b\x6b\x75\x38" +
	"\x2c\x21\xcb\x9a\x7f\x81\x00\x71\x8b\x01\x0a\x8a\x64\x99\x40\xfa\x20\x01\x00\x54\xb5\x06\x00\x91\xff\x02\x15\xeb\x01\xff\xff\x54" +
	"\x39\x00\x80\x52\xf5\x03\x17\xaa\x1f\x00\x00\x14\xa1\x83\x5f\xf8\xdd\xff\xff\x17\xff\x02\x15\xeb\x49\x03\x00\x54\x0a\xc0\x84\xd2" +
	"\x08\x3d\x00\x91\x29\x00\x80\x52\x2a\x00\xc0\xf2\x0b\x69\x77\x38\x2c\x21\xcb\x9a\x7f\x81\x00\x71\x8b\x01\x0a\x8a\x64\x99\x40\xfa" +
	"\xe0\x00\x00\x54\xf7\x06\x00\xd1\xff\x02\x15\xeb\x08\xff\xff\x54\x39\x00\x80\x52\xf7\x03\x15\xaa\x0b\x00\x00\x14\x08\x6b\x75\x38" +
	"\x1f\xad\x00\x71\x60\x00\x00\x54\x1f\xb5\x00\x71\xa1\x00\x00\x54\x1f\xb5\x00\x71\xb5\x06\x00\x91\xf9\x07\x9f\x1a\x02\x00\x00\x14" +
	"\x39\x00\x80\x52\xa8\x06\x00\x91\x1f\x01\x17\xeb\x22\x03\x00\x54\x09\x6b\x75\x38\x3f\xc1\x00\x71\xc1\x02\x00\x54\x08\x6b\x68\x38" +
	"\x54\x01\x80\x52\x08\x01\x1b\x32\x09\x89\x01\x51\x3f\x59\x00\x71\x28\x02\x00\x54\x2a\x00\x80\x52\x49\x21\xc9\x1a\x2a\x00\x84\x52" +
	"\x0a\x08\xa0\x72\x3f\x01\x0a\x6a\x60\x01\x00\x54\x1f\xbd\x01\x71\x49\x00\x80\x52\x0a\x01\x80\x52\x49\x01\x89\x9a\x1f\xe1\x01\x71" +
	"\x08\x02\x80\x52\x14\x01\x89\x9a\xb5\x0a\x00\x91\x02\x00\x00\x14\x54\x01\x80\x52\xe0\x07\x40\xf9\xe2\x02\x15\xcb\x01\x03\x15\x8b" +
	"\xa4\x23\x00\xd1\xe3\x03\x14\xaa\xce\x00\x00\x94\xbc\x83\x5f\xf8\xf3\x03\x00\xaa\x1c\x04\x00\xb4\x9f\x2a\x00\xf1\x95\x03\x15\x8b" +
	"\xe1\x06\x00\x54\xbf\x02\x17\xeb\xa2\x06\x00\x54\x08\x6b\x75\x38\x1f\xb9\x00\x71\x41\x06\x00\x54\xba\x06\x00\x91\xe0\x07\x40\xf9" +
	"\xa4\x23\x00\xd1\x16\x03\x1a\x8b\xe2\x02\x1a\xcb\x43\x01\x80\x52\xe1\x03\x16\xaa\xbb\x00\x00\x94\xbb\x83\x5f\xf8\x88\x03\x1b\xaa" +
	"\xa8\x0b\x00\xb4\xf5\x03\x00\xaa\x7b\x02\x00\xb4\xe8\x03\x1f\xaa\xe9\x03\x1b\xaa\xca\x16\x40\x38\x5f\x7d\x01\x71\x08\x05\x88\x9a" +
	"\x29\x05\x00\xf1\x81\xff\xff\x54\x00\x01\x63\x9e\x03\x00\x66\x9e\x0a\x00\x00\x14\xff\x02\x15\xeb\xe9\x09\x00\x54\x9f\x2a\x00\xf1" +
	"\xa1\x09\x00\x54\x08\x6b\x75\x38\x1f\xb9\x00\x71\x60\xfb\xff\x54\x49\x00\x00\x14\xe3\x03\x1f\xaa\xf6\x07\x40\xf9\xc1\x00\x80\x52" +
	"\x82\x04\xe8\xd2\xe0\x03\x16\xaa\x96\xe8\xff\x97\xe3\x03\x00\xaa\xe0\x03\x16\xaa\x81\x00\x80\x52\xe2\x03\x15\xaa\x91\xe8\xff\x97" +
	"\xe3\x03\x00\xaa\xe0\x03\x16\xaa\x21\x00\x80\x52\xe2\x03\x13\xaa\x8c\xe8\xff\x97\xf3\x03\x00\xaa\x75\x03\x1a\x8b\x9f\x2a\x00\xf1" +
	"\xc1\x05\x00\x54\xbf\x02\x17\xeb\x82\x05\x00\x54\x08\x6b\x75\x38\x08\x79\x1a\x12\x1f\x15\x01\x71\x01\x05\x00\x54\xb4\x06\x00\x91" +
	"\x9f\x02\x17\xeb\x42\x01\x00\x54\x08\x6b\x74\x38\x1f\xb5\x00\x71\x60\x00\x00\x54\x1f\xad\x00\x71\xa1\x00\x00\x54\x1f\xb5\x00\x71" +
	"\xb4\x0a\x00\x91\xf6\x07\x9f\x1a\x02\x00\x00\x14\x36\x00\x80\x52\xe0\x07\x40\xf9\xe2\x02\x14\xcb\x01\x03\x14\x8b\xa4\x23\x00\xd1" +
	"\x43\x01\x80\x52\x77\x00\x00\x94\xa8\x83\x5f\xf8\x48\x03\x00\xb4\xe3\x03\x00\xaa\x15\x01\x14\x8b\xb6\x00\x00\x37\xe0\x07\x40\xf9" +
	"\xe1\x03\x03\xaa\x87\xee\xff\x97\xe3\x03\x00\xaa\xf4\x07\x40\xf9\xc1\x00\x80\x52\x82\x04\xe8\xd2\xe0\x03\x14\xaa\x61\xe8\xff\x97" +
	"\xe3\x03\x00\xaa\xe0\x03\x14\xaa\x61\x00\x80\x52\xe2\x03\x13\xaa\x5c\xe8\xff\x97\xf3\x03\x00\xaa\xbf\x02\x17\xeb\xc1\x00\x00\x54" +
	"\xd9\x03\x00\x37\xe0\x07\x40\xf9\xe1\x03\x13\xaa\x75\xee\xff\x97\x19\x00\x00\x14\xf3\x07\x40\xf9\x21\x00\x80\x52\x22\x01\x80\x52" +
	"\xe0\x03\x13\xaa\xf3\x0f\x00\xf9\x91\xf8\xff\x97\x00\xe4\x00\x6f\x88\x2a\x02\x10\x21\x37\x02\x70\x01\x01\xc0\x3d\xc2\x01\x80\x52" +
	"\xe1\x83\x82\x3c\x00\x8c\x80\x3c\x00\x80\x00\xad\x00\x0c\x80\x3d\xe0\x13\x00\xf9\xe0\x63\x00\x91\xe2\xed\xff\x97\xe1\x0b\x40\xf9" +
	"\xe0\x63\x00\x91\xa5\x00\x00\x94\xe1\x0b\x42\xa9\xe0\x03\x13\xaa\xef\xf9\xff\x97\xf3\x03\x00\xaa\xe1\x03\x13\xaa\x12\xff\xff\x17" +
	"\x28\xfc\x70\xd3\x69\xff\x9f\x52\x1f\x01\x09\xeb\x61\x00\x00\x54\x20\x00\x80\x52\xc0\x03\x5f\xd6\xff\x43\x01\xd1\x3f\xbc\x40\xf2" +
	"\x09\xff\x8f\x52\x8a\xff\x8f\x52\x00\x11\x49\xfa\xf4\x4f\x04\xa9\xf3\x03\x03\xaa\xf4\x03\x01\xaa\xe9\x17\x9f\x1a\x1f\x01\x0a\xeb" +
	"\xfd\x7b\x02\xa9\xfd\x83\x00\x91\xf6\x57\x03\xa9\xc0\x04\x00\x54\xa9\x04\x00\x35\xf6\x03\x02\xaa\x21\x00\x80\x52\x22\x01\x80\x52" +
	"\xf5\x03\x00\xaa\xe0\x03\x00\xf9\x61\xf8\xff\x97\x00\xe4\x00\x6f\x89\x24\x02\x10\xe8\x03\x1f\xaa\x21\x01\xc0\x3d\xe1\x07\x80\x3d" +
	"\x00\x8c\x80\x3c\x00\x80\x00\xad\x00\x0c\x80\x3d\xe0\x07\x00\xf9\xc9\x6a\x68\x38\x08\x05\x00\x91\xc9\xff\xff\x35\x02\x05\x00\xd1" +
	"\xe0\x03\x00\x91\xe1\x03\x16\xaa\xae\xed\xff\x97\xc1\x34\x02\x50\xe0\x03\x00\x91\x42\x02\x80\x52\xaa\xed\xff\x97\xe0\x03\x00\x91" +
	"\xe1\x03\x14\xaa\x21\x0d\x00\x94\xe1\x8b\x40\xa9\xe0\x03\x15\xaa\xb7\xf9\xff\x97\xe8\x03\x00\xaa\xe0\x03\x1f\x2a\x68\x02\x00\xf9" +
	"\x03\x00\x00\x14\xe0\x03\x1f\x2a\x74\x02\x00\xf9\xf4\x4f\x44\xa9\xf6\x57\x43\xa9\xfd\x7b\x42\xa9\xff\x43\x01\x91\xc0\x03\x5f\xd6" +
	"\xfd\x7b\xba\xa9\xf4\x4f\x05\xa9\xf3\x03\x04\xaa\xfd\x03\x00\x91\xfb\x0b\x00\xf9\xfa\x67\x02\xa9\xf8\x5f\x03\xa9\xf6\x57\x04\xa9" +
	"\x62\x09\x00\xb4\x3b\x00\x80\xd2\xf8\x03\x03\xaa\xf7\x03\x02\xaa\xf9\x03\x01\xaa\xf4\x03\x00\xaa\xf5\x03\x1f\xaa\xe8\x03\x1f\x2a" +
	"\xfa\x03\x1f\xaa\xf6\x03\x1f\xaa\x21\x00\x80\x52\x3b\x00\xe0\xf2\x29\x6b\x7a\x38\x68\x00\x00\x36\x3f\x7d\x01\x71\x60\x04\x00\x54" +
	"\x28\xc1\x00\x51\x1f\x25\x00\x71\xc9\x00\x00\x54\x28\x01\x1b\x32\x09\x85\x01\x51\x3f\x15\x00\x71\x28\x04\x00\x54\x08\x5d\x01\x51" +
	"\xe8\x03\x08\x2a\x1f\x01\x18\xeb\xa2\x03\x00\x54\x21\x7c\x18\x9b\xd6\x22\x18\x9b\x3f\x00\x1b\xeb\x83\x02\x00\x54\xe0\x03\x14\xaa" +
	"\xed\xf0\xff\x97\xe3\x03\x00\xaa\xe0\x03\x14\xaa\x61\x00\x80\x52\xe2\x03\x15\xaa\xcb\xe7\xff\x97\xf5\x03\x00\xaa\xe0\x03\x14\xaa" +
	"\xe1\x03\x16\xaa\xe4\xf0\xff\x97\xe3\x03\x00\xaa\xe0\x03\x14\xaa\x21\x00\x80\x52\xe2\x03\x15\xaa\xc2\xe7\xff\x97\xf5\x03\x00\xaa" +
	"\xf6\x03\x1f\xaa\x21\x00\x80\x52\x5a\x07\x00\x91\x28\x00\x80\x52\xff\x02\x1a\xeb\xe1\xfa\xff\x54\xfa\x03\x17\xaa\x3f\x08\x00\xf1" +
	"\xa3\x02\x00\x54\xe0\x03\x14\xaa\xd3\xf0\xff\x97\xe3\x03\x00\xaa\xe0\x03\x14\xaa\x61\x00\x80\x52\xe2\x03\x15\xaa\xb1\xe7\xff\x97" +
	"\xf5\x03\x00\xaa\xe0\x03\x14\xaa\xe1\x03\x16\xaa\xca\xf0\xff\x97\xe3\x03\x00\xaa\xe0\x03\x14\xaa\x21\x00\x80\x52\xe2\x03\x15\xaa" +
	"\xa8\xe7\xff\x97\xf5\x03\x00\xaa\x03\x00\x00\x14\xfa\x03\x1f\xaa\xf5\x03\x1f\xaa\xe0\x03\x15\xaa\x7a\x02\x00\xf9\xfb\x0b\x40\xf9" +
	"\xf4\x4f\x45\xa9\xf6\x57\x44\xa9\xf8\x5f\x43\xa9\xfa\x67\x42\xa9\xfd\x7b\xc6\xa8\xc0\x03\x5f\xd6\xfd\x7b\xba\xa9\xf4\x4f\x05\xa9" +
	"\xf4\x03\x01\xaa\x21\x00\x80\x52\xfc\x6f\x01\xa9\xfd\x03\x00\x91\xf3\x03\x00\xaa\xfa\x67\x02\xa9\xf8\x5f\x03\xa9\xf6\x57\x04\xa9" +
	"\x42\x07\x00\x94\x69\xa2\x40\xa9\x9b\xbe\x40\x92\x0a\x05\x00\x91\x6a\x0a\x00\xf9\x4a\x04\x80\x52\x2a\x69\x28\x38\x68\x07\x40\xf9" +
	"\xc8\x0a\x00\xb4\xfc\x03\x1f\xaa\x76\x43\x00\x91\x75\x34\x02\x10\x9a\x36\x02\x10\xd7\x22\x02\x30\x58\x28\x02\x10\x79\x26\x02\x30" +
	"\xd4\x6a\x7c\x38\x9f\x32\x00\x71\x4d\x01\x00\x54\x9f\x72\x01\x71\xe0\x01\x00\x54\x9f\x8a\x00\x71\x00\x02\x00\x54\x9f\x36\x00\x71" +
	"\x41\x03\x00\x54\xe0\x03\x13\xaa\xe1\x03\x19\xaa\x10\x00\x00\x14\x9f\x26\x00\x71\x80\x01\x00\x54\x9f\x2a\x00\x71\x61\x02\x00\x54" +
	"\xe0\x03\x13\xaa\xe1\x03\x1a\xaa\x09\x00\x00\x14\xe0\x03\x13\xaa\xe1\x03\x17\xaa\x06\x00\x00\x14\xe0\x03\x13\xaa\xe1\x03\x18\xaa" +
	"\x03\x00\x00\x14\xe0\x03\x13\xaa\xe1\x03\x15\xaa\x42\x00\x80\x52\x04\xed\xff\x97\x68\x07\x40\xf9\x9c\x07\x00\x91\x9f\x03\x08\xeb" +
	"\x03\xfc\xff\x54\x2d\x00\x00\x14\x9f\x82\x00\x71\x63\x01\x00\x54\x9f\xfe\x01\x71\x20\x01\x00\x54\xe0\x03\x13\xaa\x21\x00\x80\x52" +
	"\x0a\x07\x00\x94\x69\xa2\x40\xa9\x0a\x05\x00\x91\x6a\x0a\x00\xf9\x34\x69\x28\x38\xf0\xff\xff\x17\xe0\x03\x13\xaa\x81\x24\x02\x30" +
	"\x42\x00\x80\x52\xef\xec\xff\x97\x88\xfe\x44\xd3\xc9\x2c\x02\x70\xf9\x03\x17\xaa\xf7\x03\x1a\xaa\xfa\x03\x15\xaa\xe0\x03\x13\xaa" +
	"\x35\x69\x68\x38\x21\x00\x80\x52\xf8\x06\x00\x94\x69\xa2\x40\xa9\xe0\x03\x13\xaa\x21\x00\x80\x52\x0a\x05\x00\x91\x6a\x0a\x00\xf9" +
	"\x35\x69\x28\x38\x88\x0e\x40\x92\xe9\x2a\x02\x70\x34\x69\x68\x38\xf5\x03\x1a\xaa\xfa\x03\x17\xaa\xf7\x03\x19\xaa\x79\x1d\x02\x30" +
	"\xea\x06\x00\x94\x69\xa2\x40\xa9\x0a\x05\x00\x91\x6a\x0a\x00\xf9\x34\x69\x28\x38\xd0\xff\xff\x17\xe0\x03\x13\xaa\x21\x00\x80\x52" +
	"\xe2\x06\x00\x94\x69\xa2\x40\xa9\xf6\x57\x44\xa9\xf8\x5f\x43\xa9\x0a\x05\x00\x91\xfa\x67\x42\xa9\x6a\x0a\x00\xf9\xf4\x4f\x45\xa9" +
	"\xfc\x6f\x41\xa9\x4a\x04\x80\x52\x2a\x69\x28\x38\xfd\x7b\xc6\xa8\xc0\x03\x5f\xd6\xfd\x7b\xbe\xa9\xf3\x0b\x00\xf9\xf3\x03\x00\xaa" +
	"\xe0\x03\x01\xaa\xfd\x03\x00\x91\x0b\x00\x00\x94\xe1\x03\x00\xaa\xe8\x03\x1f\xaa\x29\x68\x68\x38\x08\x05\x00\x91\xc9\xff\xff\x35" +
	"\xe0\x03\x13\xaa\xf3\x0b\x40\xf9\x02\x05\x00\xd1\xfd\x7b\xc2\xa8\x3e\xef\xff\x17\x08\xfc\x70\xd3\x09\xff\x8f\x52\x1f\xbc\x40\xf2" +
	"\x8a\xff\x8f\x52\x00\x1e\x02\x50\x00\x11\x49\xfa\xe9\x17\x9f\x1a\x1f\x01\x0a\xeb\xe0\x03\x00\x54\xc9\x03\x00\x37\x89\xff\x9f\x52" +
	"\x1f\x01\x09\x6b\x8d\x01\x00\x54\xa9\xff\x9f\x52\x1f\x01\x09\x6b\x20\x02\x00\x54\xc9\xff\x9f\x52\x1f\x01\x09\x6b\x00\x02\x00\x54" +
	"\xe9\xff\x9f\x52\x1f\x01\x09\x6b\x21\x02\x00\x54\x20\x20\x02\x30\xc0\x03\x5f\xd6\x69\xff\x9f\x52\x1f\x01\x09\x6b\x40\x01\x00\x54" +
	"\x89\xff\x9f\x52\x1f\x01\x09\x6b\x21\x01\x00\x54\xa0\x24\x02\x70\xc0\x03\x5f\xd6\xa0\x09\x02\x50\xc0\x03\x5f\xd6\x00\x24\x02\x30" +
	"\xc0\x03\x5f\xd6\xa0\x21\x02\x70\xc0\x03\x5f\xd6\x40\x0c\x02\x70\xc0\x03\x5f\xd6\xff\xc3\x00\xd1\x82\x23\x02\x10\xe3\x23\x00\x91" +
	"\xfd\x7b\x01\xa9\xf4\x4f\x02\xa9\xfd\x43\x00\x91\xf4\x03\x01\xaa\xf3\x03\x00\xaa\x16\xf9\xff\x97\x60\x02\x00\x34\xe0\x03\x13\xaa" +
	"\xe1\x03\x14\xaa\x92\xe6\xff\x97\x08\xfc\x50\xd3\x1f\x41\x00\xf1\x48\x02\x00\x54\x08\x24\x75\x92\x09\x00\x9b\x52\xe1\x03\x00\xaa" +
	"\x1f\x01\x09\xeb\xa0\x01\x00\x54\xe0\x13\x00\x91\xb6\xf6\xff\x97\xe2\x03\x00\xaa\xe1\x13\x00\x91\xe0\x03\x13\xaa\xfb\xee\xff\x97" +
	"\x02\x00\x00\x14\xe0\x07\x40\xf9\xf4\x4f\x42\xa9\xfd\x7b\x41\xa9\xff\xc3\x00\x91\xc0\x03\x5f\xd6\xe0\x03\x13\xaa\xf4\x4f\x42\xa9" +
	"\xfd\x7b\x41\xa9\xa1\x11\x02\x30\xc2\x02\x80\x52\xff\xc3\x00\x91\x77\xf8\xff\x17\xff\xc3\x00\xd1\xc2\x0a\x02\x10\xe3\x23\x00\x91" +
	"\xfd\x7b\x01\xa9\xf4\x4f\x02\xa9\xfd\x43\x00\x91\xf4\x03\x01\xaa\xf3\x03\x00\xaa\x83\xfe\xff\x97\x40\x01\x00\x34\x88\xbe\x40\x92" +
	"\x01\x05\x40\xf9\x81\x01\x00\xb4\x00\x41\x00\x91\xe2\x23\x00\x91\x10\x00\x00\x94\x00\x00\x63\x9e\x00\x00\x66\x9e\x02\x00\x00\x14" +
	"\xe0\x07\x40\xf9\xf4\x4f\x42\xa9\xfd\x7b\x41\xa9\xff\xc3\x00\x91\xc0\x03\x5f\xd6\xe0\x03\x13\xaa\xf4\x4f\x42\xa9\xfd\x7b\x41\xa9" +
	"\x61\x1b\x02\x10\xc2\x02\x80\x52\xff\xc3\x00\x91\x58\xf8\xff\x17\x09\x00\xc0\x39\xe8\x03\x00\xaa\x20\x1d\x40\x92\x89\x00\xf8\x37" +
	"\x28\x00\x80\x52\x48\x00\x00\xf9\xc0\x03\x5f\xd6\x0a\x40\x00\x11\x2b\x1d\x00\x12\x4a\x1d\x00\x12\x5f\x15\x00\x71\x62\x00\x00\x54" +
	"\x69\x00\x80\x52\x08\x00\x00\x14\x1f\x7c\x03\x71\x69\x00\x00\x54\x49\x00\x80\x52\x04\x00\x00\x14\x7f\x05\x03\x71\x89\x04\x00\x54" +
	"\x29\x00\x80\x52\xe9\x03\x09\x2a\x2a\x00\x80\x52\x3f\x01\x01\xeb\x4a\x00\x00\xf9\x02\x04\x00\x54\xea\x07\x80\x52\x08\x05\x00\x91" +
	"\xa0\xff\x9f\x52\x4c\x25\xc9\x1a\x2a\x05\x00\x91\x8b\x01\x0b\x0a\xec\x03\x09\xaa\xed\x03\x0b\xaa\x0b\x15\x40\x38\x6e\x05\x1a\x12" +
	"\xdf\x01\x02\x71\x21\xfc\xff\x54\xab\xe5\x7a\xb3\x8c\x05\x00\xf1\x21\xff\xff\x54\xa8\xd1\x7b\x92\xa0\xff\x9f\x52\x1f\x81\x0d\xf1" +
	"\x40\xfb\xff\x54\x68\xfd\x50\xd3\x1f\x41\x00\xf1\xe8\xfa\xff\x54\x88\x1e\x02\x10\x08\x79\x69\xf8\x7f\x01\x08\xeb\x63\xfa\xff\x54" +
	"\xe0\x03\x0b\xaa\x4a\x00\x00\xf9\xc0\x03\x5f\xd6\x28\x00\x80\x52\x48\x00\x00\xf9\xa0\xff\x9f\x52\xc0\x03\x5f\xd6\xff\xc3\x00\xd1" +
	"\xa2\x14\x02\x70\xe3\x23\x00\x91\xfd\x7b\x01\xa9\xf4\x4f\x02\xa9\xfd\x43\x00\x91\xf3\x03\x01\xaa\xf4\x03\x00\xaa\x29\xfe\xff\x97" +
	"\xe0\x00\x00\x34\xe0\x03\x14\xaa\xe1\x03\x13\xaa\xf4\x4f\x42\xa9\xfd\x7b\x41\xa9\xff\xc3\x00\x91\x96\xef\xff\x17\xf4\x4f\x42\xa9" +
	"\xe0\x07\x40\xf9\xfd\x7b\x41\xa9\xff\xc3\x00\x91\xc0\x03\x5f\xd6\xfd\x7b\xbc\xa9\xfd\x03\x00\x91\x22\x0f\x02\x30\xf7\x0b\x00\xf9" +
	"\xa3\x63\x00\x91\xf6\x57\x02\xa9\xf4\x4f\x03\xa9\xf4\x03\x01\xaa\xf3\x03\x00\xaa\x13\xfe\xff\x97\x20\x03\x00\x34\x95\xbe\x40\x92" +
	"\xe0\x03\x13\xaa\xa1\x06\x40\xf9\x2a\xec\xff\x97\xa8\x06\x40\xf9\xf4\x03\x00\xaa\x68\x02\x00\xb4\xf6\x03\x1f\xaa\xb7\x42\x00\x91" +
	"\x01\x01\x16\xcb\xe0\x02\x16\x8b\xa2\x63\x00\x91\x99\xff\xff\x97\x00\x00\x63\x9e\xe0\x03\x13\xaa\xe1\x03\x14\xaa\x02\x00\x66\x9e" +
	"\xc0\xef\xff\x97\xa9\x0f\x40\xf9\xa8\x06\x40\xf9\x36\x01\x16\x8b\xdf\x02\x08\xeb\x63\xfe\xff\x54\x02\x00\x00\x14\xb4\x0f\x40\xf9" +
	"\xe0\x03\x14\xaa\xf4\x4f\x43\xa9\xf6\x57\x42\xa9\xf7\x0b\x40\xf9\xfd\x7b\xc4\xa8\xc0\x03\x5f\xd6\x42\xfb\x01\x10\x23\x00\x80\x52" +
	"\x01\x00\x00\x14\xfd\x7b\xbd\xa9\xfd\x03\x00\x91\xf4\x4f\x02\xa9\xf3\x03\x03\x2a\xa3\x63\x00\x91\xf5\x0b\x00\xf9\xf5\x03\x01\xaa" +
	"\xf4\x03\x00\xaa\xe7\xfd\xff\x97\x60\x03\x00\x34\xa8\xbe\x40\x92\xe0\x03\x14\xaa\x02\x05\x40\xf9\x01\x41\x00\x91\x43\xee\xff\x97" +
	"\x08\xbc\x40\x92\x0a\x05\x40\xf9\x8a\x02\x00\xb4\xe9\x03\x1f\xaa\x0b\x41\x00\x91\x6c\x69\x69\x38\x73\x01\x00\x34\x8d\x85\x01\x51" +
	"\xbf\x69\x00\x71\x82\x00\x00\x54\x8a\x01\x1b\x52\x6a\x69\x29\x38\x0a\x05\x40\xf9\x29\x05\x00\x91\x3f\x01\x0a\xeb\xc3\xfe\xff\x54" +
	"\x06\x00\x00\x14\x8d\x05\x01\x51\xbf\x65\x00\x71\xe9\xfe\xff\x54\xf9\xff\xff\x17\xa0\x0f\x40\xf9\xf4\x4f\x42\xa9\xf5\x0b\x40\xf9" +
	"\xfd\x7b\xc3\xa8\xc0\x03\x5f\xd6\x82\xfa\x01\x50\xe3\x03\x1f\x2a\xd5\xff\xff\x17\xff\xc3\x00\xd1\xc2\xf5\x01\x50\xe3\x23\x00\x91" +
	"\xfd\x7b\x01\xa9\xf4\x4f\x02\xa9\xfd\x43\x00\x91\xf4\x03\x01\xaa\xf3\x03\x00\xaa\xbb\xfd\xff\x97\xc0\x03\x00\x34\x88\xbe\x40\x92" +
	"\x09\x05\x40\xf9\x49\x04\x00\xb4\xea\x03\x1f\xaa\x0b\x41\x00\x91\x6c\x69\x6a\x38\x8d\x25\x00\x51\xbf\x15\x00\x71\xa2\x00\x00\x54" +
	"\x4a\x05\x00\x91\x3f\x01\x0a\xeb\x41\xff\xff\x54\x16\x00\x00\x14\x9f\x81\x00\x71\x60\xff\xff\x54\x3f\x01\x0a\xeb\xa9\x02\x00\x54" +
	"\x0b\x3d\x00\x91\x6c\x69\x69\x38\x8d\x25\x00\x51\xbf\x15\x00\x71\xa2\x00\x00\x54\x29\x05\x00\xd1\x3f\x01\x0a\xeb\x48\xff\xff\x54" +
	"\x14\x00\x00\x14\x9f\x81\x00\x71\x60\xff\xff\x54\x09\x00\x00\x14\xf4\x4f\x42\xa9\xe0\x07\x40\xf9\xfd\x7b\x41\xa9\xff\xc3\x00\x91" +
	"\xc0\x03\x5f\xd6\xea\x03\x09\xaa\x02\x00\x00\x14\xea\x03\x1f\xaa\xe0\x03\x13\xaa\xf4\x4f\x42\xa9\xfd\x7b\x41\xa9\x08\x01\x0a\x8b" +
	"\x22\x01\x0a\xcb\x01\x41\x00\x91\xff\xc3\x00\x91\xef\xed\xff\x17\xe9\x03\x0a\xaa\xf7\xff\xff\x17\xfd\x7b\xba\xa9\xfd\x03\x00\x91" +
	"\xf6\x57\x04\xa9\xf6\x03\x02\xaa\x22\xee\x01\x10\xa3\x63\x00\x91\xfb\x0b\x00\xf9\xfa\x67\x02\xa9\xf5\x03\x01\xaa\xf8\x5f\x03\xa9" +
	"\xf4\x4f\x05\xa9\xf3\x03\x00\xaa\x7e\xfd\xff\x97\x00\x05\x00\x34\xe2\xec\x01\x10\xa3\x63\x00\x91\xe0\x03\x13\xaa\xe1\x03\x16\xaa" +
	"\x78\xfd\xff\x97\x40\x04\x00\x34\xe0\x03\x13\xaa\x81\x00\x80\x52\x90\xeb\xff\x97\xd9\xbe\x40\x92\xf4\x03\x00\xaa\x28\x07\x40\xf9" +
	"\xa8\x03\x00\xb4\xe0\x03\x15\xaa\xe1\x03\x16\xaa\xe2\x03\x1f\xaa\x47\xee\xff\x97\xba\xbe\x40\x92\xc0\x05\xf8\xb7\xf7\x03\x00\xaa" +
	"\xf8\x03\x1f\xaa\x5b\x43\x00\x91\xe2\x02\x18\xcb\x61\x03\x18\x8b\xe0\x03\x13\xaa\xc5\xed\xff\x97\xe2\x03\x00\xaa\xe0\x03\x13\xaa" +
	"\xe1\x03\x14\xaa\x1f\xef\xff\x97\x28\x07\x40\xf9\xe0\x03\x15\xaa\xe1\x03\x16\xaa\x18\x01\x17\x8b\xe2\x03\x18\xaa\x34\xee\xff\x97" +
	"\xf7\x03\x00\xaa\x20\xfe\xff\xb6\x1b\x00\x00\x14\xb4\x0f\x40\xf9\x23\x00\x00\x14\xb6\xbe\x40\x92\xc8\x06\x40\xf9\x08\x04\x00\xb4" +
	"\xf7\x03\x1f\xaa\xd8\x42\x00\x91\x01\x01\x17\xcb\x00\x03\x17\x8b\xa2\x63\x00\x91\xdf\xfe\xff\x97\xb5\x0f\x40\xf9\x01\x03\x17\x8b" +
	"\xe0\x03\x13\xaa\xe2\x03\x15\xaa\xa8\xed\xff\x97\xe2\x03\x00\xaa\xe0\x03\x13\xaa\xe1\x03\x14\xaa\x02\xef\xff\x97\xc8\x06\x40\xf9" +
	"\xb7\x02\x17\x8b\xff\x02\x08\xeb\x03\xfe\xff\x54\x0c\x00\x00\x14\xf8\x03\x1f\xaa\x48\x07\x40\xf9\x49\x03\x18\x8b\xe0\x03\x13\xaa" +
	"\x21\x41\x00\x91\x02\x01\x18\xcb\x98\xed\xff\x97\xe2\x03\x00\xaa\xe0\x03\x13\xaa\xe1\x03\x14\xaa\xf2\xee\xff\x97\xe0\x03\x14\xaa" +
	"\xf4\x4f\x45\xa9\xf6\x57\x44\xa9\xfb\x0b\x40\xf9\xf8\x5f\x43\xa9\xfa\x67\x42\xa9\xfd\x7b\xc6\xa8\xc0\x03\x5f\xd6\xff\x83\x01\xd1" +
	"\xf4\x4f\x05\xa9\xf4\x03\x02\xaa\xc2\xe6\x01\x10\xe3\x03\x00\x91\xfd\x7b\x02\xa9\xfd\x83\x00\x91\xf7\x1b\x00\xf9\xf3\x03\x00\xaa" +
	"\xf6\x57\x04\xa9\xf5\x03\x01\xaa\x43\x00\x00\x94\xe0\x06\x00\x34\x82\xe5\x01\x10\xe3\x03\x00\x91\xe0\x03\x13\xaa\xe1\x03\x14\xaa" +
	"\x18\xfd\xff\x97\x20\x06\x00\x34\xe0\x03\x13\xaa\x21\x00\x80\x52\x22\x01\x80\x52\xf3\x03\x00\xf9\x8d\xf5\xff\x97\x00\xe4\x00\x6f" +
	"\x08\xca\x01\x10\xe1\x03\x00\xaa\x01\x01\xc0\x3d\xb5\xbe\x40\x92\x20\x8c\x80\x3c\x20\x80\x00\xad\x20\x0c\x80\x3d\xe1\x07\x00\xf9" +
	"\xe1\x07\x80\x3d\xa8\x06\x40\xf9\x48\x04\x00\xb4\xf6\x03\x1f\xaa\x94\xbe\x40\x92\x77\xff\x9f\x52\xb6\x00\x00\xb4\x82\x06\x40\xf9" +
	"\xe0\x03\x00\x91\x81\x42\x00\x91\xd6\xea\xff\x97\xa8\x0e\x40\xf9\x08\x0d\x16\x8b\x02\x05\x40\xf9\xff\xc2\x42\xeb\xe1\x00\x00\x54" +
	"\x48\xbc\x40\x92\xe0\x03\x00\x91\x02\x05\x40\xf9\x01\x41\x00\x91\xcc\xea\xff\x97\x06\x00\x00\x14\xe1\x03\x00\x91\xe0\x03\x13\xaa" +
	"\xe3\x03\x1f\x2a\xe4\x03\x1f\x2a\x6d\xef\xff\x97\xa8\x06\x40\xf9\xd6\x06\x00\x91\xdf\x02\x08\xeb\x03\xfd\xff\x54\xf3\x07\x40\xa9" +
	"\xe2\x0b\x40\xf9\x04\x00\x00\x14\xe0\x03\x40\xf9\x04\x00\x00\x14\xe2\x03\x1f\xaa\xe0\x03\x13\xaa\x44\xed\xff\x97\xf4\x4f\x45\xa9" +
	"\xf7\x1b\x40\xf9\xf6\x57\x44\xa9\xfd\x7b\x42\xa9\xff\x83\x01\x91\xc0\x03\x5f\xd6\x28\xfc\x70\xd3\x89\xff\x9f\x52\x1f\x01\x09\xeb" +
	"\x61\x00\x00\x54\x20\x00\x80\x52\xc0\x03\x5f\xd6\xff\x43\x01\xd1\x3f\xbc\x40\xf2\x09\xff\x8f\x52\x8a\xff\x8f\x52\x00\x11\x49\xfa" +
	"\xf4\x4f\x04\xa9\xf3\x03\x03\xaa\xf4\x03\x01\xaa\xe9\x17\x9f\x1a\x1f\x01\x0a\xeb\xfd\x7b\x02\xa9\xfd\x83\x00\x91\xf6\x57\x03\xa9" +
	"\xc0\x04\x00\x54\xa9\x04\x00\x35\xf6\x03\x02\xaa\x21\x00\x80\x52\x22\x01\x80\x52\xf5\x03\x00\xaa\xe0\x03\x00\xf9\x3c\xf5\xff\x97" +
	"\x00\xe4\x00\x6f\xe9\xbf\x01\x10\xe8\x03\x1f\xaa\x21\x01\xc0\x3d\xe1\x07\x80\x3d\x00\x8c\x80\x3c\x00\x80\x00\xad\x00\x0c\x80\x3d" +
	"\xe0\x07\x00\xf9\xc9\x6a\x68\x38\x08\x05\x00\x91\xc9\xff\xff\x35\x02\x05\x00\xd1\xe0\x03\x00\x91\xe1\x03\x16\xaa\x89\xea\xff\x97" +
	"\x81\xdc\x01\x10\xe0\x03\x00\x91\x62\x02\x80\x52\x85\xea\xff\x97\xe0\x03\x00\x91\xe1\x03\x14\xaa\xfc\x09\x00\x94\xe1\x8b\x40\xa9" +
	"\xe0\x03\x15\xaa\x92\xf6\xff\x97\xe8\x03\x00\xaa\xe0\x03\x1f\x2a\x68\x02\x00\xf9\x03\x00\x00\x14\xe0\x03\x1f\x2a\x74\x02\x00\xf9" +
	"\xf4\x4f\x44\xa9\xf6\x57\x43\xa9\xfd\x7b\x42\xa9\xff\x43\x01\x91\xc0\x03\x5f\xd6\xff\xc3\x01\xd1\xf6\x57\x05\xa9\xf5\x03\x03\xaa" +
	"\xe3\x03\x00\x91\xf4\x4f\x06\xa9\xf4\x03\x02\xaa\xa2\xc6\x01\x30\xfd\x7b\x02\xa9\xfd\x83\x00\x91\xf3\x03\x01\xaa\xfa\x67\x03\xa9" +
	"\xf6\x03\x00\xaa\xf8\x5f\x04\xa9\x8e\xfc\xff\x97\x60\x06\x00\x34\x82\xc5\x01\x30\xe3\x03\x00\x91\xe0\x03\x16\xaa\xe1\x03\x14\xaa" +
	"\x88\xfc\xff\x97\xa0\x05\x00\x34\xc2\xc4\x01\x30\xe3\x03\x00\x91\xe0\x03\x16\xaa\xe1\x03\x15\xaa\x82\xfc\xff\x97\xe0\x04\x00\x34" +
	"\x99\xbe\x40\x92\x28\x07\x40\xf9\xa8\x04\x00\xb4\x78\xbe\x40\x92\xe0\x03\x16\xaa\xf6\x03\x00\xf9\x08\x07\x40\xf9\x17\x05\x00\x91" +
	"\xe1\x03\x17\xaa\xe2\x01\x00\x94\xe0\xff\x00\xa9\xe0\x03\x13\xaa\xe1\x03\x14\xaa\xe2\x03\x1f\xaa\xf7\x0f\x00\xf9\x4c\xed\xff\x97" +
	"\xe0\x03\xf8\xb7\xf6\x03\x00\xaa\xf7\x03\x1f\xaa\x1a\x43\x00\x91\xb5\xbe\x40\x92\xc2\x02\x17\xcb\xe0\x03\x00\x91\x41\x03\x17\x8b" +
	"\x40\xea\xff\x97\xa2\x06\x40\xf9\xe0\x03\x00\x91\xa1\x42\x00\x91\x3c\xea\xff\x97\x28\x07\x40\xf9\xe0\x03\x13\xaa\xe1\x03\x14\xaa" +
	"\x17\x01\x16\x8b\xe2\x03\x17\xaa\x39\xed\xff\x97\xf6\x03\x00\xaa\x20\xfe\xff\xb6\x0b\x00\x00\x14\xf3\x03\x40\xf9\xe0\x03\x13\xaa" +
	"\xf4\x4f\x46\xa9\xf6\x57\x45\xa9\xf8\x5f\x44\xa9\xfa\x67\x43\xa9\xfd\x7b\x42\xa9\xff\xc3\x01\x91\xc0\x03\x5f\xd6\xf7\x03\x1f\xaa" +
	"\x08\x07\x40\xf9\x09\x03\x17\x8b\xe0\x03\x00\x91\x21\x41\x00\x91\x02\x01\x17\xcb\x23\xea\xff\x97\xe0\x07\x40\xa9\xe2\x0b\x40\xf9" +
	"\xf4\x4f\x46\xa9\xf6\x57\x45\xa9\xf8\x5f\x44\xa9\xfa\x67\x43\xa9\xfd\x7b\x42\xa9\xff\xc3\x01\x91\xa4\xec\xff\x17\xfd\x7b\xbd\xa9" +
	"\xfd\x03\x00\x91\xf4\x4f\x02\xa9\xf4\x03\x02\xaa\xe2\xbb\x01\x30\xa3\x63\x00\x91\xf5\x0b\x00\xf9\xf3\x03\x01\xaa\xf5\x03\x00\xaa" +
	"\x38\xfc\xff\x97\xe0\x01\x00\x34\x02\xbb\x01\x30\xa3\x63\x00\x91\xe0\x03\x15\xaa\xe1\x03\x14\xaa\x32\xfc\xff\x97\x20\x01\x00\x34" +
	"\x8a\xbe\x40\x92\x69\xbe\x40\x92\x48\x05\x40\xf9\x2b\x05\x40\xf9\x1f\x01\x0b\xeb\x09\x01\x00\x54\xe0\x03\x1f\xaa\x02\x00\x00\x14" +
	"\xa0\x0f\x40\xf9\xf4\x4f\x42\xa9\xf5\x0b\x40\xf9\xfd\x7b\xc3\xa8\xc0\x03\x5f\xd6\x28\x01\x00\xb4\x29\x41\x00\x91\x4a\x41\x00\x91" +
	"\x2b\x15\x40\x38\x4c\x15\x40\x38\x7f\x01\x0c\x6b\x61\xfe\xff\x54\x08\x05\x00\xf1\x61\xff\xff\x54\x00\xfe\xe7\xd2\xf2\xff\xff\x17" +
	"\xfd\x7b\xbd\xa9\xfd\x03\x00\x91\xf4\x4f\x02\xa9\xf4\x03\x02\xaa\x42\xb9\x01\x50\xa3\x63\x00\x91\xf5\x0b\x00\xf9\xf3\x03\x01\xaa" +
	"\xf5\x03\x00\xaa\x0f\xfc\xff\x97\xe0\x01\x00\x34\x62\xb8\x01\x50\xa3\x63\x00\x91\xe0\x03\x15\xaa\xe1\x03\x14\xaa\x09\xfc\xff\x97" +
	"\x20\x01\x00\x34\x8a\xbe\x40\x92\x68\xbe\x40\x92\x49\x05\x40\xf9\x0b\x05\x40\xf9\x3f\x01\x0b\xeb\x09\x01\x00\x54\xe0\x03\x1f\xaa" +
	"\x02\x00\x00\x14\xa0\x0f\x40\xf9\xf4\x4f\x42\xa9\xf5\x0b\x40\xf9\xfd\x7b\xc3\xa8\xc0\x03\x5f\xd6\x69\x01\x00\xb4\x08\x01\x0b\x8b" +
	"\xe9\x03\x09\xcb\x4a\x41\x00\x91\x08\x41\x00\x91\x0b\x69\x69\x38\x4c\x15\x40\x38\x7f\x01\x0c\x6b\x21\xfe\xff\x54\x29\x05\x00\xb1" +
	"\x63\xff\xff\x54\x00\xfe\xe7\xd2\xf0\xff\xff\x17\xff\x03\x01\xd1\x88\xff\x9f\x52\xf6\x57\x02\xa9\xf5\x03\x01\xaa\xf4\x4f\x03\xa9" +
	"\xf3\x03\x02\xaa\x1f\xc1\x41\xeb\xf4\x03\x00\xaa\xfd\x7b\x01\xa9\xfd\x43\x00\x91\x41\x02\x00\x54\xb5\xbe\x40\x92\xa8\x06\x40\xf9" +
	"\xa8\x01\x00\xb4\xf6\x03\x1f\xaa\xa8\x0e\x40\xf9\xe0\x03\x14\xaa\xe2\x03\x13\xaa\x08\x0d\x16\x8b\x01\x05\x40\xf9\xb9\xe5\xff\x97" +
	"\x60\x03\x00\x35\xa8\x06\x40\xf9\xd6\x06\x00\x91\xdf\x02\x08\xeb\xc3\xfe\xff\x54\x00\xfe\xf7\xd2\x17\x00\x00\x14\xe2\xb1\x01\x10" +
	"\xe3\x23\x00\x91\xe0\x03\x14\xaa\xe1\x03\x15\xaa\xcd\xfb\xff\x97\xa0\x01\x00\x34\x22\xb1\x01\x10\xe3\x23\x00\x91\xe0\x03\x14\xaa" +
	"\xe1\x03\x13\xaa\xc7\xfb\xff\x97\xe0\x00\x00\x34\xe0\x03\x15\xaa\xe1\x03\x13\xaa\xe2\x03\x1f\xaa\x9d\xec\xff\x97\x00\x00\x62\x9e" +
	"\x04\x00\x00\x14\xe0\x07\x40\xf9\x03\x00\x00\x14\xc0\x02\x63\x9e\x00\x00\x66\x9e\xf4\x4f\x43\xa9\xf6\x57\x42\xa9\xfd\x7b\x41\xa9" +
	"\xff\x03\x01\x91\xc0\x03\x5f\xd6\xfd\x7b\xbd\xa9\xfd\x03\x00\x91\xf4\x4f\x02\xa9\xf4\x03\x02\xaa\x22\xa8\x01\x30\xa3\x63\x00\x91" +
	"\xf5\x0b\x00\xf9\xf3\x03\x01\xaa\xf5\x03\x00\xaa\xd2\xfe\xff\x97\xc0\x00\x00\x34\xe0\x03\x15\xaa\xe1\x03\x13\xaa\xe2\x03\x14\xaa" +
	"\x68\xed\xff\x97\x02\x00\x00\x14\xb3\x0f\x40\xf9\xe0\x03\x13\xaa\xf4\x4f\x42\xa9\xf5\x0b\x40\xf9\xfd\x7b\xc3\xa8\xc0\x03\x5f\xd6" +
	"\xff\xc3\x00\xd1\xe2\xb6\x01\x50\xe3\x23\x00\x91\xfd\x7b\x01\xa9\xf4\x4f\x02\xa9\xfd\x43\x00\x91\xf4\x03\x01\xaa\xf3\x03\x00\xaa" +
	"\xbd\xfe\xff\x97\x20\x01\x00\x34\x88\xbe\x40\x92\x09\x05\x40\xf9\x69\x01\x00\xb4\x0a\x0d\x40\xf9\x2b\x05\x00\xd1\x0b\x05\x00\xf9" +
	"\x40\x79\x69\xf8\x02\x00\x00\x14\xe0\x07\x40\xf9\xf4\x4f\x42\xa9\xfd\x7b\x41\xa9\xff\xc3\x00\x91\xc0\x03\x5f\xd6\xe0\x03\x13\xaa" +
	"\xf4\x4f\x42\xa9\xfd\x7b\x41\xa9\xa1\xa8\x01\x30\xc2\x02\x80\x52\xff\xc3\x00\x91\x6e\xf5\xff\x17\xc3\xb9\x01\x50\xe2\x03\x1f\x2a" +
	"\x01\x00\x00\x14\xfd\x7b\xbb\xa9\x28\xfc\x70\xd3\xa9\xff\x9f\x52\xf4\x4f\x04\xa9\xf3\x03\x01\xaa\xf4\x03\x00\xaa\xf9\x0b\x00\xf9" +
	"\x1f\x01\x09\xeb\xf8\x5f\x02\xa9\xfd\x03\x00\x91\xf6\x57\x03\xa9\x61\x03\x00\x54\x76\xbe\x40\x92\xe0\x03\x14\xaa\xf5\x03\x02\x2a" +
	"\xc1\x06\x40\xf9\x8b\xe9\xff\x97\xc8\x0a\x40\xf9\xf3\x03\x00\xaa\xa8\x04\x00\xb4\xc9\x12\x40\xf9\xf9\x1f\x80\xd2\xf7\x03\x1f\xaa" +
	"\x19\xff\xef\xf2\x38\x21\x00\x91\x09\x03\x40\xf9\x3f\x01\x19\xeb\xc0\x00\x00\x54\x02\x5b\x75\xf8\xe0\x03\x14\xaa\xe1\x03\x13\xaa" +
	"\x20\xed\xff\x97\xc8\x0a\x40\xf9\xf7\x06\x00\x91\x18\x43\x00\x91\xff\x02\x08\xeb\xa3\xfe\xff\x54\x13\x00\x00\x14\x7f\xbe\x40\xf2" +
	"\x09\xff\x8f\x52\x8a\xff\x8f\x52\x00\x11\x49\xfa\xe9\x17\x9f\x1a\x1f\x01\x0a\xeb\x80\x01\x00\x54\x69\x01\x00\x37\xe0\x03\x14\xaa" +
	"\xe2\x03\x13\xaa\xf9\x0b\x40\xf9\xf4\x4f\x44\xa9\xe1\x03\x03\xaa\xf6\x57\x43\xa9\xe3\x03\x1f\xaa\xf8\x5f\x42\xa9\xfd\x7b\xc5\xa8" +
	"\xe5\xe8\xff\x17\xe0\x03\x13\xaa\xf4\x4f\x44\xa9\xf6\x57\x43\xa9\xf9\x0b\x40\xf9\xf8\x5f\x42\xa9\xfd\x7b\xc5\xa8\xc0\x03\x5f\xd6" +
	"\xe3\xb6\x01\x30\x22\x00\x80\x52\xbf\xff\xff\x17\xff\xc3\x00\xd1\x28\xfc\x70\xd3\xa9\xff\x9f\x52\xf4\x4f\x02\xa9\xf3\x03\x01\xaa" +
	"\xfd\x7b\x01\xa9\xfd\x43\x00\x91\x1f\x01\x09\x6b\x20\x04\x00\x54\x89\xff\x9f\x52\x1f\x01\x09\x6b\x81\x05\x00\x54\x74\xbe\x40\x92" +
	"\xe3\x23\x00\x91\xe1\x03\x02\xaa\x88\x06\x40\xf9\xe2\x03\x08\xaa\x25\xea\xff\x97\x80\x06\x00\x34\xe9\x07\x40\xf9\x8a\x0e\x40\xf9" +
	"\x88\x06\x40\xf9\xeb\x03\x29\xaa\x4a\x0d\x09\x8b\x0b\x01\x0b\x8b\x6b\xf1\x7d\xd3\x53\x8d\x40\xf8\x6b\x01\x00\xb4\x29\xf1\x7d\xd3" +
	"\x29\x0d\x08\xcb\x48\x21\x00\x91\x29\x21\x00\x91\x0a\x01\x40\x39\x29\x05\x00\xb1\x0a\x81\x1f\x38\x08\x05\x00\x91\x83\xff\xff\x54" +
	"\x88\x06\x40\xf9\x08\x05\x00\xd1\x88\x06\x00\xf9\x24\x00\x00\x14\xe1\x03\x13\xaa\x3a\xea\xff\x97\xc0\x03\xf8\xb7\x68\xbe\x40\x92" +
	"\x0a\x8c\x01\x10\x09\x11\x40\xf9\x40\x01\xc0\x3d\x29\x11\x00\x8b\x33\x09\x40\xf9\x20\x81\x80\x3c\x09\x05\x40\xf9\x29\x05\x00\xd1" +
	"\x09\x05\x00\xf9\x16\x00\x00\x14\x7f\xbe\x40\xf2\x09\xff\x8f\x52\x8a\xff\x8f\x52\x00\x11\x49\xfa\xe9\x17\x9f\x1a\x1f\x01\x0a\xeb" +
	"\xe0\x01\x00\x54\xc9\x01\x00\x37\xe2\x03\x13\xaa\xf4\x4f\x42\xa9\xfd\x7b\x41\xa9\x61\xa3\x01\x30\xe3\x03\x1f\xaa\xff\xc3\x00\x91" +
	"\x95\xe8\xff\x17\x13\x00\x8f\xd2\x93\x2c\xad\xf2\x03\x00\x00\x14\x13\x20\x8f\xd2\xb3\x6c\xad\xf2\x13\xff\xef\xf2\xe0\x03\x13\xaa" +
	"\xf4\x4f\x42\xa9\xfd\x7b\x41\xa9\xff\xc3\x00\x91\xc0\x03\x5f\xd6\xff\x43\x01\xd1\xf4\x4f\x04\xa9\xf3\x03\x02\xaa\x22\xa9\x01\x70" +
	"\xe3\x23\x00\x91\xfd\x7b\x01\xa9\xfd\x43\x00\x91\xf8\x5f\x02\xa9\xf4\x03\x00\xaa\xf6\x57\x03\xa9\xf5\x03\x01\xaa\x06\xfe\xff\x97" +
	"\x80\x06\x00\x34\xe2\xa7\x01\x70\xe3\x23\x00\x91\xe0\x03\x14\xaa\xe1\x03\x13\xaa\x00\xfe\xff\x97\xc0\x05\x00\x34\xb6\xbe\x40\x92" +
	"\x77\xbe\x40\x92\xd3\x06\x40\xf9\xe8\x06\x40\xf9\x1f\x01\x13\xeb\xe1\x05\x00\x54\x78\xf2\x7d\xd3\xe0\x03\x14\xaa\x01\x23\x00\x91" +
	"\x3b\x00\x00\x94\xf5\x03\x00\xaa\x01\x23\x00\x91\xe0\x03\x14\xaa\x37\x00\x00\x94\xe2\x03\x00\xaa\xd3\x00\x00\xb4\xe8\x03\x1f\xaa" +
	"\xa8\x7a\x28\xf8\x08\x05\x00\x91\x7f\x02\x08\xeb\xa1\xff\xff\x54\xe8\x0e\x40\xf9\xe0\x03\x14\xaa\xe1\x03\x15\xaa\xe4\x03\x13\xaa" +
	"\x03\x21\x00\x91\x3e\x00\x00\x94\xa0\x03\x00\x34\xe0\x03\x14\xaa\xe1\x03\x13\xaa\xd7\xe8\xff\x97\x53\x04\x00\xb4\xe9\x03\x1f\xaa" +
	"\x08\xbc\x40\x92\xca\x0e\x40\xf9\xab\x7a\x69\xf8\x4a\x0d\x0b\x8b\x0b\x0d\x40\xf9\x4a\x05\x40\xf9\x6b\x0d\x09\x8b\x29\x05\x00\x91" +
	"\x7f\x02\x09\xeb\x6a\x05\x00\xf9\xe1\xfe\xff\x54\x16\x00\x00\x14\xe0\x07\x40\xf9\xf4\x4f\x44\xa9\xf6\x57\x43\xa9\xf8\x5f\x42\xa9" +
	"\xfd\x7b\x41\xa9\xff\x43\x01\x91\xc0\x03\x5f\xd6\x41\x92\x01\x70\xe0\x03\x14\xaa\xe2\x03\x80\x52\x04\x00\x00\x14\xc1\x9b\x01\x30" +
	"\xe0\x03\x14\xaa\xa2\x04\x80\x52\xf4\x4f\x44\xa9\xf6\x57\x43\xa9\xf8\x5f\x42\xa9\xfd\x7b\x41\xa9\xff\x43\x01\x91\x84\xf4\xff\x17" +
	"\x08\xbc\x40\x92\x13\x05\x00\xf9\xeb\xff\xff\x17\xfd\x7b\xbe\xa9\xf3\x0b\x00\xf9\x33\x1c\x00\x91\x21\x00\x80\x52\x68\xfe\x43\xd3" +
	"\xfd\x03\x00\x91\x02\x05\x00\x91\x09\xf3\xff\x97\x7f\xf2\x7d\xf2\x00\x20\x00\x91\xe0\x00\x00\x54\x68\xf2\x7d\x92\xe9\x03\x00\xaa" +
	"\xe8\x03\x08\xcb\x08\x05\x00\xb1\x3f\x15\x00\x38\xc3\xff\xff\x54\xf3\x0b\x40\xf9\xfd\x7b\xc2\xa8\xc0\x03\x5f\xd6\x9f\x08\x00\xf1" +
	"\x62\x00\x00\x54\x20\x00\x80\x52\xc0\x03\x5f\xd6\xff\x03\x02\xd1\xf6\x57\x06\xa9\x96\xfc\x41\xd3\xf5\x03\x04\xaa\xfd\x7b\x02\xa9" +
	"\xfd\x83\x00\x91\xe4\x03\x16\xaa\xfc\x6f\x03\xa9\xfa\x67\x04\xa9\xf8\x5f\x05\xa9\xf7\x03\x03\xaa\xf8\x03\x00\xaa\xf4\x4f\x07\xa9" +
	"\xf3\x03\x02\xaa\xf4\x03\x01\xaa\xed\xff\xff\x97\x60\x0a\x00\x34\x81\x0e\x16\x8b\xa4\x02\x16\xcb\xe0\x03\x18\xaa\xe2\x03\x13\xaa" +
	"\xe3\x03\x17\xaa\xe6\xff\xff\x97\x80\x09\x00\x34\xf9\x03\x1f\xaa\xe9\x03\x1f\xaa\xfb\x03\x13\xaa\xe8\x03\x16\xaa\xf3\xe3\x00\xa9" +
	"\xf3\x03\x16\xaa\xf8\x03\x15\xaa\x95\x0e\x08\x8b\x96\x0e\x09\x8b\xfc\x03\x09\xaa\xfa\x03\x08\xaa\xa8\x02\x40\xf9\xe0\x0b\x40\xf9" +
	"\xa3\x13\x00\xd1\xc9\x02\x40\xf9\xe1\x7a\x68\xf8\x28\x00\x80\x52\xe2\x7a\x69\xf8\xa8\xc3\x1f\xb8\x48\xe7\xff\x97\xa8\xc3\x5f\xb8" +
	"\xa8\x06\x00\x34\x08\x7c\x1f\x53\x1f\x00\x00\x71\x39\x07\x00\x91\xca\xa2\x95\x9a\xf6\x03\x13\xaa\xf5\x03\x18\xaa\x09\x01\x00\x52" +
	"\x48\x03\x08\x8b\x4a\x01\x40\xf9\x89\x03\x09\x8b\x3f\x01\x13\xeb\x6a\x87\x00\xf8\x02\x31\x58\xfa\x43\xfc\xff\x54\x3f\x01\x16\xeb" +
	"\xa2\x01\x00\x54\xea\x03\x20\x2a\xe9\x03\x1f\xaa\x4a\x7d\x1f\x53\x8b\x03\x0a\x8b\x8a\x0e\x0b\x8b\xcb\x02\x0b\xcb\x4c\x79\x69\xf8" +
	"\x29\x05\x00\x91\x7f\x01\x09\xeb\x6c\x87\x00\xf8\x81\xff\xff\x54\x39\x03\x09\x8b\xec\x07\x40\xf9\x1f\x01\x15\xeb\xa2\x01\x00\x54" +
	"\x1f\x00\x00\x71\x28\x00\x80\x52\x08\xb5\x88\x1a\x08\x01\x40\x92\x4a\x03\x08\x8b\x88\x0d\x19\x8b\x89\x0e\x0a\x8b\xaa\x02\x0a\xcb" +
	"\x2b\x85\x40\xf8\x4a\x05\x00\xf1\x0b\x85\x00\xf8\xa1\xff\xff\x54\xa8\xf2\x7d\xd3\xc8\x00\x00\xb4\xe8\x0f\x15\xcb\x89\x15\x40\x38" +
	"\x08\x05\x00\xb1\x89\x16\x00\x38\xa3\xff\xff\x54\x20\x00\x80\x52\x02\x00\x00\x14\xe0\x03\x1f\x2a\xf4\x4f\x47\xa9\xf6\x57\x46\xa9" +
	"\xf8\x5f\x45\xa9\xfa\x67\x44\xa9\xfc\x6f\x43\xa9\xfd\x7b\x42\xa9\xff\x03\x02\x91\xc0\x03\x5f\xd6\xe2\x03\x01\xaa\x25\xff\xff\x17" +
	"\xfd\x7b\xbb\xa9\x68\xff\x9f\x52\xf4\x4f\x04\xa9\xf4\x03\x01\xaa\x1f\xc1\x41\xeb\xf3\x03\x00\xaa\xf9\x0b\x00\xf9\xf8\x5f\x02\xa9" +
	"\xfd\x03\x00\x91\xf6\x57\x03\xa9\x01\x04\x00\x54\x88\xbe\x40\x92\xe0\x03\x13\xaa\x14\x05\x40\xf9\x15\x41\x00\x91\xe1\x03\x15\xaa" +
	"\xe2\x03\x14\xaa\x61\xea\xff\x97\xf3\x03\x00\xaa\x34\x06\x00\xb4\x68\xbe\x40\x92\xf7\x03\x1f\xaa\x19\x02\x80\x52\x18\x01\x14\x8b" +
	"\xb6\x02\x17\x8b\x81\x02\x17\xcb\xa2\x63\x00\x91\xe0\x03\x16\xaa\x88\xfb\xff\x97\xa8\x0f\x40\xf9\x08\x01\x00\xb4\x09\x03\x17\xcb" +
	"\x2a\x03\x08\xcb\xcb\x16\x40\x38\x2b\x69\x2a\x38\x4a\x05\x00\x91\x5f\x41\x00\xf1\x81\xff\xff\x54\x17\x01\x17\x8b\xff\x02\x14\xeb" +
	"\x03\xfe\xff\x54\x1b\x00\x00\x14\x22\x81\x01\x30\xa3\x63\x00\x91\xe0\x03\x13\xaa\xe1\x03\x14\xaa\x07\xfd\xff\x97\x80\x02\x00\x34" +
	"\x95\xbe\x40\x92\xe0\x03\x13\xaa\xb4\x06\x40\xf9\xe1\x03\x14\xaa\xf8\xe7\xff\x97\xf3\x03\x00\xaa\x08\xbc\x40\x92\x54\x01\x00\xb4" +
	"\x09\x01\x80\x52\xea\x03\x14\xaa\xab\x0e\x40\xf9\x0c\x0d\x40\xf9\x6b\x79\x6a\xf8\x4a\x05\x00\xf1\x8b\x69\x29\xf8\x29\x21\x00\x91" +
	"\x41\xff\xff\x54\x14\x05\x00\xf9\x02\x00\x00\x14\xb3\x0f\x40\xf9\xe0\x03\x13\xaa\xf4\x4f\x44\xa9\xf6\x57\x43\xa9\xf9\x0b\x40\xf9" +
	"\xf8\x5f\x42\xa9\xfd\x7b\xc5\xa8\xc0\x03\x5f\xd6\xfd\x7b\xbd\xa9\xfd\x03\x00\x91\xc2\x7b\x01\x10\xf5\x0b\x00\xf9\xa3\x63\x00\x91" +
	"\xf4\x4f\x02\xa9\xf4\x03\x01\xaa\xf3\x03\x00\xaa\xe2\xfc\xff\x97\x40\x02\x00\x34\x94\xbe\x40\x92\x88\x06\x40\xf9\x28\x02\x00\xb4" +
	"\xf5\x03\x1f\xaa\xe2\x03\x1f\xaa\x88\x0e\x40\xf9\xe0\x03\x13\xaa\x21\x00\x80\x52\x08\x0d\x15\x8b\x03\x05\x40\xf9\xe9\xe1\xff\x97" +
	"\x88\x06\x40\xf9\xb5\x06\x00\x91\xe2\x03\x00\xaa\xbf\x02\x08\xeb\xc3\xfe\xff\x54\x04\x00\x00\x14\xa2\x0f\x40\xf9\x02\x00\x00\x14" +
	"\xe2\x03\x1f\xaa\xf4\x4f\x42\xa9\xe0\x03\x02\xaa\xf5\x0b\x40\xf9\xfd\x7b\xc3\xa8\xc0\x03\x5f\xd6\xff\xc3\x01\xd1\xfd\x7b\x01\xa9" +
	"\xfd\x43\x00\x91\xf4\x4f\x06\xa9\xf4\x03\x02\xaa\x22\x77\x01\x10\xa3\x63\x00\x91\xfb\x13\x00\xf9\xf3\x03\x00\xaa\xfa\x67\x03\xa9" +
	"\xf8\x5f\x04\xa9\xf6\x57\x05\xa9\xf5\x03\x01\xaa\xba\xfc\xff\x97\x80\x05\x00\x34\xe2\x75\x01\x10\xa3\x63\x00\x91\xe0\x03\x13\xaa" +
	"\xe1\x03\x14\xaa\xb4\xfc\xff\x97\xc0\x04\x00\x34\xb6\xbe\x40\x92\x97\xbe\x40\x92\xe0\x03\x13\xaa\xc8\x06\x40\xf9\xe9\x06\x40\xf9" +
	"\x1f\x01\x09\xeb\x15\x31\x89\x9a\xe1\x03\x15\xaa\xa1\xe7\xff\x97\xf4\x03\x00\xaa\x18\xbc\x40\x92\x15\x03\x00\xb4\xf9\x03\x15\xcb" +
	"\x3a\x00\x80\x52\x5b\x00\x80\x52\xc8\x0e\x40\xf9\xe9\x0e\x40\xf9\xe0\x03\x13\xaa\x41\x00\x80\x52\x29\x0d\x1a\x8b\x00\x79\x7a\xfc" +
	"\x20\x85\x40\x4d\xe0\x03\x80\x3d\x92\xe7\xff\x97\x08\xbc\x40\x92\xe0\x03\xc0\x3d\x09\x0d\x40\xf9\x20\x81\x80\x3c\x1b\x05\x00\xf9" +
	"\x08\x0f\x40\xf9\x00\x79\x3a\xf8\x5a\x07\x00\x91\x28\x03\x1a\x8b\x1f\x05\x00\xf1\xa1\xfd\xff\x54\x15\x07\x00\xf9\x02\x00\x00\x14" +
	"\xb4\x0f\x40\xf9\xe0\x03\x14\xaa\xf4\x4f\x46\xa9\xf6\x57\x45\xa9\xfb\x13\x40\xf9\xf8\x5f\x44\xa9\xfa\x67\x43\xa9\xfd\x7b\x41\xa9" +
	"\xff\xc3\x01\x91\xc0\x03\x5f\xd6\xff\x83\x01\xd1\xfd\x7b\x01\xa9\xfd\x43\x00\x91\xf9\x13\x00\xf9\xf8\x5f\x03\xa9\xf6\x57\x04\xa9" +
	"\xf4\x4f\x05\xa9\xf4\x03\x00\xaa\xca\xea\xff\x97\x16\xbc\x40\x92\xe0\x03\x14\xaa\xd3\x06\x40\xf9\xe1\x03\x13\xaa\x6d\xe7\xff\x97" +
	"\xf5\x03\x00\xaa\x33\x03\x00\xb4\xf8\x03\x1f\xaa\xb7\xbe\x40\x92\x59\x00\x80\x52\xc8\x0e\x40\xf9\x00\x03\x63\x9e\xe0\x03\x14\xaa" +
	"\x41\x00\x80\x52\x08\x0d\x18\x8b\x08\x21\x00\x91\x00\x85\x40\x4d\xe0\x03\x80\x3d\x5f\xe7\xff\x97\x08\xbc\x40\x92\xe0\x03\xc0\x3d" +
	"\x09\x0d\x40\xf9\x20\x81\x80\x3c\x19\x05\x00\xf9\xe8\x0e\x40\xf9\x08\x0d\x18\x8b\x18\x07\x00\x91\x7f\x02\x18\xeb\x00\x05\x00\xf9" +
	"\xa1\xfd\xff\x54\x02\x00\x00\x14\xb7\xbe\x40\x92\xe0\x03\x15\xaa\xf3\x06\x00\xf9\xf9\x13\x40\xf9\xf4\x4f\x45\xa9\xf6\x57\x44\xa9" +
	"\xf8\x5f\x43\xa9\xfd\x7b\x41\xa9\xff\x83\x01\x91\xc0\x03\x5f\xd6\xfd\x7b\xbd\xa9\xf6\x57\x01\xa9\x15\x20\x40\x91\xfd\x03\x00\x91" +
	"\xa1\x3e\x41\xf9\xf4\x4f\x02\xa9\xf3\x03\x00\xaa\x41\xe7\xff\x97\xa8\x3e\x41\xf9\xf4\x03\x00\xaa\x68\x02\x00\xb4\xf6\x03\x1f\xaa" +
	"\xa8\x42\x41\xf9\x01\x79\x76\xf8\xe8\x03\x1f\xaa\x29\x68\x68\x38\x08\x05\x00\x91\xc9\xff\xff\x35\x02\x05\x00\xd1\xe0\x03\x13\xaa" +
	"\x7a\xe9\xff\x97\xe2\x03\x00\xaa\xe0\x03\x13\xaa\xe1\x03\x14\xaa\xd4\xea\xff\x97\xa8\x3e\x41\xf9\xd6\x06\x00\x91\xdf\x02\x08\xeb" +
	"\x03\xfe\xff\x54\xe0\x03\x14\xaa\xf4\x4f\x42\xa9\xf6\x57\x41\xa9\xfd\x7b\xc3\xa8\xc0\x03\x5f\xd6\xff\xc3\x00\xd1\xa2\x70\x01\x10" +
	"\xe3\x23\x00\x91\xfd\x7b\x01\xa9\xf4\x4f\x02\xa9\xfd\x43\x00\x91\xf4\x03\x01\xaa\xf3\x03\x00\xaa\x02\xf9\xff\x97\x80\x03\x00\x34" +
	"\x08\x51\x90\x52\x00\xc0\x8c\xd2\x68\x6a\x68\xf8\x80\xac\xae\xf2\x00\xff\xef\xf2\xe8\x02\x00\xb4\x09\x01\x40\xf9\xa9\x02\x00\xb4" +
	"\x8b\xbe\x40\x92\x6a\x05\x40\xf9\x6b\x41\x00\x91\xec\x03\x09\xaa\xed\x03\x0b\xaa\xee\x03\x0a\xaa\xea\x00\x00\xb4\x8f\x15\x40\x38" +
	"\xb0\x15\x40\x38\xff\x01\x10\x6b\xc1\x00\x00\x54\xce\x05\x00\xf1\x61\xff\xff\x54\x2c\x69\x6a\x38\x9f\xf5\x00\x71\x20\x01\x00\x54" +
	"\x09\x8d\x40\xf8\x49\xfe\xff\xb5\x02\x00\x00\x14\xe0\x07\x40\xf9\xf4\x4f\x42\xa9\xfd\x7b\x41\xa9\xff\xc3\x00\x91\xc0\x03\x5f\xd6" +
	"\x28\x01\x0a\x8b\x29\x00\x80\x52\x0a\x69\x69\x38\x29\x05\x00\x91\xca\xff\xff\x35\xe0\x03\x13\xaa\xf4\x4f\x42\xa9\xfd\x7b\x41\xa9" +
	"\x22\x09\x00\xd1\x01\x05\x00\x91\xff\xc3\x00\x91\x37\xe9\xff\x17\xff\xc3\x01\xd1\x21\x00\x80\x52\x22\x01\x80\x52\xfd\x7b\x02\xa9" +
	"\xfa\x67\x03\xa9\xfd\x83\x00\x91\xf8\x5f\x04\xa9\x37\x00\x80\x52\xf6\x57\x05\xa9\x15\x20\x40\x91\xf4\x4f\x06\xa9\xf4\x03\x00\xaa" +
	"\xe0\x03\x00\xf9\x42\xf1\xff\x97\x00\xe4\x00\x6f\xa8\x40\x01\x10\xf3\x03\x00\xaa\x01\x01\xc0\x3d\x88\x5a\x90\x52\xf6\x03\x1f\xaa" +
	"\x98\x02\x08\x8b\x99\x5a\x92\x52\xe1\x07\x80\x3d\x60\x8e\x80\x3c\x60\x82\x00\xad\x60\x0e\x80\x3d\xf3\x07\x00\xf9\xa8\x4e\x41\xf9" +
	"\xa9\x52\x41\xf9\x1f\x01\x09\xeb\x41\x03\x00\x54\xa8\xaa\x42\xb9\x28\x05\x00\x35\xfa\x03\x1f\xaa\xa8\x4a\x41\xf9\x03\x01\x1a\xeb" +
	"\x29\x01\x00\x54\x80\x02\x40\xf9\x02\x03\x1a\x8b\x21\x00\x80\x52\x08\x00\x40\xf9\x00\x01\x3f\xd6\x1f\x00\x00\xf1\x1a\x00\x1a\x8b" +
	"\xcc\xfe\xff\x54\x80\x02\x40\xf9\x82\x02\x19\x8b\xe1\x03\x1f\xaa\x03\x00\x82\x52\xbf\x4a\x01\xf9\x08\x04\x40\xf9\x00\x01\x3f\xd6" +
	"\x1f\x00\x00\xf1\x4d\x02\x00\x54\xe8\x03\x1f\xaa\xa0\x52\x01\xf9\x09\x05\x00\x91\x88\x02\x08\x8b\xa9\x4e\x01\xf9\x1a\x69\x79\x38" +
	"\x5f\x2b\x00\x71\xe0\x02\x00\x54\xe0\x03\x00\x91\x21\x00\x80\x52\x7e\x00\x00\x94\xf3\xa3\x40\xa9\xf7\x03\x1f\x2a\x16\x05\x00\x91" +
	"\x7a\x6a\x28\x38\xf6\x0b\x00\xf9\xd5\xff\xff\x17\x28\x00\x80\x52\xa8\xaa\x02\xb9\x77\x01\x00\x36\x00\xc0\x8c\xd2\xf4\x4f\x46\xa9" +
	"\xf6\x57\x45\xa9\xe0\xad\xac\xf2\xf8\x5f\x44\xa9\x00\xff\xef\xf2\xfa\x67\x43\xa9\xfd\x7b\x42\xa9\xff\xc3\x01\x91\xc0\x03\x5f\xd6" +
	"\xf6\x00\x00\xb4\x68\x02\x16\x8b\x08\xf1\x5f\x38\x1f\x35\x00\x71\xe8\x17\x9f\x1a\xc2\x02\x08\xcb\x02\x00\x00\x14\xe2\x03\x1f\xaa" +
	"\xe1\x03\x13\xaa\xf4\x4f\x46\xa9\xf6\x57\x45\xa9\xe0\x03\x40\xf9\xf8\x5f\x44\xa9\xfa\x67\x43\xa9\xfd\x7b\x42\xa9\xff\xc3\x01\x91" +
	"\xd2\xe8\xff\x17\xff\x83\x01\xd1\x42\x4e\x01\x10\xe3\x03\x00\x91\xfd\x7b\x02\xa9\xf7\x1b\x00\xf9\xfd\x83\x00\x91\xf6\x57\x04\xa9" +
	"\xf5\x03\x01\xaa\xf4\x4f\x05\xa9\xf3\x03\x00\xaa\x65\xf8\xff\x97\x20\x08\x00\x34\x60\x02\x40\xf9\xa9\xbe\x40\x92\xf4\x2d\xad\xd2" +
	"\x21\x41\x00\x91\xe2\x03\x1f\xaa\x14\xff\xef\xf2\x08\x08\x40\xf9\x00\x01\x3f\xd6\xc0\x07\xf8\xb7\xf5\x03\x00\xaa\xe0\x03\x13\xaa" +
	"\x21\x00\x80\x52\x22\x40\x80\x52\xf3\x03\x00\xf9\xd0\xf0\xff\x97\x00\xe4\x00\x6f\xe8\x03\x1f\xaa\x09\x20\x00\x91\x20\x69\xa8\x3c" +
	"\x08\x41\x00\x91\x1f\x05\x40\xf1\xa1\xff\xff\x54\xa8\x32\x01\x10\xe0\x03\x00\x91\x01\x00\x82\x52\x00\x01\xc0\x3d\xe9\x07\x00\xf9" +
	"\xe0\x07\x80\x3d\x31\x00\x00\x94\x60\x02\x40\xf9\xf6\x23\x41\xa9\xf7\x07\x40\xf9\xe1\x03\x15\xaa\x09\x04\x40\xf9\x03\x01\x16\xcb" +
	"\xe2\x02\x16\x8b\x20\x01\x3f\xd6\xa0\x03\xf8\xb7\x00\x02\x00\xb4\x08\x00\x16\x8b\xe0\x03\x00\x91\x01\x00\x82\x52\xe8\x0b\x00\xf9" +
	"\x22\x00\x00\x94\x60\x02\x40\xf9\xf6\x23\x41\xa9\xf7\x07\x40\xf9\xe1\x03\x15\xaa\x09\x04\x40\xf9\x03\x01\x16\xcb\xe2\x02\x16\x8b" +
	"\x20\x01\x3f\xd6\xc0\x01\xf8\xb7\x40\xfe\xff\xb5\x60\x02\x40\xf9\xe1\x03\x15\xaa\x08\x0c\x40\xf9\x00\x01\x3f\xd6\xe0\x03\x40\xf9" +
	"\xe1\x03\x17\xaa\xe2\x03\x16\xaa\x88\xe8\xff\x97\xf4\x03\x00\xaa\x07\x00\x00\x14\xf4\x03\x40\xf9\x05\x00\x00\x14\x60\x02\x40\xf9" +
	"\xe1\x03\x15\xaa\x08\x0c\x40\xf9\x00\x01\x3f\xd6\xe0\x03\x14\xaa\xf4\x4f\x45\xa9\xf6\x57\x44\xa9\xf7\x1b\x40\xf9\xfd\x7b\x42\xa9" +
	"\xff\x83\x01\x91\xc0\x03\x5f\xd6\x09\x20\x41\xa9\x29\x01\x01\x8b\x3f\x01\x08\xeb\xa9\x02\x00\x54\xfd\x7b\xbe\xa9\xf4\x4f\x01\xa9" +
	"\x34\x04\x08\x8b\xf3\x03\x00\xaa\x00\x00\x40\xf9\xfd\x03\x00\x91\xe1\x03\x14\xaa\x76\xfd\xff\x97\x68\x0a\x40\xf9\xe8\x00\x00\xb4" +
	"\x69\x06\x40\xf9\xea\x03\x00\xaa\x2b\x15\x40\x38\x08\x05\x00\xf1\x4b\x15\x00\x38\xa1\xff\xff\x54\x60\x06\x00\xf9\x74\x0e\x00\xf9" +
	"\xf4\x4f\x41\xa9\xfd\x7b\xc2\xa8\xc0\x03\x5f\xd6\xff\x43\x01\xd1\xf6\x57\x03\xa9\xf6\x03\x02\xaa\x22\x45\x01\x30\xe3\x23\x00\x91" +
	"\xfd\x7b\x01\xa9\xfd\x43\x00\x91\xf8\x5f\x02\xa9\xf5\x03\x01\xaa\xf4\x4f\x04\xa9\xf4\x03\x00\xaa\xf2\xf7\xff\x97\x00\x05\x00\x34" +
	"\xf3\x2d\xad\xd2\xe0\x03\x14\xaa\xe1\x03\x16\xaa\x13\xff\xef\xf2\x16\xea\xff\x97\xf6\x03\x00\xaa\x80\x02\x40\xf9\xa9\xbe\x40\x92" +
	"\x21\x41\x00\x91\x22\x00\x80\x52\x08\x08\x40\xf9\x00\x01\x3f\xd6\x20\x04\xf8\xb7\xd6\xbe\x40\x92\xf5\x03\x00\xaa\xc8\x06\x40\xf9" +
	"\xe8\x01\x00\xb4\xf7\x03\x1f\xaa\xd8\x42\x00\x91\x80\x02\x40\xf9\x03\x01\x17\xcb\x02\x03\x17\x8b\xe1\x03\x15\xaa\x09\x00\x40\xf9" +
	"\x20\x01\x3f\xd6\x1f\x00\x00\xf1\xed\x01\x00\x54\xc8\x06\x40\xf9\x17\x00\x17\x8b\xff\x02\x08\xeb\xa3\xfe\xff\x54\x80\x02\x40\xf9" +
	"\xe1\x03\x15\xaa\x08\x0c\x40\xf9\x00\x01\x3f\xd6\xc0\x06\x40\xfd\x00\xd8\x61\x7e\x13\x00\x66\x9e\x07\x00\x00\x14\xf3\x07\x40\xf9" +
	"\x05\x00\x00\x14\x80\x02\x40\xf9\xe1\x03\x15\xaa\x08\x0c\x40\xf9\x00\x01\x3f\xd6\xe0\x03\x13\xaa\xf4\x4f\x44\xa9\xf6\x57\x43\xa9" +
	"\xf8\x5f\x42\xa9\xfd\x7b\x41\xa9\xff\x43\x01\x91\xc0\x03\x5f\xd6\xfd\x7b\xbe\xa9\x28\xf0\x7d\xd3\xf4\x4f\x01\xa9\xf3\x03\x01\xaa" +
	"\xfd\x03\x00\x91\x14\x20\x40\x91\x01\x21\x00\x91\x20\xfd\xff\x97\x93\x2e\x01\xf9\x80\x2a\x01\xf9\xf4\x4f\x41\xa9\xfd\x7b\xc2\xa8" +
	"\xc0\x03\x5f\xd6\xfd\x7b\xbf\xa9\xfd\x03\x00\x91\x04\x00\x00\x94\xe0\x03\x1f\xaa\xfd\x7b\xc1\xa8\xc0\x03\x5f\xd6\xef\x3b\xb6\x6d" +
	"\xed\x33\x01\x6d\xeb\x2b\x02\x6d\xe9\x23\x03\x6d\xfd\x7b\x04\xa9\xfd\x03\x01\x91\xfc\x6f\x05\xa9\xfa\x67\x06\xa9\xf8\x5f\x07\xa9" +
	"\xf6\x57\x08\xa9\xf4\x4f\x09\xa9\xf3\x03\x00\xaa\x14\x20\x40\x91\x61\x08\x00\x94\x81\x2a\x41\xf9\xe0\x03\x13\xaa\x7a\x08\x00\x94" +
	"\x88\x2e\x41\xf9\xa8\x08\x00\xb4\xf5\x03\x1f\xaa\x88\x2a\x41\xf9\xe0\x03\x13\xaa\x01\x79\x75\xf8\xc5\x08\x00\x94\x88\x2e\x41\xf9" +
	"\xb5\x06\x00\x91\xbf\x02\x08\xeb\x23\xff\xff\x54\x3b\x00\x00\x14\x89\x32\x41\xf9\x08\x05\x00\xd1\x88\x36\x01\xf9\x35\x79\x68\xf8" +
	"\xa8\x02\x40\xf9\x09\x19\x40\x92\x3f\x19\x00\xf1\x2d\x03\x00\x54\x16\xfd\x48\xd3\x3f\x25\x00\xf1\xe0\x03\x00\x54\x3f\x21\x00\xf1" +
	"\xe0\x04\x00\x54\x3f\x1d\x00\xf1\x81\x05\x00\x54\x1f\x01\x14\xf1\x43\x05\x00\x54\xa8\x0e\x40\xf9\x08\x05\x00\xb4\x97\x00\x80\x52" +
	"\xa1\x7a\x77\xf8\xe0\x03\x13\xaa\xa9\x08\x00\x94\xe8\x06\x00\x91\x1f\x01\x16\xeb\x22\x04\x00\x54\xa9\x0e\x40\xf9\xea\x0e\x00\xd1" +
	"\xf7\x03\x08\xaa\x5f\x01\x09\xeb\xc3\xfe\xff\x54\x1b\x00\x00\x14\x3f\x15\x00\xf1\xc0\x02\x00\x54\x3f\x19\x00\xf1\xe1\x02\x00\x54" +
	"\xa1\x12\x40\xf9\xe0\x03\x13\xaa\x47\x08\x00\x94\xa1\x16\x40\xf9\x10\x00\x00\x14\x1f\x01\x08\xf1\x03\x02\x00\x54\xd6\x06\x00\xd1" +
	"\xb5\x22\x00\x91\xa1\x86\x40\xf8\xe0\x03\x13\xaa\x90\x08\x00\x94\xd6\x06\x00\xf1\x81\xff\xff\x54\x08\x00\x00\x14\xa1\x06\x40\xf9" +
	"\xe0\x03\x13\xaa\x8a\x08\x00\x94\x04\x00\x00\x14\xa1\x0e\x40\xf9\xe0\x03\x13\xaa\x34\x08\x00\x94\x88\x36\x41\xf9\xa8\xf8\xff\xb5" +
	"\x09\x05\x90\x52\xe8\x03\x1f\xaa\x69\x02\x09\x8b\x3f\x69\x28\x38\x08\x05\x00\x91\x1f\x21\x08\xf1\xa1\xff\xff\x54\x88\x06\x40\xf9" +
	"\x9f\x1a\x01\xf9\x48\x0a\x00\xb4\xe8\x03\x1f\xaa\xe9\x03\x1f\xaa\x8a\xc2\x08\x91\x2b\x00\x80\x52\xec\x01\x80\x52\x0d\x05\x90\x52" +
	"\x6f\x16\x09\x8b\xf0\x03\x0f\xaa\x00\x8e\x40\xf8\xee\x03\x10\xaa\xc1\x8d\x40\xf8\x1f\x00\x01\xeb\x22\x08\x00\x54\xf1\x03\x1f\xaa" +
	"\x03\x00\x40\xf9\x62\xfc\x48\xd3\xa3\x01\x38\x37\xd1\x03\x00\xb4\x03\x02\x40\xf9\xe5\x01\x42\xf8\x03\x00\x03\xcb\x63\xfc\x43\x93" +
	"\x64\xfc\x43\xd3\x63\x21\xc3\x9a\x84\xe4\x7d\x92\xa6\x68\x64\xf8\xc3\x00\x23\x8a\xa3\x68\x24\xf8\x14\x00\x00\x14\x63\xf8\x78\x92" +
	"\x48\x00\x08\x8b\x03\x00\x00\xf9\x11\x02\x00\xb4\x01\x00\x11\xcb\x23\xfc\x43\x93\x64\x02\x01\x8b\x84\x00\x0d\x8b\x7f\x04\x01\xf1" +
	"\x83\x30\x8a\x9a\x64\x00\x40\xf9\x71\x00\x00\xf9\x83\x15\x01\xaa\x24\x06\x00\xf9\xc1\x01\x40\xf9\x23\x02\x00\xf9\xf1\x03\x1f\xaa" +
	"\x02\x00\x00\x14\xf1\x03\x00\xaa\x00\x0c\x02\x8b\x1f\x00\x01\xeb\x83\xfb\xff\x54\x51\x03\x00\xb4\x80\x0a\x40\xf9\x1f\x02\x00\xeb" +
	"\x80\x01\x00\x54\x2e\x00\x11\xcb\xcf\xfd\x43\x93\x70\x02\x0e\x8b\x8e\x15\x0e\xaa\x10\x02\x0d\x8b\xff\x05\x01\xf1\x0f\x32\x8a\x9a" +
	"\xf0\x01\x40\xf9\xf1\x01\x00\xf9\x2e\x42\x00\xa9\x0c\x00\x00\x14\x10\x02\x40\xf9\xef\x01\x42\xf8\xd1\x01\x00\xf9\x30\x02\x10\xcb" +
	"\x10\xfe\x43\x93\x00\xfe\x43\xd3\x70\x21\xd0\x9a\x00\xe4\x7d\x92\xe1\x69\x60\xf8\x30\x00\x30\x8a\xf0\x69\x20\xf8\x8e\x06\x40\xf9" +
	"\x29\x05\x00\x91\x3f\x01\x0e\xeb\xc3\xf6\xff\x54\x1f\x01\x50\xf1\x09\x08\xa0\x52\x9f\x1e\x01\xf9\x08\x81\x89\x9a\xf6\x57\x48\xa9" +
	"\x88\x22\x01\xf9\xf4\x4f\x49\xa9\xf8\x5f\x47\xa9\xfa\x67\x46\xa9\xfc\x6f\x45\xa9\xfd\x7b\x44\xa9\xe9\x23\x43\x6d\xeb\x2b\x42\x6d" +
	"\xed\x33\x41\x6d\xef\x3b\xca\x6c\xc0\x03\x5f\xd6\x20\x00\x67\x9e\x00\x20\x60\x1e\xe6\x00\x00\x54\xfd\x7b\xbf\xa9\xfd\x03\x00\x91" +
	"\x10\xf4\xff\x97\x00\x00\x66\x9e\xfd\x7b\xc1\xa8\xc0\x03\x5f\xd6\x08\xff\x9f\x92\x08\xc1\x41\x8b\x1f\x09\x00\xf1\xe3\xfe\xff\x54" +
	"\x28\x00\x41\xb2\x09\xff\xff\xd2\x1f\x01\x09\xeb\x60\xfe\xff\x54\xe0\x03\x1f\xaa\xc0\x03\x5f\xd6\xff\x83\x01\xd1\x09\x04\x00\x10" +
	"\xaa\x04\x00\x10\xe8\x03\x02\xaa\xe9\x2b\x00\xa9\x09\x05\x00\x10\xaa\x06\x00\x10\xe9\x2b\x01\xa9\x89\x07\x00\x10\xaa\x08\x00\x10" +
	"\xe9\x2b\x02\xa9\x29\x0a\x00\x10\xe2\x03\x01\xaa\xe1\x03\x00\xaa\xe9\x0f\x03\xa9\xe0\x03\x00\x91\xe3\x03\x08\xaa\xfd\x7b\x04\xa9" +
	"\xfd\x03\x01\x91\xf4\x4f\x05\xa9\xf3\x03\x04\xaa\x2c\xde\xff\x97\x08\x49\x90\x52\xf4\x03\x00\xaa\x1d\x68\x28\xf8\x60\x02\x3f\xd6" +
	"\xe1\x03\x00\xaa\xe0\x03\x14\xaa\x6b\xde\xff\x97\xf4\x4f\x45\xa9\xfd\x7b\x44\xa9\xff\x83\x01\x91\xc0\x03\x5f\xd6\x08\x1c\x40\xf9" +
	"\xe0\x03\x01\x2a\xe1\x03\x02\xaa\xe2\x03\x03\xaa\x04\x01\x40\xf9\x80\x00\x1f\xd6\x08\x1c\x40\xf9\xe0\x03\x01\x2a\xe1\x03\x02\xaa" +
	"\xe2\x03\x03\xaa\x04\x05\x40\xf9\x80\x00\x1f\xd6\xfd\x7b\xbf\xa9\x08\x1c\x40\xf9\xe0\x03\x01\xaa\xfd\x03\x00\x91\x82\x00\x00\xb4" +
	"\x08\x0d\x40\xf9\x81\x34\x80\x52\x03\x00\x00\x14\x08\x09\x40\xf9\xe1\x03\x1f\x2a\x00\x01\x3f\xd6\x00\x7c\x40\x93\xfd\x7b\xc1\xa8" +
	"\xc0\x03\x5f\xd6\xfd\x7b\xbf\xa9\x08\x1c\x40\xf9\xe0\x03\x01\xaa\xfd\x03\x00\x91\x08\x11\x40\xf9\x00\x01\x3f\xd6\x00\x7c\x40\x93" +
	"\xfd\x7b\xc1\xa8\xc0\x03\x5f\xd6\xfd\x7b\xbe\xa9\xf4\x4f\x01\xa9\xf3\x03\x01\xaa\xf4\x03\x00\xaa\xfd\x03\x00\x91\x88\x1e\x40\xf9" +
	"\xe0\x03\x13\x2a\x08\x15\x40\xf9\x00\x01\x3f\xd6\xfc\xff\xff\x17\xfd\x7b\xbf\xa9\x08\x1c\x40\xf9\xe0\x03\x1f\xaa\x62\x00\x80\x52" +
	"\x43\x00\x82\x52\x04\x00\x80\x12\xe5\x03\x1f\xaa\x08\x19\x40\xf9\xfd\x03\x00\x91\x00\x01\x3f\xd6\x1f\x04\x00\xb1\xe0\x03\x80\x9a" +
	"\xfd\x7b\xc1\xa8\xc0\x03\x5f\xd6\xfd\x7b\xbe\xa9\x08\x1c\x40\xf9\xe0\x03\x01\xaa\xe1\x03\x02\xaa\xf3\x0b\x00\xf9\xfd\x03\x00\x91" +
	"\xf3\x03\x02\xaa\x08\x1d\x40\xf9\x00\x01\x3f\xd6\x1f\x00\x00\x71\x60\x02\x9f\xda\xf3\x0b\x40\xf9\xfd\x7b\xc2\xa8\xc0\x03\x5f\xd6" +
	"\x08\xfc\x70\xd3\x4b\xff\x9f\x52\x29\x00\x80\x52\xea\x03\x01\xaa\x1f\x01\x0b\x6b\x49\x0d\x03\xf8\x4a\xa5\x3e\xa9\x80\x01\x00\x54" +
	"\x29\xff\x9f\x52\x1f\x01\x09\x6b\x81\x02\x00\x54\x08\xbc\x40\x92\x09\x05\x40\xf9\x08\x41\x00\x91\x2a\x7d\x40\x92\x29\xfd\x7f\xd3" +
	"\x28\x28\x00\xa9\x29\x10\x00\xb9\xc0\x03\x5f\xd6\x08\xbc\x40\x92\x09\x05\x40\xf9\x08\x41\x00\x91\x2a\x7d\x40\x92\x2b\xfd\x7f\xd3" +
	"\x09\x4d\x29\x8b\x28\x28\x00\xa9\x28\x85\x40\xb8\x2b\x10\x00\xb9\x29\xa0\x01\xa9\xc0\x03\x5f\xd6\x00\x00\x67\x9e\xe9\x03\x01\xaa" +
	"\x08\x00\x78\x9e\x1f\x01\x00\xf1\x0b\xfd\x7f\xd3\x0a\x55\x88\xda\x2a\x8d\x02\xf8\x2a\x00\x80\x52\x29\x28\x00\xa9\x2b\x10\x00\xb9" +
	"\x48\x00\x00\xb4\xc0\x03\x5f\xd6\x3f\x04\x00\xf9\xc0\x03\x5f\xd6\xff\x43\x01\xd1\xf5\x1b\x00\xf9\xf5\x03\x03\xaa\xe3\x43\x00\x91" +
	"\xf4\x4f\x04\xa9\xf3\x03\x04\xaa\xe4\x03\x00\x91\xfd\x7b\x02\xa9\xfd\x83\x00\x91\xf4\x03\x01\xaa\x14\x00\x00\x94\xe8\x0f\x40\xf9" +
	"\x48\x00\x00\xb4\x88\x12\x40\xb9\xe0\x07\xc0\x3d\xe9\x07\x40\xf9\xa8\x12\x00\xb9\xa0\x02\x80\x3d\x69\x00\x00\xb4\x88\x12\x40\xb9" +
	"\x02\x00\x00\x14\xe8\x03\x1f\x2a\xe0\x03\xc0\x3d\x68\x12\x00\xb9\xf5\x1b\x40\xf9\xfd\x7b\x42\xa9\x60\x02\x80\x3d\xf4\x4f\x44\xa9" +
	"\xff\x43\x01\x91\xc0\x03\x5f\xd6\xff\x03\x02\xd1\xfc\x6f\x03\xa9\x5b\x04\x40\xf9\xf6\x57\x06\xa9\x35\x04\x40\xf9\xf6\x03\x04\xaa" +
	"\xfa\x67\x04\xa9\xfa\x03\x02\xaa\xf9\x03\x01\xaa\xf8\x5f\x05\xa9\xb7\x02\x1b\xeb\xf8\x03\x00\xaa\xf4\x4f\x07\xa9\xf4\x03\x03\xaa" +
	"\xfd\x7b\x02\xa9\xfd\x83\x00\x91\x61\x01\x00\x54\xa8\x06\x00\xd1\x1f\x05\x00\xb1\xa0\x01\x00\x54\x29\x03\x40\xf9\x4a\x03\x40\xf9" +
	"\x29\x79\x68\xf8\x4a\x79\x68\xf8\x08\x05\x00\xd1\x3f\x01\x0a\xeb\x00\xff\xff\x54\xa2\x00\x00\x54\x9f\x7e\x00\xa9\x20\x03\xc0\x3d" +
	"\xc0\x02\x80\x3d\xfc\x00\x00\x14\x73\x07\x00\xf1\x41\x02\x00\x54\x48\x03\x40\xf9\xa3\x23\x00\xd1\xe0\x03\x18\xaa\xe1\x03\x19\xaa" +
	"\x02\x01\x40\xf9\xfc\x00\x00\x94\x80\x06\x00\xa9\xe0\x03\x18\xaa\x21\x00\x80\x52\x42\x00\x80\x52\x6d\xee\xff\x97\xa8\x83\x5f\xf8" +
	"\x1f\x01\x00\xf1\x08\x8c\x00\xf8\xe8\x07\x9f\x1a\xc0\x22\x00\xa9\xe9\x00\x00\x14\x48\x03\x40\xf9\x69\x87\x9f\x9a\xe0\x03\x18\xaa" +
	"\x21\xf1\x7d\xd3\x08\x79\x73\xf8\xe1\x5b\x00\xa9\x1c\x11\xc0\xda\x4f\xfb\xff\x97\x28\x07\x40\xf9\x09\x05\x00\x91\x3f\x05\x00\xf1" +
	"\x29\x00\x80\x52\x28\x95\x88\x9a\x01\xf1\x7d\xd3\xe8\x03\x18\xaa\xf8\x03\x00\xaa\xe0\x03\x08\xaa\xe8\x0b\x00\xf9\x44\xfb\xff\x97" +
	"\x48\x03\x40\xf9\x09\x08\x80\x52\xf6\x03\x00\xaa\x29\x01\x1c\xcb\xeb\x03\x13\xaa\x0a\x0d\x1b\x8b\x4a\x21\x00\xd1\x9c\x00\x00\x34" +
	"\x4c\x81\x5f\xf8\x8c\x25\xc9\x9a\x02\x00\x00\x14\xec\x03\x1f\xaa\x4d\x85\x5f\xf8\xad\x21\xdc\x9a\x8c\x01\x0d\xaa\x0c\x7b\x2b\xf8" +
	"\x6b\x05\x00\xd1\xcb\xfe\xff\xb5\x08\x01\x40\xf9\x08\x21\xdc\x9a\x08\x03\x00\xf9\x28\x27\x40\xa9\xdc\x00\x00\x34\x0a\x0d\x09\x8b" +
	"\xeb\x03\x1c\xcb\x4a\x81\x5f\xf8\x4a\x25\xcb\x9a\x02\x00\x00\x14\xea\x03\x1f\xaa\xca\x7a\x29\xf8\x2a\x07\x40\xf9\x49\x05\x00\xf1" +
	"\x00\x02\x00\x54\x0b\x0d\x0a\x8b\x0a\x08\x80\x52\x4a\x01\x1c\xcb\x6b\x21\x00\xd1\x9c\x00\x00\x34\x6c\x81\x5f\xf8\x8c\x25\xca\x9a" +
	"\x02\x00\x00\x14\xec\x03\x1f\xaa\x6d\x85\x5f\xf8\xad\x21\xdc\x9a\x8c\x01\x0d\xaa\xcc\x7a\x29\xf8\x29\x05\x00\xf1\xc1\xfe\xff\x54" +
	"\xe9\x06\x00\xb1\x08\x01\x40\xf9\xe0\x0b\x40\xf9\xf9\x37\x9f\x1a\x3f\x05\x00\xf1\x29\x85\x9f\x9a\x08\x21\xdc\x9a\x21\xf1\x7d\xd3" +
	"\xc8\x02\x00\xf9\x0a\xfb\xff\x97\xb9\x00\x00\x36\xf3\xa7\x40\xa9\xe8\x03\x1f\xaa\xe1\x03\x40\xf9\x7a\x00\x00\x14\xc8\x0e\x1b\x8b" +
	"\x09\x0f\x1b\x8b\xca\x0e\x15\x8b\xeb\x03\x1b\xcb\x2c\x00\x80\x52\xee\x03\x17\xaa\xed\x03\x0e\xaa\x0e\x0d\x0e\x8b\x11\x7b\x73\xf8" +
	"\xc2\xc1\x7f\xa9\x1f\x02\x11\xeb\x02\x04\x00\x54\x03\xfa\x7f\xd3\xe1\x03\x1f\xaa\xe5\x03\x1f\xaa\xef\x03\x1f\xaa\xe4\x0f\x80\x52" +
	"\xe6\x03\x24\x2a\x47\x24\xc4\x9a\x15\x26\xc4\x9a\x66\x20\xc6\x9a\x9f\x00\x7a\xf2\xa5\xfc\xc1\x93\xc6\x00\x07\xaa\xa6\x12\x86\x9a" +
	"\x26\xf8\x7f\xb3\x81\x21\xc4\x9a\xdf\x00\x11\xeb\xe1\x01\x01\xaa\xbf\x00\x1f\xfa\xe7\x27\x9f\x1a\xd5\x00\x11\xeb\xb9\x00\x1f\xda" +
	"\x9f\xfc\x00\xf1\x84\x04\x00\xd1\xe1\x81\x81\x9a\xff\x00\x00\x72\xef\x11\x81\x9a\xc1\x10\x95\x9a\xa5\x10\x99\x9a\x9f\x04\x00\xb1" +
	"\x01\xfd\xff\x54\x07\x00\x00\x14\x41\x00\x11\xab\x0f\x00\x80\x92\xe2\x37\x9f\x1a\x1f\x02\x11\xeb\xc8\x01\x00\x54\xa2\x01\x00\x37" +
	"\x22\x01\x5f\xf8\x43\x7c\xcf\x9b\x3f\x00\x03\xeb\xc3\x00\x00\x54\x01\x01\x00\x54\x43\x7c\x0f\x9b\xc4\x01\x5f\xf8\x9f\x00\x03\xeb" +
	"\x82\x00\x00\x54\x21\x00\x11\xab\xef\x05\x00\xd1\xc3\xfe\xff\x54\x9b\x02\x00\xb4\xf1\x03\x1f\xaa\xe1\x03\x1f\xaa\xf0\x03\x18\xaa" +
	"\xe2\x03\x0b\xaa\x03\x86\x40\xf8\x45\x79\x62\xf8\x64\x7c\x0f\x9b\x63\x7c\xcf\x9b\x24\x00\x04\xab\x61\x34\x83\x9a\xa3\x00\x04\xeb" +
	"\x60\x20\x51\xfa\x63\x00\x11\xcb\x43\x79\x22\xf8\xf1\x27\x9f\x1a\x42\x04\x00\xb1\x83\xfe\xff\x54\xd0\x01\x40\xf9\x03\x00\x00\x14" +
	"\xe1\x03\x1f\xaa\xf1\x03\x1f\xaa\x02\x02\x01\xeb\x42\x00\x11\xcb\x10\x02\x01\xeb\xc2\x01\x00\xf9\x63\x00\x00\x54\x1f\x02\x11\xeb" +
	"\x42\x02\x00\x54\xf0\x03\x1f\xaa\xbb\x01\x00\xb4\xf1\x03\x18\xaa\xe1\x03\x0b\xaa\x42\x79\x61\xf8\x23\x86\x40\xf8\x62\x00\x02\xab" +
	"\xe3\x37\x9f\x1a\x42\x00\x10\xab\x42\x79\x21\xf8\x70\x34\x9f\x1a\x21\x04\x00\xb1\x03\xff\xff\x54\xc2\x01\x40\xf9\x50\x00\x10\x8b" +
	"\xef\x05\x00\xd1\xd0\x01\x00\xf9\xae\x05\x00\xd1\x4a\x21\x00\xd1\x0f\x78\x2d\xf8\x0d\xf3\xff\xb5\xf3\xa7\x40\xa9\xe1\x03\x40\xf9" +
	"\x08\x78\x77\xf8\xc8\x00\x00\xb5\xf7\x06\x00\xd1\xff\x06\x00\xb1\x81\xff\xff\x54\xe8\x03\x1f\xaa\x02\x00\x00\x14\xe8\x06\x00\x91" +
	"\x80\x22\x00\xa9\xe0\x03\x09\xaa\x89\xfa\xff\x97\x3b\x03\x00\xb4\x0a\x08\x80\x52\xe8\x03\x1f\xaa\x69\x07\x00\x91\x4a\x01\x1c\xcb" +
	"\xec\x03\x1f\xaa\x0b\x05\x00\x91\xdc\x00\x00\x34\x7f\x01\x09\xeb\x82\x00\x00\x54\xcc\x0e\x08\x8b\x8c\x05\x40\xf9\x8c\x21\xca\x9a" +
	"\xcd\x7a\x68\xf8\x7f\x03\x0b\xeb\xad\x25\xdc\x9a\x8c\x01\x0d\xaa\x0c\x78\x28\xf8\xe8\x03\x0b\xaa\x41\xfe\xff\x54\x08\x20\x00\xd1" +
	"\x09\x79\x7b\xf8\x69\x00\x00\xb5\x7b\x07\x00\xf1\xa1\xff\xff\x54\x60\x6e\x00\xa9\xf4\x4f\x47\xa9\xf6\x57\x46\xa9\xf8\x5f\x45\xa9" +
	"\xfa\x67\x44\xa9\xfc\x6f\x43\xa9\xfd\x7b\x42\xa9\xff\x03\x02\x91\xc0\x03\x5f\xd6\xfd\x7b\xbd\xa9\x28\x04\x40\xf9\xf5\x0b\x00\xf9" +
	"\xf5\x03\x01\xaa\xf4\x4f\x02\xa9\xfd\x03\x00\x91\xf3\x03\x03\xaa\x1f\x05\x00\xf1\xf4\x03\x02\xaa\x08\x85\x9f\x9a\x01\xf1\x7d\xd3" +
	"\x5b\xfa\xff\x97\xa1\x06\x40\xf9\xe1\x05\x00\xb4\xa9\x02\x40\xf9\xea\x03\x1f\xaa\x2b\x00\x80\x52\xec\x03\x01\xaa\x8c\x05\x00\xd1" +
	"\x4f\xf9\x7f\xd3\xe8\x03\x1f\xaa\x2e\x79\x6c\xf8\xf1\x03\x1f\xaa\xed\x03\x1f\xaa\xf0\x0f\x80\x52\xe2\x03\x30\x2a\xc3\x25\xd0\x9a" +
	"\x44\x25\xd0\x9a\xe2\x21\xc2\x9a\x1f\x02\x7a\xf2\x31\xfe\xc8\x93\x42\x00\x03\xaa\x82\x10\x82\x9a\x02\xf9\x7f\xb3\x68\x21\xd0\x9a" +
	"\x5f\x00\x14\xeb\xa8\x01\x08\xaa\x3f\x02\x1f\xfa\xe3\x27\x9f\x1a\x44\x00\x14\xeb\x25\x02\x1f\xda\x1f\xfe\x00\xf1\x10\x06\x00\xd1" +
	"\xa8\x81\x88\x9a\x7f\x00\x00\x72\xad\x11\x88\x9a\x48\x10\x84\x9a\x31\x12\x85\x9a\x1f\x06\x00\xb1\x01\xfd\xff\x54\xea\x03\x08\xaa" +
	"\x0d\x78\x2c\xf8\xcc\xfb\xff\xb5\x01\x01\x00\xb4\x09\x20\x00\xd1\x2a\x79\x61\xf8\xaa\x00\x00\xb5\x21\x04\x00\xf1\xa1\xff\xff\x54" +
	"\x02\x00\x00\x14\xe8\x03\x1f\xaa\x68\x02\x00\xf9\xf4\x4f\x42\xa9\xf5\x0b\x40\xf9\xfd\x7b\xc3\xa8\xc0\x03\x5f\xd6\xfd\x7b\xbd\xa9" +
	"\x29\x10\x40\xb9\x4a\x10\x40\xb9\xfd\x03\x00\x91\xf5\x0b\x00\xf9\xf5\x03\x02\xaa\xf4\x4f\x02\xa9\xf4\x03\x01\xaa\x3f\x01\x0a\x6b" +
	"\xf3\x03\x08\xaa\xa1\x00\x00\x54\xe1\x03\x14\xaa\xe2\x03\x15\xaa\x5a\x01\x00\x94\x18\x00\x00\x14\x88\x06\x40\xf9\xa9\x06\x40\xf9" +
	"\x1f\x01\x09\xeb\x61\x01\x00\x54\x08\x05\x00\xd1\x1f\x05\x00\xb1\x00\x03\x00\x54\x89\x02\x40\xf9\xaa\x02\x40\xf9\x29\x79\x68\xf8" +
	"\x4a\x79\x68\xf8\x08\x05\x00\xd1\x3f\x01\x0a\xeb\x00\xff\xff\x54\xc2\x00\x00\x54\xe1\x03\x15\xaa\xe2\x03\x14\xaa\x7c\x01\x00\x94" +
	"\xa8\x12\x40\xb9\x05\x00\x00\x14\xe1\x03\x14\xaa\xe2\x03\x15\xaa\x77\x01\x00\x94\x88\x12\x40\xb9\x60\x06\x00\xa9\x68\x12\x00\xb9" +
	"\xf4\x4f\x42\xa9\xf5\x0b\x40\xf9\xfd\x7b\xc3\xa8\xc0\x03\x5f\xd6\x7f\x7e\x00\xa9\x7f\x0a\x00\xf9\xfa\xff\xff\x17\x28\x04\x40\xf9" +
	"\x48\x05\x00\xb4\xfd\x7b\xbe\xa9\xf3\x0b\x00\xf9\xf3\x03\x01\xaa\x1f\x05\x00\xf1\xfd\x03\x00\x91\xa1\x01\x00\x54\x69\x02\x40\xf9" +
	"\x29\x01\x40\xf9\x2a\xfd\x75\xd3\x2a\x01\x00\xb5\x20\x01\x62\x9e\x01\xe4\x00\x2f\x68\x12\x40\xb9\x1f\x01\x00\x71\x21\x38\x60\x1e" +
	"\x00\x0c\x61\x1e\x08\x00\x66\x9e\x16\x00\x00\x14\x02\x09\x00\x91\x41\x00\x80\x52\xee\xec\xff\x97\x68\x12\x40\xb9\x69\x06\x40\xf9" +
	"\x1f\x01\x00\x71\xe8\x07\x9f\x1a\x28\xfd\x08\xaa\x08\x04\x00\xf9\x69\x06\x40\xf9\x28\xf1\x7d\xd3\x08\x01\x00\xb4\x68\x02\x40\xf9" +
	"\xe9\x0f\x09\xcb\x0a\x40\x00\x91\x0b\x15\x40\x38\x29\x05\x00\xb1\x4b\x15\x00\x38\xa3\xff\xff\x54\x28\xff\xff\xd2\x08\xbc\x40\xb3" +
	"\xf3\x0b\x40\xf9\xfd\x7b\xc2\xa8\xe0\x03\x08\xaa\xc0\x03\x5f\xd6\xff\x43\x02\xd1\x28\x04\x40\xf9\xfd\x7b\x06\xa9\xfd\x83\x01\x91" +
	"\xf6\x57\x07\xa9\xf4\x4f\x08\xa9\xe2\x0f\x01\xa9\xc8\x0c\x00\xb4\xf5\x03\x03\xaa\xf3\x03\x02\xaa\xf4\x03\x01\xaa\xf6\x03\x00\xaa" +
	"\x7f\x04\x00\xf1\x01\x01\x00\x54\x69\x02\x40\xf9\x3f\x05\x00\xf1\x20\x06\x00\x54\x89\x02\x40\xf9\xb3\x57\x3e\xa9\xa9\x23\x3f\xa9" +
	"\x05\x00\x00\x14\x89\x02\x40\xf9\xb3\x57\x3e\xa9\xa9\x23\x3f\xa9\xb5\x01\x00\xb4\xa1\x43\x00\xd1\xa2\x83\x00\xd1\xe3\xc3\x00\x91" +
	"\xe4\x83\x00\x91\xe0\x03\x16\xaa\x20\xfe\xff\x97\xe0\x0b\xc0\x3d\xa1\x03\xde\x3c\xa0\x07\x3f\xad\xa8\x83\x5e\xf8\xc8\xfe\xff\xb5" +
	"\xa9\x23\x7f\xa9\x1f\x05\x00\xf1\xe9\x23\x00\xa9\x81\x00\x00\x54\x28\x01\x40\xf9\x1f\x05\x00\xf1\x40\x02\x00\x54\xe2\x03\x00\x91" +
	"\xa3\x43\x00\xd1\xa4\x83\x00\xd1\xe0\x03\x16\xaa\xe1\x03\x14\xaa\x0e\xfe\xff\x97\xa0\x03\xdf\x3c\xe1\x43\x00\x91\xe2\x03\x00\x91" +
	"\xa3\x43\x00\xd1\xa4\x83\x00\xd1\xe0\x03\x16\xaa\x80\x02\x80\x3d\x06\xfe\xff\x97\xa0\x03\xdf\x3c\xe0\x07\x80\x3d\xf3\x57\x41\xa9" +
	"\xbf\x06\x00\xf1\x81\x01\x00\x54\x68\x02\x40\xf9\x1f\x05\x00\xf1\x01\x01\x00\x54\xe0\x03\x16\xaa\xe1\x03\x14\xaa\xf4\x4f\x48\xa9" +
	"\xf6\x57\x47\xa9\xfd\x7b\x46\xa9\xff\x43\x02\x91\x8c\xff\xff\x17\x35\x00\x80\x52\x88\x06\x40\xf9\xe0\x03\x16\xaa\x61\x00\x80\x52" +
	"\xa8\x02\x08\x8b\x02\x0d\x00\x91\x89\xec\xff\x97\x88\x12\x40\xb9\x89\x06\x40\xf9\x1f\x01\x00\x71\xe8\x07\x9f\x1a\x28\xfd\x08\xaa" +
	"\x08\x04\x00\xf9\x08\x40\x00\x91\x8a\x06\x40\xf9\x49\xf1\x7d\xd3\x29\x01\x00\xb4\x89\x02\x40\xf9\xea\x0f\x0a\xcb\xeb\x03\x08\xaa" +
	"\x2c\x15\x40\x38\x4a\x05\x00\xb1\x6c\x15\x00\x38\xa3\xff\xff\x54\x8a\x06\x40\xf9\x09\x0d\x0a\x8b\xa8\xf2\x7d\xd3\x35\x01\x00\xf9" +
	"\xe8\x00\x00\xb4\xe8\x0f\x15\xcb\x29\x21\x00\x91\x6a\x16\x40\x38\x08\x05\x00\xb1\x2a\x15\x00\x38\xa3\xff\xff\x54\x48\xff\xff\xd2" +
	"\x08\xbc\x40\xb3\xf4\x4f\x48\xa9\xe0\x03\x08\xaa\xf6\x57\x47\xa9\xfd\x7b\x46\xa9\xff\x43\x02\x91\xc0\x03\x5f\xd6\x28\x04\x40\xf9" +
	"\x48\x07\x00\xb4\xfd\x7b\xbe\xa9\x49\x04\x40\xf9\xf4\x4f\x01\xa9\xf3\x03\x02\xaa\xfd\x03\x00\x91\xe9\x06\x00\xb4\x28\x01\x08\x8b" +
	"\xf4\x03\x01\xaa\x1f\x05\x00\xf1\x08\x85\x9f\x9a\x01\xf1\x7d\xd3\x47\xf9\xff\x97\x88\x06\x40\xf9\x6a\x06\x40\xf9\x41\x01\x08\x8b" +
	"\x68\x04\x00\xb4\xe8\x03\x1f\xaa\xe9\x03\x00\xaa\x8a\x02\x00\xb4\x8b\x02\x40\xf9\x6c\x02\x40\xf9\xea\x03\x1f\xaa\xed\x03\x1f\xaa" +
	"\x6e\x79\x68\xf8\x8f\x79\x6a\xf8\x31\x79\x6a\xf8\xf0\x7d\x0e\x9b\xef\x7d\xce\x9b\x2e\x02\x10\xab\xf0\x37\x9f\x1a\xcd\x01\x0d\xab" +
	"\x2d\x79\x2a\xf8\x6e\x06\x40\xf9\x4a\x05\x00\x91\x0d\x02\x0f\x9a\x5f\x01\x0e\xeb\x63\xfe\xff\x54\x03\x00\x00\x14\xed\x03\x1f\xaa" +
	"\xee\x03\x1f\xaa\x0a\x0c\x08\x8b\x08\x05\x00\x91\x4d\x79\x2e\xf8\x8a\x06\x40\xf9\x1f\x01\x0a\xeb\xa2\x00\x00\x54\x6a\x06\x40\xf9" +
	"\x29\x21\x00\x91\x6a\xfc\xff\xb5\xf5\xff\xff\x17\x81\x01\x00\xb4\x08\x0c\x01\x8b\x08\x81\x5f\xf8\x28\x01\x00\xb5\x21\x04\x00\xf1" +
	"\x81\xff\xff\x54\x06\x00\x00\x14\xe0\x03\x1f\xaa\xe1\x03\x1f\xaa\xc0\x03\x5f\xd6\xe0\x03\x1f\xaa\xe1\x03\x1f\xaa\xf4\x4f\x41\xa9" +
	"\xfd\x7b\xc2\xa8\xc0\x03\x5f\xd6\xff\x83\x02\xd1\x20\x00\xc0\x3d\xfd\x7b\x08\xa9\xfd\x03\x02\x91\x28\x08\x40\xf9\xf4\x4f\x09\xa9" +
	"\xf4\x03\x01\xaa\xa0\x03\x9e\x3c\x40\x00\xc0\x3d\xf3\x03\x00\xaa\xa8\x03\x1f\xf8\x48\x08\x40\xf9\xe0\x13\x80\x3d\x40\x80\xc1\x3c" +
	"\xe8\x2b\x00\xf9\x48\x10\x40\xf9\xe0\x0b\x80\x3d\x20\x80\xc1\x3c\x1f\x05\x00\xf1\xff\x33\x00\xb9\xe0\x03\x80\x3d\xff\x13\x00\xb9" +
	"\xa1\x00\x00\x54\x48\x80\x41\xf8\x08\x01\x40\xf9\x1f\x05\x00\xf1\x60\x01\x00\x54\xa1\x83\x00\xd1\xe2\x83\x00\x91\xe0\x03\x13\xaa" +
	"\x9f\xff\xff\x97\xa8\x03\x5f\xb8\x3f\x00\x00\xf1\xa0\x07\x3e\xa9\x04\x19\x40\x7a\xe8\x07\x9f\x1a\xa8\x03\x1f\xb8\x88\x12\x40\xf9" +
	"\x1f\x05\x00\xf1\xe1\x00\x00\x54\x88\x82\x41\xf8\x08\x01\x40\xf9\x1f\x05\x00\xf1\x61\x00\x00\x54\xe8\x53\x40\xb9\x0a\x00\x00\x14" +
	"\xe1\x03\x01\x91\xe2\x03\x00\x91\xe0\x03\x13\xaa\x8c\xff\xff\x97\xe8\x53\x40\xb9\x3f\x00\x00\xf1\xe0\x07\x04\xa9\x04\x19\x40\x7a" +
	"\xe8\x07\x9f\x1a\xa9\x03\x5f\xb8\x3f\x01\x08\x6b\x81\x02\x00\x54\xa9\x83\x5e\xf8\xea\x27\x40\xf9\x3f\x01\x0a\xeb\x61\x01\x00\x54" +
	"\xab\x03\x5e\xf8\xea\x23\x40\xf9\x4a\x21\x00\xd1\x6b\x21\x00\xd1\x09\x01\x00\xb4\x6c\x79\x69\xf8\x4d\x79\x69\xf8\x29\x05\x00\xd1" +
	"\x9f\x01\x0d\xeb\x60\xff\xff\x54\x09\x00\x80\x12\x29\x35\x89\x5a\x1f\x01\x00\x71\x20\x05\x89\x5a\x04\x00\x00\x14\x3f\x01\x00\x71" +
	"\x28\x00\x80\x52\x00\x05\x88\x5a\xf4\x4f\x49\xa9\xfd\x7b\x48\xa9\xff\x83\x02\x91\xc0\x03\x5f\xd6\xfd\x7b\xbe\xa9\x29\x04\x40\xf9" +
	"\x4a\x04\x40\xf9\x28\x00\x80\x52\xf4\x4f\x01\xa9\xfd\x03\x00\x91\x3f\x01\x0a\xeb\x53\x30\x81\x9a\x34\x30\x82\x9a\x69\x06\x40\xf9" +
	"\x2a\x05\x00\x91\x5f\x05\x00\xf1\x08\x95\x89\x9a\x01\xf1\x7d\xd3\xaf\xf8\xff\x97\x68\x06\x40\xf9\x28\x03\x00\xb4\x6c\x02\x40\xf9" +
	"\xeb\x03\x1f\xaa\xe9\x03\x1f\xaa\x0a\x05\x00\x91\x8d\x06\x40\xf9\x3f\x01\x0d\xeb\x82\x00\x00\x54\x8d\x02\x40\xf9\xad\x79\x69\xf8" +
	"\x02\x00\x00\x14\xed\x03\x1f\xaa\x8e\x79\x69\xf8\xad\x01\x0e\xab\xee\x37\x9f\x1a\xab\x01\x0b\xab\x0b\x78\x29\xf8\x6d\x06\x40\xf9" +
	"\x29\x05\x00\x91\xcb\x35\x9f\x1a\x3f\x01\x0d\xeb\x03\xfe\xff\x54\x0b\x78\x2d\xf8\x6a\x00\x00\xb5\x07\x00\x00\x14\x1f\x00\x00\xf9" +
	"\x09\x78\x68\xf8\xc9\x00\x00\xb5\x08\x05\x00\xd1\x1f\x05\x00\xb1\x81\xff\xff\x54\xe1\x03\x1f\xaa\x02\x00\x00\x14\x01\x05\x00\x91" +
	"\xf4\x4f\x41\xa9\xfd\x7b\xc2\xa8\xc0\x03\x5f\xd6\xfd\x7b\xbe\xa9\x28\x04\x40\xf9\xf4\x4f\x01\xa9\xf4\x03\x01\xaa\xfd\x03\x00\x91" +
	"\xf3\x03\x02\xaa\x1f\x05\x00\xf1\x08\x85\x9f\x9a\x01\xf1\x7d\xd3\x7f\xf8\xff\x97\x81\x06\x40\xf9\x61\x03\x00\xb4\x88\x02\x40\xf9" +
	"\xe9\x03\x1f\xaa\xea\x03\x1f\xaa\x6b\x06\x40\xf9\x5f\x01\x0b\xeb\x82\x00\x00\x54\x6b\x02\x40\xf9\x6b\x79\x6a\xf8\x02\x00\x00\x14" +
	"\xeb\x03\x1f\xaa\x0c\x79\x6a\xf8\x8b\x01\x0b\xeb\x6c\x01\x09\xcb\x0c\x78\x2a\xf8\x60\x21\x49\xfa\x8c\x06\x40\xf9\x4a\x05\x00\x91" +
	"\xe9\x27\x9f\x1a\x5f\x01\x0c\xeb\x03\xfe\xff\x54\xc1\x00\x00\xb4\x08\x20\x00\xd1\x09\x79\x61\xf8\x69\x00\x00\xb5\x21\x04\x00\xf1" +
	"\xa1\xff\xff\x54\xf4\x4f\x41\xa9\xfd\x7b\xc2\xa8\xc0\x03\x5f\xd6\xe8\x0f\x1e\xfc\x28\x40\x60\x1e\x28\x20\x60\x1e\xfd\x7b\x01\xa9" +
	"\x01\x10\x6e\x1e\xfd\x43\x00\x91\xa1\x00\x00\x54\x20\x40\x60\x1e\xfd\x7b\x41\xa9\xe8\x07\x42\xfc\xc0\x03\x5f\xd6\x08\x20\x60\x1e" +
	"\xcb\x00\x00\x54\x01\x10\x6c\x1e\x00\x21\x61\x1e\x61\x00\x00\x54\x00\xc0\x61\x1e\xf7\xff\xff\x17\x08\x20\x60\x1e\xc1\x00\x00\x54" +
	"\x01\xe4\x00\x2f\x08\x21\x60\x1e\x2c\xfe\xff\x54\xa1\x8a\x00\x5c\xef\xff\xff\x17\x08\x68\xe8\xd2\x01\xb9\xe1\x5e\x02\x01\x67\x9e" +
	"\x08\x68\xf8\xd2\x03\x01\x67\x9e\x00\x21\x62\x1e\x21\xd8\x61\x5e\x04\x45\x63\x1e\x21\xcc\x68\x1e\x00\x21\x62\x1e\x25\x03\x00\x54" +
	"\x02\x01\x67\x9e\x00\x21\x62\x1e\xcd\x02\x00\x54\x20\x20\x68\x1e\x81\x02\x00\x54\x08\x01\x78\x9e\x01\x10\x6e\x1e\x02\x10\x6e\x1e" +
	"\x88\x01\x00\xb4\x03\x10\x6e\x1e\x1f\x01\x00\xf1\x09\x55\x88\xda\x3f\x01\x40\xf2\x2a\xfd\x41\xd3\x64\x0c\x60\x1e\x00\x08\x60\x1e" +
	"\x3f\x05\x00\xf1\xe9\x03\x0a\xaa\x42\x08\x64\x1e\x28\xff\xff\x54\x20\x18\x62\x1e\x1f\x01\x00\xf1\x01\xbc\x62\x1e\xcc\xff\xff\x17" +
	"\x08\x20\x60\x1e\x85\x00\x00\x54\x08\xff\xef\xd2\x01\x01\x67\x9e\xc7\xff\xff\x17\x3a\xee\xff\x97\xfd\x7b\x41\xa9\x00\x08\x68\x1e" +
	"\xe8\x07\x42\xfc\xe7\xed\xff\x17\xfd\x7b\xbe\xa9\xf4\x4f\x01\xa9\xf3\x03\x00\xaa\xe0\x03\x01\xaa\xfd\x03\x00\x91\xce\xf3\xff\x97" +
	"\x09\x00\x40\x39\x8a\x8e\x00\x10\x0b\xa1\x00\x10\xf4\x03\x00\xaa\xe8\x03\x1f\xaa\x3f\x95\x01\x71\x61\x01\x8a\x9a\x29\x68\x68\x38" +
	"\x08\x05\x00\x91\xc9\xff\xff\x35\x02\x05\x00\xd1\xe0\x03\x13\xaa\x74\xe0\xff\x97\xe8\x03\x1f\xaa\x89\x6a\x68\x38\x08\x05\x00\x91" +
	"\xc9\xff\xff\x35\xe0\x03\x13\xaa\xe1\x03\x14\xaa\x02\x05\x00\xd1\xf4\x4f\x41\xa9\xfd\x7b\xc2\xa8\x6a\xe0\xff\x17\x08\xfc\x70\xd3" +
	"\x69\xff\x9f\x52\x1f\x01\x09\xeb\x21\x02\x00\x54\x09\xbc\x40\x92\x60\x70\x80\xd2\xa0\x73\xae\xf2\x28\x05\x40\xf9\x00\xf6\xc1\xf2" +
	"\xa0\x8c\xe2\xf2\x28\x01\x00\xb4\x6a\x36\x80\xd2\x29\x41\x00\x91\x0a\x20\xc0\xf2\x2b\x15\x40\x38\x08\x05\x00\xf1\x0b\x00\x0b\xca" +
	"\x60\x7d\x0a\x9b\x81\xff\xff\x54\xc0\x03\x5f\xd6\x09\xff\x9f\x92\x08\x01\x09\x8b\x1f\x05\x00\xf1\x68\x02\x00\x54\x08\xbc\x40\x92" +
	"\x60\x70\x80\xd2\x09\x85\x40\xf8\xa0\x73\xae\xf2\x00\xf6\xc1\xf2\x29\xfd\x45\xd3\xa0\x8c\xe2\xf2\x29\xdd\x7d\x92\x29\x21\x00\xf1" +
	"\x40\xfe\xff\x54\x6a\x36\x80\xd2\x0a\x20\xc0\xf2\x0b\x15\x40\x38\x29\x05\x00\xf1\x0b\x00\x0b\xca\x60\x7d\x0a\x9b\x81\xff\xff\x54" +
	"\xea\xff\xff\x17\x08\x00\xf0\xd2\xa9\x99\x91\xd2\x1f\x00\x08\xeb\xa9\xaa\xbd\xf2\xe8\x03\x80\x9a\xe9\xfa\xd5\xf2\x08\x85\x48\xca" +
	"\x29\xea\xff\xf2\x08\x7d\x09\x9b\x00\x85\x48\xca\xc0\x03\x5f\xd6\xff\xc3\x04\xd1\x00\x20\x60\x1e\xf4\x4f\x12\xa9\xf4\x03\x00\xaa" +
	"\xe8\x63\x00\xfd\xfd\x7b\x0d\xa9\xfd\x43\x03\x91\xfc\x6f\x0e\xa9\xfa\x67\x0f\xa9\xf8\x5f\x10\xa9\xf6\x57\x11\xa9\x86\x3c\x00\x54" +
	"\x08\x40\x60\x1e\x08\x01\x66\x9e\x28\x02\xf8\xb7\x08\xfe\xef\xd2\x00\x01\x67\x9e\x00\x21\x60\x1e\x01\x03\x00\x54\x61\x85\x00\x30" +
	"\xe0\x03\x14\xaa\xf4\x4f\x52\xa9\xf6\x57\x51\xa9\x62\x00\x80\x52\xf8\x5f\x50\xa9\xe8\x63\x40\xfd\xfa\x67\x4f\xa9\xfc\x6f\x4e\xa9" +
	"\xfd\x7b\x4d\xa9\xff\xc3\x04\x91\x16\xe0\xff\x17\xe0\x03\x14\xaa\x21\x00\x80\x52\x25\xfa\xff\x97\x89\xa2\x40\xa9\x08\x21\x60\x1e" +
	"\x0a\x05\x00\x91\x8a\x0a\x00\xf9\xa1\x0b\x00\x54\x0a\x06\x80\x52\x2a\x69\x28\x38\xaa\x01\x00\x14\x08\x68\xe8\xd2\x00\x01\x67\x9e" +
	"\x00\x21\x60\x1e\x05\x02\x00\x54\x00\xb9\xe1\x7e\x00\xd8\x61\x7e\x00\x21\x60\x1e\x81\x01\x00\x54\xe0\x03\x14\xaa\xf4\x4f\x52\xa9" +
	"\xf6\x57\x51\xa9\x01\x01\x79\x9e\xf8\x5f\x50\xa9\xe8\x63\x40\xfd\xfa\x67\x4f\xa9\xfc\x6f\x4e\xa9\xfd\x7b\x4d\xa9\xff\xc3\x04\x91" +
	"\xe3\xeb\xff\x17\x08\x01\x66\x9e\x0a\x02\xe0\xd2\xb4\x83\x1f\xf8\x94\x02\x40\xf9\x21\x00\x80\x52\x42\x00\x80\x52\x16\x02\xe0\xd2" +
	"\x37\x00\x80\x52\x09\xfd\x74\xd3\x0a\xcd\x40\xb3\x08\xcd\x40\x92\xe0\x03\x14\xaa\x2b\x29\x00\x72\x33\x29\x00\x72\x69\xcd\x10\x51" +
	"\x18\x01\x8a\x9a\x28\x86\x80\x12\x15\x01\x89\x1a\x88\xea\xff\x97\x48\x01\x80\x52\x21\x00\x80\x52\x42\x00\x80\x52\x08\x8c\x00\xf8" +
	"\xe0\x5f\x06\xa9\xe0\x03\x14\xaa\x81\xea\xff\x97\x17\x8c\x00\xf8\x21\x00\x80\x52\xe0\x5f\x05\xa9\xe0\x03\x14\xaa\x42\x00\x80\x52" +
	"\x7b\xea\xff\x97\x7f\x06\x00\x71\x18\x8c\x00\xf8\x00\x83\x56\xfa\xf3\x17\x9f\x1a\x1f\x03\x00\xf1\xe8\x07\x9f\x1a\xe0\x23\x04\xa9" +
	"\x95\x04\xf8\x37\xe1\x43\x01\x91\xe0\x03\x14\xaa\xe2\x03\x15\xaa\xe4\x01\x00\x94\xa8\x42\x33\x8b\xe0\x87\x00\xa9\xe1\x03\x01\x91" +
	"\xe0\x03\x14\xaa\x02\x05\x00\x91\xde\x01\x00\x94\xa0\x87\x3d\xa9\xe0\x03\x14\xaa\x21\x00\x80\x52\x42\x00\x80\x52\x55\x00\x80\x52" +
	"\x37\x00\x80\x52\x62\xea\xff\x97\x7f\x02\x00\x71\x88\x00\x80\x52\xf6\x03\x00\xaa\x08\x11\x95\x9a\xc8\x8e\x00\xf8\xb6\xdf\x3c\xa9" +
	"\x93\x04\x00\x34\xe1\x23\x00\x91\xe0\x03\x14\xaa\x22\x00\x80\x52\xcc\x01\x00\x94\xa0\x07\x3b\xa9\x20\x00\x00\x14\x00\xe4\x00\x2f" +
	"\xaa\x05\x80\x52\x2a\x69\x28\x38\x08\x38\x68\x1e\x88\xff\xff\x17\x7f\x02\x00\x71\x39\x00\x80\x52\xe1\x03\x01\x91\x37\x07\x99\x9a" +
	"\xe0\x03\x14\xaa\xe2\x03\x17\xaa\xbe\x01\x00\x94\x68\x02\x15\x4b\xa0\x87\x3d\xa9\xe1\x43\x01\x91\x02\x05\x00\x11\xe0\x03\x14\xaa" +
	"\xb8\x01\x00\x94\xf6\x03\x00\xaa\xf5\x03\x01\xaa\xa0\x87\x3c\xa9\xe0\x03\x14\xaa\x21\x00\x80\x52\x42\x00\x80\x52\x3c\xea\xff\x97" +
	"\xe0\x17\xc0\x3d\x17\x8c\x00\xf8\xa0\x67\x3b\xa9\x05\x00\x00\x14\xe0\x83\xc0\x3c\xa0\x03\x9b\x3c\xe0\x83\xc0\x3c\x35\x00\x80\x52" +
	"\xa0\x03\x9a\x3c\x00\x41\x60\x1e\x18\x03\x40\x92\x3c\xed\xff\x97\xc1\x62\x00\x5c\xa2\x63\x00\x5c\x08\x20\x60\x1e\x01\x04\x42\x1f" +
	"\x28\x00\x78\x1e\x17\xd5\x88\x1a\x37\x07\x00\x34\xff\x02\x00\x71\xf3\x56\x97\x5a\x37\x01\xf8\x37\xa1\xe3\x00\xd1\xe2\x83\x01\x91" +
	"\xe0\x03\x14\xaa\xbe\xfd\xff\x97\xf6\x03\x00\xaa\xf5\x03\x01\xaa\xa0\x87\x3c\xa9\x10\x00\x00\x14\xa1\xa3\x00\xd1\xe2\x83\x01\x91" +
	"\xe0\x03\x14\xaa\xb6\xfd\xff\x97\xa0\x87\x3d\xa9\xa1\x43\x01\xd1\xe2\x83\x01\x91\xe0\x03\x14\xaa\xb1\xfd\xff\x97\xa0\x07\x3b\xa9" +
	"\xa1\x83\x01\xd1\xe2\x83\x01\x91\xe0\x03\x14\xaa\xac\xfd\xff\x97\xa0\x07\x3a\xa9\x73\x06\x00\x71\xe1\xfc\xff\x54\x1c\x00\x00\x14" +
	"\x98\x05\x00\xb5\xa1\xe3\x00\xd1\xe2\x83\x01\x91\xe0\x03\x14\xaa\xa3\xfd\xff\x97\xf6\x03\x00\xaa\xf5\x03\x01\xaa\xf7\x06\x00\x11" +
	"\xa0\x87\x3c\xa9\x12\x00\x00\x14\x58\x06\x00\xb4\xa1\xa3\x00\xd1\xe2\x83\x01\x91\xe0\x03\x14\xaa\x99\xfd\xff\x97\xa0\x87\x3d\xa9" +
	"\xa1\x43\x01\xd1\xe2\x83\x01\x91\xe0\x03\x14\xaa\x94\xfd\xff\x97\xa0\x07\x3b\xa9\xa1\x83\x01\xd1\xe2\x83\x01\x91\xe0\x03\x14\xaa" +
	"\x8f\xfd\xff\x97\xf7\x06\x00\x51\xa0\x07\x3a\xa9\xa1\xa3\x00\xd1\xa2\x43\x01\xd1\xe0\x03\x14\xaa\x20\xfe\xff\x97\x3f\x00\x15\xeb" +
	"\xe0\x87\x00\xa9\x41\x01\x00\x54\xc8\x22\x00\xd1\x09\x20\x00\xd1\xea\x03\x15\xaa\x6a\xfb\xff\xb4\x2b\x79\x6a\xf8\x0c\x79\x6a\xf8" +
	"\x4a\x05\x00\xd1\x7f\x01\x0c\xeb\x60\xff\xff\x54\xc2\xfa\xff\x54\xe1\x23\x00\x91\xe2\x83\x01\x91\xe0\x03\x14\xaa\x78\xfd\xff\x97" +
	"\x3f\x00\x15\xeb\x41\x01\x00\x54\x08\x20\x00\xd1\xe9\x03\x15\xaa\xc9\xfa\xff\xb4\xca\x0e\x09\x8b\x0b\x79\x69\xf8\x29\x05\x00\xd1" +
	"\x4a\x81\x5f\xf8\x7f\x01\x0a\xeb\x40\xff\xff\x54\x03\xfa\xff\x54\x1f\x03\x00\xf1\xf3\x03\x1f\xaa\x18\x03\x00\x52\xf9\x13\x9f\x5a" +
	"\xda\x22\x00\xd1\xa1\xa3\x00\xd1\xe2\x83\x01\x91\xe0\x03\x14\xaa\xf6\x03\x13\xaa\x62\xfd\xff\x97\xe0\x07\x02\xa9\xe1\x83\x00\x91" +
	"\xa2\xe3\x00\xd1\xe3\xc3\x00\x91\xa4\xa3\x00\xd1\xe0\x03\x14\xaa\x26\xfb\xff\x97\xa1\x43\x01\xd1\xe2\x83\x01\x91\xe0\x03\x14\xaa" +
	"\x57\xfd\xff\x97\xa0\x07\x3b\xa9\xa1\x83\x01\xd1\xe2\x83\x01\x91\xe0\x03\x14\xaa\x52\xfd\xff\x97\xe8\x1f\x40\xf9\xa0\x07\x3a\xa9" +
	"\x88\x00\x00\xb4\xe8\x1b\x40\xf9\x13\x01\x40\xb9\x02\x00\x00\x14\xf3\x03\x1f\x2a\xa8\x03\x5e\xf8\x1f\x01\x01\xeb\x41\x01\x00\x54" +
	"\xa9\x83\x5d\xf8\x08\x20\x00\xd1\x29\x21\x00\xd1\x21\x01\x00\xb4\x2a\x79\x61\xf8\x0b\x79\x61\xf8\x21\x04\x00\xd1\x5f\x01\x0b\xeb" +
	"\x60\xff\xff\x54\x08\x00\x80\x12\x1c\x35\x88\x5a\x02\x00\x00\x14\xfc\x03\x1f\x2a\xa1\xa3\x00\xd1\xa2\x43\x01\xd1\xe0\x03\x14\xaa" +
	"\xce\xfd\xff\x97\x3f\x00\x15\xeb\x21\x01\x00\x54\x08\x20\x00\xd1\xe9\x03\x15\xaa\x29\x01\x00\xb4\x0a\x79\x69\xf8\x4b\x7b\x69\xf8" +
	"\x29\x05\x00\xd1\x5f\x01\x0b\xeb\x60\xff\xff\x54\x08\x00\x80\x12\x1b\x35\x88\x5a\x02\x00\x00\x14\xfb\x03\x1f\x2a\x9f\x03\x18\x6b" +
	"\x8a\x02\x00\x54\x7f\x03\x19\x6b\x4d\x02\x00\x54\xa1\xa3\x00\xd1\xe0\x03\x14\xaa\x22\x00\x80\x52\xfa\x00\x00\x94\x3f\x00\x15\xeb" +
	"\x21\x01\x00\x54\x08\x20\x00\xd1\xe9\x03\x15\xaa\xe9\x00\x00\xb4\x0a\x79\x69\xf8\x4b\x7b\x69\xf8\x29\x05\x00\xd1\x5f\x01\x0b\xeb" +
	"\x60\xff\xff\x54\xa3\x00\x00\x54\x73\x06\x00\x11\x03\x00\x00\x14\x7f\x03\x19\x6b\x73\xd6\x93\x1a\x9f\x03\x18\x6b\x68\xc2\x00\x11" +
	"\xd3\x06\x00\x91\xe9\x23\x00\x91\x28\x69\x36\x38\x6b\x00\x00\x54\x7f\x03\x19\x6b\x8d\xf4\xff\x54\xe8\x46\x00\x51\x1f\x55\x00\x31" +
	"\xe8\x07\x00\x54\xb8\x83\x5f\xf8\xf6\x23\x40\x39\x21\x00\x80\x52\xf4\x06\x00\x51\x35\x00\x80\x52\xe0\x03\x18\xaa\xd3\xf8\xff\x97" +
	"\x09\xa3\x40\xa9\x7f\x0a\x00\x71\x0a\x05\x00\x91\x0a\x0b\x00\xf9\x36\x69\x28\x38\xeb\x01\x00\x54\xe0\x03\x18\xaa\x21\x00\x80\x52" +
	"\xca\xf8\xff\x97\x09\xa3\x40\xa9\xcb\x05\x80\x52\x6c\x7e\x40\x92\xe0\x03\x18\xaa\x82\x05\x00\xd1\x0a\x05\x00\x91\x0a\x0b\x00\xf9" +
	"\x2b\x69\x28\x38\xe8\x23\x00\x91\x01\x01\x40\xb2\xad\xde\xff\x97\xe0\x03\x18\xaa\x21\x00\x80\x52\xbc\xf8\xff\x97\x09\xa3\x40\xa9" +
	"\xe0\x03\x18\xaa\x21\x00\x80\x52\x0a\x05\x00\x91\x0a\x0b\x00\xf9\xaa\x0c\x80\x52\x2a\x69\x28\x38\xb4\xf8\xff\x97\x08\xa7\x40\xa9" +
	"\xaa\x02\x17\x4b\xff\x06\x00\x71\x6b\x05\x80\x52\xac\x05\x80\x52\x53\xb1\x94\x1a\x8b\xb1\x8b\x1a\x2a\x05\x00\x91\x7f\x26\x00\x71" +
	"\x0a\x0b\x00\xf9\x0b\x69\x29\x38\x2c\x01\x00\x54\xe0\x03\x18\xaa\x21\x00\x80\x52\xa5\xf8\xff\x97\x09\xa3\x40\xa9\x0a\x05\x00\x91" +
	"\x0a\x0b\x00\xf9\x0a\x06\x80\x52\x2a\x69\x28\x38\x61\x7e\x40\x93\xe0\x03\x18\xaa\x76\xea\xff\x97\x29\x00\x00\x14\xb5\x83\x5f\xf8" +
	"\xff\x02\x00\x71\x6d\x02\x00\x54\x74\x02\x17\x6b\xad\x05\x00\x54\xe2\x03\x17\x2a\xe1\x23\x00\x91\xe0\x03\x15\xaa\xf3\x23\x00\x91" +
	"\x80\xde\xff\x97\xe0\x03\x15\xaa\x21\x00\x80\x52\x8f\xf8\xff\x97\xa9\xa2\x40\xa9\x61\x42\x37\x8b\x82\x7e\x40\x93\x0a\x05\x00\x91" +
	"\xaa\x0a\x00\xf9\xca\x05\x80\x52\x2a\x69\x28\x38\x12\x00\x00\x14\xa1\x50\x00\x50\xe0\x03\x15\xaa\x42\x00\x80\x52\x71\xde\xff\x97" +
	"\x77\x01\xf8\x36\x14\x06\x80\x52\xe0\x03\x15\xaa\x21\x00\x80\x52\x7e\xf8\xff\x97\xa9\xa2\x40\xa9\xf7\x06\x00\x31\x0a\x05\x00\x91" +
	"\xaa\x0a\x00\xf9\x34\x69\x28\x38\x03\xff\xff\x54\x62\x7e\x40\x93\xe1\x23\x00\x91\xe0\x03\x15\xaa\x62\xde\xff\x97\xf4\x4f\x52\xa9" +
	"\xe8\x63\x40\xfd\xf6\x57\x51\xa9\xf8\x5f\x50\xa9\xfa\x67\x4f\xa9\xfc\x6f\x4e\xa9\xfd\x7b\x4d\xa9\xff\xc3\x04\x91\xc0\x03\x5f\xd6" +
	"\x62\x7e\x40\x93\xe1\x23\x00\x91\xe0\x03\x15\xaa\x55\xde\xff\x97\x7f\x02\x17\x6b\x4a\xfe\xff\x54\xe8\x03\x36\x2a\x14\x06\x80\x52" +
	"\x13\x01\x17\x0b\xe0\x03\x15\xaa\x21\x00\x80\x52\x5f\xf8\xff\x97\xa9\xa2\x40\xa9\x73\x06\x00\x71\x0a\x05\x00\x91\xaa\x0a\x00\xf9" +
	"\x34\x69\x28\x38\x01\xff\xff\x54\xe5\xff\xff\x17\xa1\x57\x00\x70\x24\xfe\xff\x17\xff\xc3\x01\xd1\x48\x04\x40\xf9\xf4\x4f\x06\xa9" +
	"\xf3\x03\x01\xaa\xfd\x7b\x03\xa9\xfd\xc3\x00\x91\xf8\x5f\x04\xa9\xf6\x57\x05\xa9\x28\x04\x00\xb4\x08\x09\x08\x8b\x09\x01\x80\x52" +
	"\xf4\x03\x02\xaa\xf5\x03\x00\xaa\x21\x15\x08\xaa\xc8\xf5\xff\x97\x80\x02\xc0\x3d\xf4\x03\x00\xaa\xa0\x03\x9f\x3c\xa8\x83\x5f\xf8" +
	"\xe8\x03\x00\xb4\x16\x3d\xb1\xd2\xf7\x03\x1f\xaa\x96\x60\xc4\xf2\xf6\x58\xf1\xf2\xa1\x43\x00\xd1\xe3\x23\x00\x91\xe0\x03\x15\xaa" +
	"\xe2\x03\x16\xaa\x54\xfb\xff\x97\xe8\x03\x01\xaa\xe1\x07\x40\xf9\xf8\x06\x00\x91\x81\x7a\x37\xf8\xf7\x03\x18\xaa\xa0\x23\x3f\xa9" +
	"\xa8\xfe\xff\xb5\xe0\x03\x13\xaa\x09\xea\xff\x97\x15\x07\x00\xf1\xe1\x01\x00\x54\x2d\x00\x00\x14\xe0\x03\x13\xaa\x21\x00\x80\x52" +
	"\x2a\xf8\xff\x97\x69\xa2\x40\xa9\x0a\x05\x00\x91\x6a\x0a\x00\xf9\x0a\x06\x80\x52\x2a\x69\x28\x38\x24\x00\x00\x14\x81\x82\x5f\xf8" +
	"\xe0\x03\x13\xaa\xfa\xe9\xff\x97\x15\x00\x80\x92\xf6\xe7\x02\xb2\x57\x01\x80\x52\xf8\x23\x00\x91\xb6\x99\x99\xf2\xb5\x06\x00\xd1" +
	"\x48\x02\x80\x52\x89\x7a\x75\xf8\x2a\x7d\xd6\x9b\x4a\xfd\x43\xd3\x49\xa5\x17\x1b\x29\x05\x1c\x32\x09\x6b\x28\x38\x08\x05\x00\xd1" +
	"\x1f\x05\x00\xb1\xe9\x03\x0a\xaa\x01\xff\xff\x54\xe0\x03\x13\xaa\x61\x02\x80\x52\x0d\xf8\xff\x97\x6a\xa6\x40\xa9\xe8\x03\x1f\xaa" +
	"\x49\x01\x09\x8b\x0a\x6b\x68\x38\x2a\x69\x28\x38\x08\x05\x00\x91\x1f\x4d\x00\xf1\x81\xff\xff\x54\x68\x0a\x40\xf9\x08\x4d\x00\x91" +
	"\x68\x0a\x00\xf9\xd5\xfc\xff\xb5\xf4\x4f\x46\xa9\xf6\x57\x45\xa9\xf8\x5f\x44\xa9\xfd\x7b\x43\xa9\xff\xc3\x01\x91\xc0\x03\x5f\xd6" +
	"\xfd\x7b\xbd\xa9\x28\x04\x40\xf9\xf4\x4f\x02\xa9\xf3\x03\x01\xaa\xf6\x57\x01\xa9\xfd\x03\x00\x91\x48\x05\x00\xb4\x55\xfc\x46\xd3" +
	"\xf4\x03\x02\xaa\xb6\x06\x00\x91\xc8\x02\x08\x8b\x1f\x05\x00\xf1\x08\x85\x9f\x9a\x01\xf1\x7d\xd3\x6d\xf5\xff\x97\x68\x06\x40\xf9" +
	"\xc9\x02\x08\x8b\xe8\x02\x00\xb4\x8b\x16\x40\x92\x0c\x0c\x15\x8b\x6d\x02\x40\xf9\x0e\x08\x80\x52\xea\x03\x1f\xaa\xce\x01\x0b\xcb" +
	"\xaf\x79\x6a\xf8\x90\x79\x6a\xf8\xef\x21\xcb\x9a\x0f\x02\x0f\xaa\x8f\x79\x2a\xf8\xeb\x00\x00\xb4\xaf\x79\x6a\xf8\x90\x0d\x0a\x8b" +
	"\xef\x25\xce\x9a\x11\x06\x40\xf9\x2f\x02\x0f\xaa\x0f\x06\x00\xf9\x6f\x06\x40\xf9\x4a\x05\x00\x91\x5f\x01\x0f\xeb\x23\xfe\xff\x54" +
	"\x29\x01\x00\xb4\x08\x01\x15\x8b\x09\x78\x68\xf8\x69\x01\x00\xb5\x08\x05\x00\xd1\x1f\x05\x00\xb1\x81\xff\xff\x54\x02\x00\x00\x14" +
	"\x60\x02\x40\xf9\xe1\x03\x1f\xaa\xf4\x4f\x42\xa9\xf6\x57\x41\xa9\xfd\x7b\xc3\xa8\xc0\x03\x5f\xd6\x01\x05\x00\x91\xfb\xff\xff\x17" +
	"\x08\x20\x40\x91\x09\x0d\x40\xf9\x3f\x01\x01\xeb\x08\x02\x00\x54\x09\x11\x40\xf9\x3f\x01\x01\xeb\xa9\x01\x00\x54\x08\x05\x40\xf9" +
	"\x68\x01\x00\xb4\x00\x20\x00\x91\x09\x00\x40\xf9\x3f\x01\x01\xeb\x88\x00\x00\x54\x09\x04\x40\xf9\x3f\x01\x01\xeb\xa8\x00\x00\x54" +
	"\x08\x05\x00\xf1\x00\x80\x00\x91\x01\xff\xff\x54\xe0\x03\x1f\xaa\xc0\x03\x5f\xd6\xfd\x7b\xbd\xa9\x88\x5a\x90\x52\xf6\x57\x01\xa9" +
	"\xf5\x03\x1f\xaa\xf4\x4f\x02\xa9\xf3\x03\x00\xaa\x14\x52\x90\x52\x16\x00\x08\x8b\xfd\x03\x00\x91\x68\x6a\x74\xf8\x03\x01\x15\xeb" +
	"\x29\x01\x00\x54\x60\x02\x40\xf9\xc2\x02\x15\x8b\x21\x00\x80\x52\x08\x00\x40\xf9\x00\x01\x3f\xd6\x1f\x00\x00\xf1\x15\x00\x15\x8b" +
	"\xcc\xfe\xff\x54\x60\x02\x40\xf9\xc2\x2f\x00\x10\x41\x00\x80\x52\xa3\x00\x80\x52\x7f\x6a\x34\xf8\x08\x00\x40\xf9\x00\x01\x3f\xd6" +
	"\x60\x02\x40\xf9\x42\x41\x00\x70\x41\x00\x80\x52\xa3\x01\x80\x52\x08\x00\x40\xf9\x00\x01\x3f\xd6\x60\x02\x40\xf9\xe2\x37\x00\x50" +
	"\x41\x00\x80\x52\x23\x00\x80\x52\x08\x00\x40\xf9\x00\x01\x3f\xd6\x60\x02\x40\xf9\xf4\x4f\x42\xa9\xf6\x57\x41\xa9\xc1\x08\x80\x52" +
	"\x02\x10\x40\xf9\xfd\x7b\xc3\xa8\x40\x00\x1f\xd6\xa1\x22\x00\x5c\x02\x10\x6c\x1e\x08\x68\xe8\xd2\x03\x01\x67\x9e\x08\x68\xf8\xd2" +
	"\x05\x10\x7e\x1e\x01\x18\x61\x1e\x04\x01\x67\x9e\xe9\x03\x00\xaa\x21\x28\x62\x1e\x22\xb8\xe1\x5e\x20\x20\x63\x1e\x24\x44\x64\x1e" +
	"\x42\xd8\x61\x5e\x42\xcc\x61\x1e\x46\x28\x65\x1e\x40\x20\x61\x1e\xc1\xcc\x62\x1e\x02\x10\x6a\x1e\x22\x08\x62\x1e\x46\xb8\xe1\x5e" +
	"\x40\x20\x63\x1e\x44\x44\x64\x1e\xc3\xd8\x61\x5e\x63\xcc\x62\x1e\x64\x28\x65\x1e\x60\x20\x62\x1e\xc2\x1c\x00\x5c\x20\x00\x42\x1f" +
	"\x02\x10\x72\x1e\x83\xcc\x63\x1e\x84\x1e\x00\x5c\x20\x00\x44\x1f\x62\x04\x42\x1f\x23\x1d\x00\x5c\x20\x00\x43\x1f\x48\x00\x78\x9e" +
	"\x20\x01\x00\xfd\xe0\x03\x08\x2a\xc0\x03\x5f\xd6\x3f\x00\x00\xf9\x09\x04\x40\xf9\xc9\x01\x00\xb4\x0b\x00\x40\xf9\x3f\x05\x00\xf1" +
	"\x6c\x0d\x09\x8b\x88\x81\x5f\xf8\x0a\x11\xc0\xda\x08\x21\xca\x9a\x2a\x01\x00\xb4\x20\x01\x00\x54\x8c\x01\x5f\xf8\xed\x03\x0a\xcb" +
	"\x8d\x25\xcd\x9a\xa8\x01\x08\xaa\x14\x00\x00\x14\x00\xe4\x00\x2f\xc0\x03\x5f\xd6\x01\x02\x00\x54\xec\x03\x1f\x2a\x29\xe5\x7a\xd3" +
	"\xeb\x03\x0c\x2a\x29\x01\x0a\xcb\x2a\x01\x01\xd1\x09\x01\x0b\xaa\x2a\x00\x00\xf9\x69\x00\xf8\xb7\x20\x01\x62\x9e\xc0\x03\x5f\xd6" +
	"\x29\x01\x40\x92\x28\x05\x48\xaa\x00\x01\x62\x9e\x00\x28\x60\x1e\xc0\x03\x5f\xd6\x8c\x01\x5f\xf8\x8d\x21\xca\x9a\xbf\x01\x00\xf1" +
	"\xec\x07\x9f\x1a\x3f\x0d\x00\xf1\xa3\xfd\xff\x54\x8d\xfd\xff\xb5\x6e\x79\x6d\xf8\xaf\x0d\x00\x91\xdf\x01\x00\xf1\xec\x07\x9f\x1a" +
	"\xff\x01\x09\xeb\xc2\xfc\xff\x54\xad\x05\x00\x91\x2e\xff\xff\xb4\xe3\xff\xff\x17\xfd\x7b\xbd\xa9\xf4\x4f\x02\xa9\x14\x49\x90\x52" +
	"\xfd\x03\x00\x91\x09\x68\x74\xf8\xa8\x63\x00\x91\xf5\x0b\x00\xf9\xbf\x0f\x00\xf9\x1f\x01\x09\xeb\xe2\x01\x00\x54\xf3\x03\x00\xaa" +
	"\xe1\x03\x1f\xaa\x15\x21\x00\x91\x28\xfc\x70\xd3\xe0\x03\x13\xaa\x68\x00\x00\xb5\x0c\x00\x00\x94\x02\x00\x00\x14\x5c\x00\x00\x94" +
	"\x68\x6a\x74\xf8\xbf\x02\x08\xeb\x62\x00\x00\x54\xa1\x86\x40\xf8\xf6\xff\xff\x17\xf4\x4f\x42\xa9\xf5\x0b\x40\xf9\xfd\x7b\xc3\xa8" +
	"\xc0\x03\x5f\xd6\xfd\x7b\xbc\xa9\xf7\x0b\x00\xf9\xfd\x03\x00\x91\xf6\x57\x02\xa9\xf4\x4f\x03\xa9\xf4\x03\x01\xaa\xf3\x03\x00\xaa" +
	"\x40\xff\xff\x97\xa0\x08\x00\xb4\x08\x00\x40\xf9\x0b\x0c\x40\xf9\x0c\x00\x80\x92\x89\x02\x08\xcb\x2a\xfd\x43\x93\x49\xfd\x46\xd3" +
	"\xea\x03\x2a\x2a\x8a\x25\xca\x9a\x6d\x79\x69\xf8\x4a\x01\x0d\xea\x01\x01\x00\x54\x6b\x21\x00\xd1\x09\x07\x00\xb4\x6a\x79\x69\xf8" +
	"\x2c\x05\x00\xd1\xe9\x03\x0c\xaa\x8a\xff\xff\xb4\xe9\x03\x0c\xaa\x08\x25\x09\x8b\x49\x11\xc0\xda\x09\x0d\x09\xcb\x28\xfd\x40\xf9" +
	"\xc8\x05\x38\x37\x0a\x19\x40\x92\x5f\x3d\x00\xf1\x60\x05\x00\x54\x0a\xfd\x48\xd3\x35\xe1\x07\x91\xa9\x0e\x0a\x8b\x3f\x01\x14\xeb" +
	"\xc9\x04\x00\x54\x08\x01\x79\xb2\x76\x22\x40\x91\xa8\x02\x00\xf9\xc8\x36\x41\xf9\xc9\x3a\x41\xf9\x1f\x01\x09\xeb\x61\x03\x00\x54" +
	"\x09\xf9\x7f\xd3\x1f\x01\x00\xf1\x28\x00\xa0\x52\x60\x02\x40\xf9\x17\x01\x89\x9a\x08\x14\x40\xf9\xe1\xf2\x7d\xd3\x00\x01\x3f\xd6" +
	"\xf4\x03\x00\xaa\x60\x00\x00\xb5\xe0\x03\x13\xaa\x22\xff\xff\x97\xc8\x36\x41\xf9\x09\xf1\x7d\xd3\x29\x01\x00\xb4\xc9\x32\x41\xf9" +
	"\xe8\x0f\x08\xcb\xea\x03\x14\xaa\x2b\x15\x40\x38\x08\x05\x00\xb1\x4b\x15\x00\x38\xa3\xff\xff\x54\xc8\x36\x41\xf9\xd4\x32\x01\xf9" +
	"\xd7\x3a\x01\xf9\x02\x00\x00\x14\xd4\x32\x41\xf9\x09\x05\x00\x91\xc9\x36\x01\xf9\x95\x7a\x28\xf8\xf4\x4f\x43\xa9\xf7\x0b\x40\xf9" +
	"\xf6\x57\x42\xa9\xfd\x7b\xc4\xa8\xc0\x03\x5f\xd6\x28\xfc\x70\xd3\xe9\xfe\x9f\x12\x09\x01\x09\x0b\x3f\x1d\x00\x71\x89\xff\x8f\x52" +
	"\x04\x21\x49\x7a\x61\x00\x00\x54\x21\xbc\x40\x92\xa6\xff\xff\x17\xc0\x03\x5f\xd6\x00\x00\x00\x00\x00\x00\x00\x00\x00\x00\x00\x00" +
	"\x00\x00\x00\x00\x00\x00\x00\x00\x40\x00\x00\x00\x00\x00\x00\x00\x00\x00\x00\x00\x00\x00\x00\x00\x80\x00\x00\x00\x00\x00\x00\x00" +
	"\x00\x00\x00\x00\x00\x00\x00\x00\x00\x10\x00\x00\x00\x00\x00\x00\x00\x00\x00\x00\x00\x00\x00\x00\x20\x00\x00\x00\x00\x00\x00\x00" +
	"\xff\x00\x00\x00\x00\x00\xf8\x7f\x00\x00\x00\x00\x00\x00\x00\x00\x9a\x99\x99\x99\x99\x49\x87\xc0\xcd\x3b\x7f\x66\x9e\xa0\xf6\x3f" +
	"\x76\x3c\x79\x35\xef\x39\xea\xbd\x18\x2d\x44\x54\xfb\x21\xf9\xbf\x00\x00\x00\x00\x00\xc0\x72\x40\x00\x00\xe0\xfe\x42\x2e\xe6\x3f" +
	"\x65\x73\x2d\x38\x52\xc1\xe0\x3f\xbb\xbd\xd7\xd9\xdf\x7c\xdb\xbd\x16\x55\xb5\xbb\xb1\x6b\x02\x40\xaa\x4c\x58\xe8\x7a\xb6\xfb\x3f" +
	"\x18\x2d\x44\x54\xfb\x21\x09\xc0\x0d\xe5\x26\x15\x7b\xcb\xdb\x3f\x00\x00\x40\x54\xfb\x21\xf9\xbf\x56\xcd\x9e\x5e\x14\x26\xd1\x3f" +
	"\x76\x3c\x79\x35\xef\x39\xea\x3d\x95\xd6\x26\xe8\x0b\x2e\x11\x3e\x66\x66\x66\x66\x66\x2e\x86\x40\x73\x70\x03\x2e\x8a\x19\xa3\xbb" +
	"\x00\x30\x76\x64\x00\x00\xf8\x7f\x00\x00\xe0\xfe\x42\x2e\xe6\xbf\xef\x39\xfa\xfe\x42\x2e\xe6\x3f\x31\x63\x62\x1a\x61\xb4\xd0\xbd" +
	"\x18\x2d\x44\x54\xfb\x21\xf9\x3f\x00\x00\x00\x00\x00\xc0\x72\xc0\x18\x2d\x44\x54\xfb\x21\x09\x40\x61\x73\x69\x6e\x00\x65\x78\x70" +
	"\x00\x74\x61\x6e\x00\x61\x63\x6f\x73\x00\x67\x63\x64\x20\x6e\x65\x65\x64\x73\x20\x69\x6e\x74\x65\x67\x65\x72\x73\x00\x70\x75\x73" +
	"\x68\x00\x65\x72\x72\x6f\x72\x3a\x20\x00\x6d\x61\x70\x00\x69\x6e\x64\x65\x78\x00\x20\x61\x72\x67\x75\x6d\x65\x6e\x74\x20\x62\x75" +
	"\x74\x20\x67\x6f\x74\x20\x00\x63\x65\x69\x6c\x00\x6d\x69\x6e\x00\x30\x31\x32\x33\x34\x35\x36\x37\x38\x39\x41\x42\x43\x44\x45\x46" +
	"\x00\x72\x65\x70\x6c\x61\x63\x65\x00\x73\x74\x61\x72\x74\x73\x5f\x77\x69\x74\x68\x00\x74\x72\x75\x6e\x63\x00\x6e\x6f\x74\x20\x61" +
	"\x20\x6e\x75\x6d\x62\x65\x72\x3a\x20\x00\x2c\x20\x00\x61\x62\x73\x00\x72\x6f\x75\x6e\x64\x00\x6e\x75\x6d\x00\x20\x6e\x65\x65\x64" +
	"\x73\x20\x61\x20\x6e\x75\x6d\x2c\x20\x6e\x6f\x74\x20\x00\x61\x73\x73\x69\x67\x6e\x20\x69\x6e\x74\x6f\x00\x65\x6e\x64\x73\x5f\x77" +
	"\x69\x74\x68\x00\x61\x64\x64\x00\x64\x69\x76\x69\x64\x65\x00\x63\x6f\x73\x00\x61\x74\x61\x6e\x00\x66\x69\x6e\x64\x00\x70\x6f\x70" +
	"\x20\x66\x72\x6f\x6d\x20\x61\x6e\x20\x65\x6d\x70\x74\x79\x20\x6c\x69\x73\x74\x00\x6d\x75\x6c\x74\x69\x70\x6c\x79\x00\x63\x6f\x6d" +
	"\x62\x69\x6e\x65\x20\x62\x69\x74\x73\x20\x6f\x66\x00\x5c\x5c\x00\x6f\x72\x64\x00\x61\x20\x00\x2e\x2e\x2e\x00\x3c\x66\x6e\x3e\x00" +
	"\x74\x69\x6d\x3a\x20\x00\x20\x6e\x65\x65\x64\x73\x20\x61\x20\x73\x74\x72\x2c\x20\x6e\x6f\x74\x20\x00\x79\x65\x73\x00\x61\x74\x20" +
	"\x6c\x65\x61\x73\x74\x20\x00\x20\x61\x72\x67\x75\x6d\x65\x6e\x74\x73\x20\x62\x75\x74\x20\x67\x6f\x74\x20\x00\x6d\x61\x78\x00\x73" +
	"\x69\x6e\x00\x61\x74\x61\x6e\x32\x00\x69\x6e\x66\x00\x74\x61\x6b\x65\x20\x74\x68\x65\x20\x6c\x65\x6e\x67\x74\x68\x20\x6f\x66\x00" +
	"\x75\x70\x70\x65\x72\x00\x30\x2e\x00\x5c\x72\x00\x73\x70\x6c\x69\x74\x00\x74\x72\x69\x6d\x00\x73\x6f\x72\x74\x20\x6b\x65\x79\x73" +
	"\x20\x64\x6f\x20\x6e\x6f\x74\x20\x6d\x61\x74\x63\x68\x20\x74\x68\x65\x20\x6c\x69\x73\x74\x00\x73\x75\x62\x74\x72\x61\x63\x74\x00" +
	"\x5c\x22\x00\x20\x61\x6e\x64\x20\x00\x72\x65\x61\x64\x20\x61\x20\x66\x69\x65\x6c\x64\x20\x6f\x66\x00\x63\x68\x72\x20\x6e\x65\x65" +
	"\x64\x73\x20\x61\x20\x63\x6f\x64\x65\x20\x70\x6f\x69\x6e\x74\x00\x72\x65\x61\x64\x5f\x66\x69\x6c\x65\x00\x70\x74\x72\x28\x30\x78" +
	"\x00\x20\x6f\x66\x20\x6e\x6f\x74\x68\x69\x6e\x67\x00\x5c\x78\x00\x73\x6c\x69\x63\x65\x00\x67\x63\x64\x00\x6c\x6f\x77\x65\x72\x00" +
	"\x6a\x6f\x69\x6e\x00\x74\x61\x6b\x65\x20\x74\x68\x65\x20\x72\x65\x6d\x61\x69\x6e\x64\x65\x72\x20\x6f\x66\x00\x73\x65\x61\x72\x63" +
	"\x68\x00\x70\x6f\x70\x00\x65\x72\x72\x6f\x72\x00\x73\x75\x6d\x00\x7a\x69\x70\x00\x72\x61\x69\x73\x65\x00\x0a\x00\x73\x71\x72\x74" +
	"\x00\x72\x65\x6d\x6f\x76\x65\x20\x66\x72\x6f\x6d\x00\x72\x65\x76\x65\x72\x73\x65\x00\x74\x69\x6d\x3a\x20\x6f\x75\x74\x20\x6f\x66" +
	"\x20\x6d\x65\x6d\x6f\x72\x79\x0a\x00\x66\x6f\x72\x6d\x61\x74\x20\x77\x69\x74\x68\x00\x6e\x6f\x00\x63\x61\x6c\x6c\x00\x77\x72\x69" +
	"\x74\x65\x5f\x66\x69\x6c\x65\x00\x63\x61\x6e\x6e\x6f\x74\x20\x00\x20\x6e\x65\x65\x64\x73\x20\x61\x20\x6c\x69\x73\x74\x2c\x20\x6e" +
	"\x6f\x74\x20\x00\x6e\x65\x67\x61\x74\x65\x00\x6c\x6f\x67\x31\x30\x00\x70\x74\x72\x00\x63\x61\x6e\x6e\x6f\x74\x20\x73\x6f\x72\x74" +
	"\x20\x76\x61\x6c\x75\x65\x73\x20\x6f\x66\x20\x64\x69\x66\x66\x65\x72\x65\x6e\x74\x20\x74\x79\x70\x65\x73\x00\x73\x65\x61\x72\x63" +
	"\x68\x20\x61\x20\x73\x74\x72\x20\x66\x6f\x72\x00\x66\x6c\x6f\x61\x74\x00\x74\x61\x6b\x65\x20\x74\x68\x65\x20\x6b\x65\x79\x73\x20" +
	"\x6f\x66\x00\x6e\x61\x6e\x00\x30\x31\x32\x33\x34\x35\x36\x37\x38\x39\x61\x62\x63\x64\x65\x66\x00\x5c\x74\x00\x73\x74\x72\x00\x63" +
	"\x6f\x6d\x70\x61\x72\x65\x00\x66\x75\x6e\x63\x74\x69\x6f\x6e\x20\x74\x61\x6b\x65\x73\x20\x00\x66\x6c\x6f\x6f\x72\x00\x72\x75\x6e" +
	"\x65\x73\x00\x73\x6f\x72\x74\x00\x61\x6e\x20\x00\x3a\x20\x00\x6f\x75\x74\x20\x6f\x66\x20\x6d\x65\x6d\x6f\x72\x79\x00\x66\x6e\x00" +
	"\x5c\x6e\x00\x6c\x69\x73\x74\x00\x63\x68\x72\x00\x6f\x72\x64\x20\x6f\x66\x20\x61\x6e\x20\x65\x6d\x70\x74\x79\x20\x73\x74\x72\x69" +
	"\x6e\x67\x00\x6d\x61\x6b\x65\x20\x61\x20\x72\x61\x6e\x67\x65\x20\x6f\x66\x00\x6c\x6f\x67\x00\x62\x79\x74\x65\x73\x00\x74\x61\x6b" +
	"\x65\x20\x74\x68\x65\x20\x76\x61\x6c\x75\x65\x73\x20\x6f\x66\x00\x65\x6e\x76\x00\x64\x76\x30\x00\x64\x69\x76\x69\x73\x69\x6f\x6e" +
	"\x20\x62\x79\x20\x7a\x65\x72\x6f\x00\x69\x64\x78\x00\x69\x6e\x64\x65\x78\x20\x6f\x75\x74\x20\x6f\x66\x20\x72\x61\x6e\x67\x65\x00" +
	"\x6b\x65\x79\x00\x6b\x65\x79\x20\x6e\x6f\x74\x20\x66\x6f\x75\x6e\x64\x00\x74\x79\x70\x00\x77\x72\x6f\x6e\x67\x20\x74\x79\x70\x65" +
	"\x00\x61\x72\x67\x00\x69\x6e\x76\x61\x6c\x69\x64\x20\x61\x72\x67\x75\x6d\x65\x6e\x74\x00\x6f\x76\x66\x00\x6e\x75\x6d\x62\x65\x72" +
	"\x20\x74\x6f\x6f\x20\x6c\x61\x72\x67\x65\x00\x69\x6f\x00\x69\x6e\x70\x75\x74\x2f\x6f\x75\x74\x70\x75\x74\x20\x65\x72\x72\x6f\x72" +
	"\x00\x65\x6f\x66\x00\x65\x6e\x64\x20\x6f\x66\x20\x69\x6e\x70\x75\x74\x00\x70\x72\x73\x00\x6e\x6f\x74\x20\x61\x20\x6e\x75\x6d\x62" +
	"\x65\x72\x00\x75\x64\x66\x00\x75\x6e\x64\x65\x66\x69\x6e\x65\x64\x00\x6e\x69\x6c\x00\x6e\x75\x6c\x6c\x20\x70\x6f\x69\x6e\x74\x65" +
	"\x72\x00\x6d\x65\x6d\x00\x6f\x75\x74\x20\x6f\x66\x20\x6d\x65\x6d\x6f\x72\x79\x00\x65\x72\x72\x00\x65\x72\x72\x6f\x72\x00\x00\x00" +
	"\x00\x00\x00\x00\x00\x00\x00\x00\x80\x00\x00\x00\x00\x00\x00\x00\x00\x08\x00\x00\x00\x00\x00\x00\x00\x00\x01\x00\x00\x00\x00\x00")
