// Code generated by runtime/build.sh; DO NOT EDIT.

package main

var rtLinuxRISCV64Syms = map[string]int{
	"rt_abs":         0x0000000000003988,
	"rt_acos":        0x000000000000422e,
	"rt_args":        0x0000000000006220,
	"rt_asin":        0x00000000000041cc,
	"rt_atan":        0x0000000000004276,
	"rt_atan2":       0x000000000000455e,
	"rt_binop":       0x0000000000000290,
	"rt_bound":       0x000000000000664a,
	"rt_bytes":       0x0000000000005254,
	"rt_call_error":  0x0000000000003686,
	"rt_ceil":        0x0000000000003ae6,
	"rt_cell":        0x000000000000362c,
	"rt_chr":         0x00000000000050c0,
	"rt_closure":     0x00000000000034f4,
	"rt_concat":      0x00000000000021d4,
	"rt_cos":         0x0000000000004054,
	"rt_ends_with":   0x00000000000058e6,
	"rt_enumerate":   0x0000000000006166,
	"rt_env":         0x000000000000627a,
	"rt_error":       0x000000000000388e,
	"rt_errtext":     0x00000000000038e4,
	"rt_exit":        0x000000000000011e,
	"rt_exp":         0x0000000000003c0c,
	"rt_failed":      0x0000000000001632,
	"rt_field":       0x00000000000019f4,
	"rt_find":        0x000000000000596c,
	"rt_float":       0x0000000000004336,
	"rt_floor":       0x0000000000003aaa,
	"rt_flush":       0x00000000000000e2,
	"rt_fn_code":     0x0000000000003654,
	"rt_gcd":         0x0000000000004776,
	"rt_globals":     0x0000000000006642,
	"rt_in":          0x0000000000001c86,
	"rt_index":       0x0000000000001672,
	"rt_init":        0x0000000000000072,
	"rt_iter":        0x0000000000001f3c,
	"rt_join":        0x0000000000005580,
	"rt_keys":        0x0000000000005ab4,
	"rt_len":         0x0000000000001c2a,
	"rt_list":        0x00000000000020a4,
	"rt_log":         0x0000000000003d4e,
	"rt_log10":       0x0000000000003e56,
	"rt_lower":       0x00000000000053a4,
	"rt_map":         0x00000000000020a6,
	"rt_max":         0x000000000000476a,
	"rt_min":         0x000000000000464a,
	"rt_neg":         0x000000000000154a,
	"rt_num":         0x0000000000004950,
	"rt_ord":         0x0000000000005138,
	"rt_pop":         0x0000000000005a58,
	"rt_pow":         0x000000000000463c,
	"rt_print":       0x00000000000028aa,
	"rt_printf":      0x00000000000034a2,
	"rt_push":        0x0000000000005a1a,
	"rt_random":      0x00000000000048a4,
	"rt_range":       0x0000000000001dbe,
	"rt_read_file":   0x0000000000006444,
	"rt_readln":      0x000000000000631e,
	"rt_remove":      0x0000000000005b94,
	"rt_replace":     0x0000000000005746,
	"rt_reverse":     0x0000000000005f1c,
	"rt_round":       0x0000000000003b22,
	"rt_runes":       0x000000000000528e,
	"rt_setindex":    0x0000000000001876,
	"rt_sin":         0x0000000000003f34,
	"rt_slice":       0x0000000000001a36,
	"rt_sort":        0x0000000000005f18,
	"rt_sort_by":     0x0000000000005c82,
	"rt_split":       0x0000000000005460,
	"rt_sprintf":     0x0000000000002a46,
	"rt_sqrt":        0x0000000000003b9a,
	"rt_start":       0x0000000000006688,
	"rt_starts_with": 0x0000000000005868,
	"rt_str":         0x000000000000216a,
	"rt_sum":         0x0000000000006004,
	"rt_tan":         0x0000000000004174,
	"rt_trim":        0x00000000000053b0,
	"rt_trunc":       0x0000000000003b5e,
	"rt_truthy":      0x00000000000015ac,
	"rt_type":        0x0000000000004ffe,
	"rt_upper":       0x000000000000530e,
	"rt_values":      0x0000000000005b88,
	"rt_write_file":  0x0000000000006586,
	"rt_zip":         0x000000000000606e,
}

var rtLinuxRISCV64 = []byte("" +
	"\x09\xce\x2a\x96\xaa\x86\x03\xc7\x05\x00\x85\x05\x93\x87\x16\x00\x23\x80\xe6\x00\xbe\x86\xe3\x98\xc7\xfe\x82\x80\x63\x70\xb5\x02" +
	"\x0d\xce\x2a\x96\xaa\x86\x03\xc7\x05\x00\x85\x05\x93\x87\x16\x00\x23\x80\xe6\x00\xbe\x86\xe3\x98\xc7\xfe\x05\xa0\x19\xce\x93\x06" +
	"\xf5\xff\xfd\x15\x33\x87\xc5\x00\x03\x47\x07\x00\x93\x07\xf6\xff\x36\x96\x23\x00\xe6\x00\x3e\x86\xf5\xf7\x82\x80\x11\xca\x2a\x96" +
	"\xaa\x86\x13\x87\x16\x00\x23\x80\xb6\x00\xba\x86\xe3\x1b\xc7\xfe\x82\x80\x79\x71\x06\xf4\x22\xf0\x26\xec\x4a\xe8\x4e\xe4\x52\xe0" +
	"\xaa\x84\x18\x75\x36\x89\xb2\x89\x2e\x8a\x0d\x65\x02\x97\x2a\x84\x09\xed\x94\x60\x17\x85\x00\x00\x93\x05\x15\x2e\x09\x45\x4d\x46" +
	"\x82\x96\x8c\x70\x13\x05\x60\x04\x82\x95\x09\x65\x1b\x05\x85\x07\x22\x95\xa2\x85\x13\x86\x15\x00\x23\x80\x05\x00\xb2\x85\xe3\x1b" +
	"\xa6\xfe\x04\xe0\x23\x3c\x44\x01\x23\x30\x34\x03\x23\x34\x24\x03\x22\x85\xa2\x70\x02\x74\xe2\x64\x42\x69\xa2\x69\x02\x6a\x45\x61" +
	"\x82\x80\x01\x11\x06\xec\x22\xe8\x26\xe4\x4a\xe0\x2a\x84\x81\x44\x13\x09\x45\x07\x10\x78\x63\xfc\xc4\x00\x08\x60\x14\x61\xb3\x05" +
	"\x99\x00\x05\x8e\x05\x45\x82\x96\xaa\x94\xe3\x45\xa0\xfe\x23\x38\x04\x02\xe2\x60\x42\x64\xa2\x64\x02\x69\x05\x61\x82\x80\x79\x71" +
	"\x06\xf4\x22\xf0\x26\xec\x4a\xe8\x4e\xe4\x2e\x89\x2a\x84\x81\x44\x93\x09\x45\x07\x10\x78\x63\xfc\xc4\x00\x08\x60\x14\x61\xb3\x85" +
	"\x99\x00\x05\x8e\x05\x45\x82\x96\xaa\x94\xe3\x45\xa0\xfe\xd3\x07\x09\xf2\x53\xa5\xf7\xa2\x23\x38\x04\x02\x05\xc1\x22\x85\xca\x85" +
	"\xef\x00\xe0\x05\x0c\x60\x9c\x71\x13\x75\xf5\x0f\xa2\x70\x02\x74\xe2\x64\x42\x69\xa2\x69\x45\x61\x82\x87\x13\x55\x09\x03\xc1\x75" +
	"\x9d\x25\xaa\x95\x09\x46\xe3\xeb\xc5\xfc\xfd\x55\x13\x96\xf5\x03\x33\x66\xc9\x00\xce\x15\xe3\x03\xb6\xfc\xa1\x65\x1b\x86\x85\xff" +
	"\x29\x8e\x13\x36\x16\x00\x42\x09\x93\x56\x09\x01\xb3\x36\xd0\x00\x75\x8e\xf1\x35\x2d\x8d\x13\x35\x15\x00\x51\x8d\x65\xb7\x19\x71" +
	"\x86\xfc\xa2\xf8\x2e\x86\xc1\x91\xc1\x76\x9d\x26\xb6\x95\x89\x46\x2a\x84\x63\xe9\xd5\x02\x17\x85\x00\x00\x07\x37\x25\xd8\xd3\x07" +
	"\x06\xf2\xd3\x15\xf7\xa2\x53\x95\x27\xc2\xb9\xcd\x97\x85\x00\x00\x07\xb7\x45\xec\xd3\x95\xe7\xa2\xa1\xc9\x53\x77\x25\xd2\xd3\xa5" +
	"\xe7\xa2\xb9\xc1\x2c\x18\x32\x85\xef\x60\x00\x60\x26\x65\x86\x65\x62\x76\xe6\x66\x2a\xf8\x2e\xf4\x05\x45\x32\xf0\x63\x96\xa6\x00" +
	"\xc6\x65\x8c\x61\x63\x89\xa5\x00\x90\x08\x2c\x18\x14\x10\x38\x00\x22\x85\xef\x60\x40\x66\x22\x75\x19\xc1\x02\x75\x08\x61\xc2\x55" +
	"\xb1\xc1\x33\x05\xa0\x40\x3d\xa8\xd3\xa5\xf7\xa2\xa1\xc1\x97\x85\x00\x00\x07\xb7\xa5\xda\xd3\x05\xf7\xa2\x99\xe9\x97\x85\x00\x00" +
	"\x07\xb7\xc5\xe1\xd3\x95\xe7\xa2\x91\xcd\x7d\x55\x7e\x15\x19\xa8\x17\x85\x00\x00\x07\x37\x85\xd3\x53\x95\xe7\xa2\xd3\x95\x37\xc2" +
	"\x7d\x15\x4d\x8d\xe6\x70\x46\x74\x09\x61\x82\x80\x01\x45\xdd\xbf\x59\x71\x86\xf4\xa2\xf0\xa6\xec\xca\xe8\xce\xe4\xd2\xe0\x56\xfc" +
	"\x5a\xf8\x5e\xf4\xae\x8a\xd5\x15\x05\x47\xb6\x89\x32\x84\x2a\x89\x63\x6c\xb7\x02\x93\xb4\x15\x00\x4a\x85\xa2\x85\x4e\x86\xef\x00" +
	"\xe0\x46\x25\x8d\x13\x35\x15\x00\xd3\x07\x05\xd2\x53\x84\x07\xe2\x22\x85\xa6\x70\x06\x74\xe6\x64\x46\x69\xa6\x69\x06\x6a\xe2\x7a" +
	"\x42\x7b\xa2\x7b\x65\x61\x82\x80\x93\x54\x04\x03\x21\x65\x9b\x05\xc5\xff\xe3\x8f\xb4\xfc\xfd\x55\x13\xdb\x05\x01\x61\x35\x25\x8d" +
	"\x13\x35\x15\x00\x33\x7a\x64\x01\xb3\x35\x40\x01\x6d\x8d\x69\xf1\x93\xd5\x09\x03\x21\x65\x1b\x06\xc5\xff\x63\x83\xc5\x08\x61\x35" +
	"\x2d\x8d\x13\x35\x15\x00\xb3\xfb\x69\x01\x33\x36\x70\x01\x71\x8d\x25\xe9\xc1\x76\x9d\x26\x53\x07\x04\xf2\xd3\x27\xe7\xa2\xb3\x88" +
	"\xd4\x00\x99\xeb\x09\x46\x63\xe9\xc8\x00\x7d\x56\x13\x17\xf6\x03\x41\x8f\x4e\x16\x63\x18\xc7\x06\xd3\x87\x09\xf2\x53\xa7\xf7\xa2" +
	"\x33\x88\xd5\x00\x01\xef\x09\x46\x63\x6a\xc8\x00\x7d\x55\x13\x16\xf5\x03\x33\xe6\xc9\x00\x4e\x15\x63\x16\xa6\x04\x35\x45\x63\xe3" +
	"\xaa\x02\x4a\x85\xd6\x85\x22\x86\xce\x86\xa6\x70\x06\x74\xe6\x64\x46\x69\xa6\x69\x06\x6a\xe2\x7a\x42\x7b\xa2\x7b\x65\x61\xf1\xab" +
	"\x4e\x84\x3d\xb7\x63\x80\x07\x2e\x81\x46\x63\x07\x07\x32\x81\x45\xd5\x8d\xa9\xc5\x13\xb5\x7a\x00\x91\xe2\x4e\x84\x33\x05\xa0\x40" +
	"\x69\x8c\x39\xb7\x13\x85\x9a\xff\x0d\x46\x63\x6a\xa6\x0a\x05\x45\x2a\xc4\x34\x00\x4a\x85\xa2\x85\x4e\x86\xef\x00\x70\x50\xa2\x45" +
	"\x63\x8b\x05\x14\xa5\x45\x63\x8b\xba\x1e\xa1\x45\x63\x85\xba\x1e\x9d\x45\x63\x98\xba\x1e\x1b\x55\xf5\x01\xf9\xb5\x89\x45\x63\xea" +
	"\xb8\x02\x17\x85\x00\x00\x87\x36\x65\xb5\x53\x95\xe6\xa2\x63\x04\x05\x10\x17\x85\x00\x00\x87\x36\xe5\xc9\x53\x15\xd7\xa2\x63\x0c" +
	"\x05\x0e\x53\x15\x27\xc2\xd3\x76\x25\xd2\x53\x25\xd7\xa2\x63\x04\x05\x0e\x63\x67\xb8\x02\x17\x85\x00\x00\x07\x37\x25\xb2\x53\x15" +
	"\xf7\xa2\x71\xc9\x17\x85\x00\x00\x07\x37\xc5\xc6\x53\x95\xe7\xa2\x79\xc1\x53\x95\x27\xc2\x53\x77\x25\xd2\x53\xa5\xe7\xa2\x45\xcd" +
	"\x4a\x85\xd6\x85\x22\x86\xce\x86\xa6\x70\x06\x74\xe6\x64\x46\x69\xa6\x69\x06\x6a\xe2\x7a\x42\x7b\xa2\x7b\x65\x61\xd1\xab\x05\x46" +
	"\x63\x94\xca\x06\x41\x67\x6d\x37\x63\x90\xe4\x06\x63\x9e\xe5\x04\x03\x35\x8a\x00\x83\xb5\x8b\x00\x2e\x95\x13\x04\x15\x00\x4a\xe4" +
	"\x4a\x85\xa2\x85\xef\x50\x10\x0f\x2a\xe8\x03\x36\x8a\x00\x02\xec\x22\xf0\x93\x05\x0a\x01\x28\x00\xef\x00\x70\x6d\x03\xb6\x8b\x00" +
	"\x93\x85\x0b\x01\x28\x00\xef\x00\x90\x6c\x22\x65\xc2\x65\x62\x66\xa6\x70\x06\x74\xe6\x64\x46\x69\xa6\x69\x06\x6a\xe2\x7a\x42\x7b" +
	"\xa2\x7b\x65\x61\x6f\x10\xc0\x6e\x63\x92\xca\x06\x41\x66\x71\x36\x63\x9e\xc4\x04\x63\x9c\xc5\x04\x4a\x85\xa2\x85\x4e\x86\xa6\x70" +
	"\x06\x74\xe6\x64\x46\x69\xa6\x69\x06\x6a\xe2\x7a\x42\x7b\xa2\x7b\x65\x61\x6f\x00\x90\x6c\x4a\x85\xd6\x85\x22\x86\xce\x86\xa6\x70" +
	"\x06\x74\xe6\x64\x46\x69\xa6\x69\x06\x6a\xe2\x7a\x42\x7b\xa2\x7b\x65\x61\x6f\x00\x90\x28\x17\x85\x00\x00\x93\x05\x95\xf0\x4a\x85" +
	"\x22\x86\xce\x86\xef\x00\xd0\x58\x2a\x84\x59\xb3\x0d\x45\x63\x9f\xaa\x08\xf9\x18\x05\x45\x63\x6b\x15\x09\xd3\x87\x09\xf2\x53\xa5" +
	"\xf7\xa2\x09\xed\xb6\x95\x09\x45\x63\xea\xa5\x00\x7d\x55\x93\x15\xf5\x03\xb3\xe5\xb9\x00\x4e\x15\x63\x9a\xa5\x06\x4a\x85\xce\x85" +
	"\xef\xf0\xff\xc3\xaa\x89\x33\x25\xa0\x00\x33\x05\xa0\x40\xc1\x65\xed\x35\xb3\x7a\x35\x01\x63\x9e\xb4\x06\x03\x35\x8a\x00\x33\x04" +
	"\x55\x03\x05\x04\x4a\xe4\x4a\x85\xa2\x85\xef\x50\xa0\x7e\x2a\xe8\x02\xec\x22\xf0\x63\x54\x30\x0d\x13\x04\x0a\x01\x03\x36\x8a\x00" +
	"\x28\x00\xa2\x85\xef\x00\xb0\x5c\xfd\x19\xe3\x99\x09\xfe\x22\x69\xc2\x65\x62\x66\x75\xa0\x13\x25\x15\x00\xfd\xb1\x33\x25\xa0\x00" +
	"\xe5\xb1\x13\x25\x05\x00\x13\x45\x15\x00\xf9\xb9\x56\x85\xef\x00\x50\x6d\xaa\x85\x4a\x85\x22\x86\xce\x86\xa6\x70\x06\x74\xe6\x64" +
	"\x46\x69\xa6\x69\x06\x6a\xe2\x7a\x42\x7b\xa2\x7b\x65\x61\x6f\x00\x30\x4c\x03\x35\x8a\x00\xb3\x05\x55\x03\x4a\x85\xef\x00\xb0\x65" +
	"\x2a\x84\x33\x75\x65\x01\x63\x55\x30\x05\x81\x45\x83\x36\x8a\x00\x13\x96\x36\x00\x1d\xca\x03\x36\x8a\x01\x18\x6d\x93\x97\x35\x00" +
	"\xa1\x07\x21\x06\x93\x04\x87\x00\x33\x87\xb6\x02\x0e\x07\x26\x97\xb3\x86\xf6\x02\xa6\x96\x83\x47\x06\x00\x05\x06\x93\x04\x17\x00" +
	"\x23\x00\xf7\x00\x26\x87\xe3\x98\xd4\xfe\x85\x05\xe3\x90\x35\xfd\x83\x35\x8a\x00\xb3\x85\x55\x03\x0c\xe5\x99\xb9\xaa\x85\x01\x46" +
	"\x4a\x85\xb9\xb5\xc1\x66\x1b\x85\x96\xff\xe3\x8f\xa4\xd0\xe9\x36\x63\x89\xd4\x00\x7d\x55\x13\x16\xf5\x03\x41\x8e\x4e\x15\xe3\x15" +
	"\xa6\xd0\x09\x45\xe3\xe2\xa8\xd0\x17\x85\x00\x00\x87\x36\x05\x8b\x17\x85\x00\x00\x07\x36\x05\xa0\x53\x95\xe6\xa2\x53\x16\xc7\xa2" +
	"\x71\x8d\x53\x16\x27\xc2\xd3\x76\x26\xd2\x53\x26\xd7\xa2\x71\x8d\x93\x46\x15\x00\xe3\x1d\x07\xcc\x41\x67\x1b\x05\x97\xff\xe3\x88" +
	"\xa5\xcc\x69\x37\x63\x8a\xe5\x00\x7d\x55\x93\x15\xf5\x03\xb3\xe5\xb9\x00\x4e\x15\xe3\x9d\xa5\xca\x09\x45\xe3\x6a\xa8\xca\x17\x85" +
	"\x00\x00\x87\x36\xa5\x85\x17\x85\x00\x00\x07\x36\xa5\x9a\x53\x95\xf6\xa2\xd3\x95\xc7\xa2\x6d\x8d\xd3\x95\x27\xc2\xd3\xf6\x25\xd2" +
	"\xd3\xa5\xd7\xa2\x6d\x8d\x93\x45\x15\x00\x59\xb1\x39\x71\x06\xfc\x22\xf8\x26\xf4\x4a\xf0\x4e\xec\x52\xe8\x22\xa4\xb2\x84\x2e\x86" +
	"\x63\x9d\x95\x04\xd3\x07\x06\xf2\xd3\xa5\xf7\xa2\x05\x45\x63\x9b\x05\x20\x93\x55\x06\x03\xc1\x76\x9d\x26\xb6\x95\x89\x46\x63\xe3" +
	"\xd5\x20\xfd\x55\x93\x96\xf5\x03\x55\x8e\xce\x15\x63\x1c\xb6\x1e\x17\x75\x00\x00\x07\x37\x85\x7e\x17\x85\x00\x00\x87\x36\x85\x93" +
	"\x53\x15\xf7\xa2\xd3\x95\xd7\xa2\x6d\x8d\xd3\x95\x27\xc2\x53\xf7\x25\xd2\xd3\xa5\xe7\xa2\x6d\x8d\xf1\xa2\x2a\x8a\xc1\x75\x9d\x25" +
	"\x13\x55\x06\x03\x93\xd6\x04\x03\x53\x07\x06\xf2\xd3\x27\xe7\xa2\x33\x07\xb5\x00\x99\xeb\x89\x47\x63\x69\xf7\x00\x7d\x54\x93\x17" +
	"\xf4\x03\xd1\x8f\x4e\x14\x63\x9f\x87\x08\xd3\x87\x04\xf2\xd3\xa7\xf7\xa2\xb6\x95\x99\xeb\x89\x47\x63\xe9\xf5\x00\x7d\x54\x93\x17" +
	"\xf4\x03\xc5\x8f\x4e\x14\x63\x9f\x87\x06\x09\x45\x63\x67\xa7\x02\x97\x76\x00\x00\x87\xb6\x86\x76\xd3\x96\xe6\xa2\xe9\xc2\x97\x86" +
	"\x00\x00\x87\xb6\x26\x8b\xd3\x16\xd7\xa2\xd5\xca\xd3\x16\x27\xc2\xd3\xf6\x26\xd2\xd3\x26\xd7\xa2\xdd\xc2\x63\xe7\xa5\x02\x17\x75" +
	"\x00\x00\x07\x37\xa5\x73\x53\x15\xf7\xa2\x51\xc9\x17\x85\x00\x00\x07\x37\x45\x88\x53\x95\xe7\xa2\x59\xc1\x53\x95\x27\xc2\x53\x77" +
	"\x25\xd2\x53\xa5\xe7\xa2\x25\xcd\xad\x45\x52\x85\xa6\x86\xef\x00\x20\x20\x97\x75\x00\x00\x87\xb7\x65\x77\x53\x07\x05\xf2\x53\x25" +
	"\xf7\xa2\x09\xa2\x63\x1f\xd5\x0e\xa1\x65\xf1\x35\x63\x0c\xb5\x0a\xc1\x65\x9b\x86\xc5\xff\x63\x01\xd5\x06\xed\x35\x63\x13\xb5\x0e" +
	"\x7d\x55\x41\x81\xb3\x75\xa6\x00\x94\x65\x33\xf6\xa4\x00\x08\x66\x63\x99\xa6\x0c\xed\xc2\xc1\x05\x41\x06\xfd\x16\x03\xc7\x05\x00" +
	"\x83\x47\x06\x00\x33\x45\xf7\x00\x13\x35\x15\x00\x63\x1c\xf7\x0a\x33\x37\xd0\x00\xfd\x16\x05\x06\x85\x05\x6d\xf3\x65\xa0\x52\x85" +
	"\xb2\x85\xef\x30\xd0\x2a\x53\x04\xa5\x22\x52\x85\xa6\x85\xef\x30\x10\x2a\x53\x25\xa4\xa2\x79\xa0\x7d\x55\x93\x55\x05\x01\x33\x79" +
	"\xb6\x00\x03\x35\x89\x00\xb3\xf9\xb4\x00\x83\xb5\x89\x00\x63\x1a\xb5\x06\x51\xc1\x81\x44\x21\x44\x03\x35\x89\x01\x03\xb6\x89\x01" +
	"\x22\x95\x0c\x61\x22\x96\x10\x62\x52\x85\xef\xf0\x3f\xe2\xaa\x85\x33\x35\xa0\x00\xa1\xc9\x83\x35\x89\x00\x85\x04\x21\x04\xe3\xed" +
	"\xb4\xfc\x89\xa0\x7d\x55\x41\x81\xb3\x75\xa6\x00\x33\xf6\xa4\x00\x94\x65\x08\x66\x63\x97\xa6\x02\x9d\xce\xc1\x05\x41\x06\xfd\x16" +
	"\x03\xc7\x05\x00\x83\x47\x06\x00\x33\x45\xf7\x00\x13\x35\x15\x00\x63\x1a\xf7\x00\x33\x37\xd0\x00\xfd\x16\x05\x06\x85\x05\x6d\xf3" +
	"\x11\xa0\x01\x45\xe2\x70\x42\x74\xa2\x74\x02\x79\xe2\x69\x42\x6a\x22\x24\x21\x61\x82\x80\x05\x45\xf5\xb7\x79\x71\x06\xf4\x22\xf0" +
	"\x26\xec\x4a\xe8\x4e\xe4\x36\x84\xae\x84\xaa\x89\xb2\x85\xef\xf0\x1f\x83\x2a\x89\x4e\x85\xa2\x85\xef\xf0\x7f\x82\x41\x46\x81\x45" +
	"\x63\x4e\x96\x00\x39\x46\x63\x4f\x96\x02\x35\x46\x63\x84\xc4\x06\x39\x46\x63\x96\xc4\x08\xb3\x75\x25\x01\x51\xa0\x49\x46\x63\x4e" +
	"\x96\x02\x45\x46\x63\x8b\xc4\x04\x49\x46\x63\x9a\xc4\x06\x93\x35\x05\x04\x93\xc5\xf5\xff\x33\x55\xa9\x00\xfd\x15\x6d\x8d\x93\x75" +
	"\x15\x00\xb1\xa8\x3d\x46\x63\x82\xc4\x04\x41\x46\x63\x99\xc4\x04\x93\x35\x05\x04\x33\x15\xa9\x00\x2d\xa0\x4d\x46\x63\x8a\xc4\x02" +
	"\x51\x46\x63\x9e\xc4\x02\xb3\x55\xa9\x00\x3b\x05\xa0\x40\x33\x15\xa9\x00\x2d\xa0\xb3\x65\x25\x01\x1d\xa0\x93\x35\x05\x04\x33\x55" +
	"\xa9\x00\xb3\x05\xb0\x40\xe9\x8d\x19\xa8\xb3\x45\x25\x01\x01\xa8\xb3\x15\xa9\x00\x3b\x05\xa0\x40\x33\x55\xa9\x00\xc9\x8d\x4e\x85" +
	"\xa2\x70\x02\x74\xe2\x64\x42\x69\xa2\x69\x45\x61\x6f\x10\x00\x4a\x41\x71\x86\xf7\xa2\xf3\xa6\xef\xca\xeb\xce\xe7\xd2\xe3\x56\xff" +
	"\x5a\xfb\x5e\xf7\x62\xf3\x66\xef\x6a\xeb\x22\xa7\x36\x84\xae\x84\x2a\x8a\x0c\x12\x32\x85\xef\x50\x30\x59\xac\x11\x22\x85\xef\x50" +
	"\xb0\x58\x16\x65\xf2\x75\xaa\xed\x32\x65\xae\xe9\x82\xd1\x92\x65\xaa\xe1\x17\x75\x00\x00\x03\x35\x65\x63\x2e\xfd\x99\x45\x82\xc5" +
	"\x63\xcb\x95\x06\x93\x09\x81\x13\x8d\x45\x13\x09\x01\x10\x63\xc8\x95\x08\x13\x86\xf4\xff\x89\x45\x63\x7e\xb6\x12\x6e\x75\x4e\x76" +
	"\xae\x76\x2a\xe3\xb2\xfe\xb6\xfa\x63\x9c\xb4\x00\x76\x75\x83\x25\x01\x18\x33\x35\xa0\x00\x93\xb5\x15\x00\x6d\x8d\x23\x20\xa1\x18" +
	"\x96\x65\x05\x45\x63\x9a\xa5\x0a\xf2\x75\x8c\x61\x63\x96\xa5\x0a\xb2\x65\x05\x45\x63\x92\xa5\x0a\x92\x65\x8c\x61\x63\x9e\xa5\x08" +
	"\xa8\x0a\x10\x12\x94\x1a\xd2\x85\xef\x60\xe0\x2e\xac\x0a\x52\x85\xef\x60\xe0\x35\xa9\xac\xa1\x45\x63\xd2\x95\x06\xa5\x45\x63\x8a" +
	"\xb4\x1e\xa9\x45\x63\x8d\xb4\x10\xad\x45\x63\x92\xb4\x24\x0c\x12\xb0\x11\x52\x85\xef\x60\x60\x59\x13\x35\x15\x00\xd5\xa2\x91\x45" +
	"\x63\x85\xb4\x1e\x95\x45\x63\x86\xb4\x10\x99\x45\x63\x91\xb4\x22\xb2\x65\x05\x45\x63\x9c\xa5\x22\x92\x65\x8c\x61\x63\x98\xa5\x22" +
	"\x17\x75\x00\x00\xce\x75\x03\x35\x05\x42\x05\x46\x63\x85\xc5\x28\x63\x9f\x05\x1e\x13\x05\xf0\x3f\x52\x15\xd5\xaa\x9d\x45\x63\x88" +
	"\xb4\x0a\xa1\x45\x63\x95\xb4\x1e\x0c\x12\xb0\x11\x52\x85\xef\x60\xc0\x53\x13\x25\x15\x00\x69\xa2\x0c\x12\x30\x19\x52\x85\xef\x60" +
	"\xa0\x45\x03\x26\x01\x13\xaa\xee\xae\xf2\x33\x35\xc0\x00\xb3\x35\xb0\x00\x6d\x8d\x23\x24\xa1\x16\x8c\x1a\x90\x09\x52\x85\xef\x60" +
	"\xa0\x43\x03\x26\x01\x18\x2a\xf1\x2e\xf5\x33\x35\xc0\x00\xb3\x35\xb0\x00\x6d\x8d\x2a\xd9\x28\x01\xb0\x0a\x14\x11\xd2\x85\xef\x60" +
	"\x80\x21\x52\x85\xce\x85\x4a\x86\xef\x60\x00\x41\x2a\x86\xae\x86\x2c\x01\x9d\xaa\x8d\x45\x63\x9c\xb4\x16\x0c\x12\xb0\x11\x52\x85" +
	"\xef\x60\x80\x3f\x03\x26\x01\x13\xee\x56\xaa\xf8\xae\xfc\x35\x8e\x33\x35\xc0\x00\xb3\x35\xb0\x00\x6d\x8d\x2a\xc1\x52\x85\xce\x85" +
	"\x4a\x86\xef\x60\x60\x3d\x2a\x86\xae\x86\x8c\x18\x35\xaa\x0c\x12\xb0\x11\x52\x85\xef\x60\x60\x49\x1b\x55\xf5\x01\xd5\xa0\x0c\x12" +
	"\xb0\x11\x52\x85\xef\x60\x60\x48\x13\x25\x05\x00\x13\x45\x15\x00\xc1\xa8\x4e\x75\x63\x07\x05\x18\x0c\x12\x30\x19\x52\x85\xef\x60" +
	"\xa0\x39\xaa\xfa\xae\xfe\x33\x34\xb0\x00\xb0\x11\x52\x85\xce\x85\xef\x60\x80\x38\x03\x26\x01\x13\xee\x56\xaa\xf0\xae\xf4\x35\x8e" +
	"\x33\x35\xc0\x00\x61\x8d\x23\x20\xa1\x18\x8c\x1a\x90\x10\xb4\x0a\x18\x11\x52\x85\xef\x50\x30\x40\xac\x0a\xb0\x11\x52\x85\xef\x60" +
	"\xa0\x35\x03\x26\x81\x16\xee\x56\xaa\xe4\xae\xe8\x35\x8e\x33\x35\xc0\x00\xb3\x35\xb0\x00\x33\xf4\xa5\x00\xa2\xcc\x0c\x12\x30\x19" +
	"\x52\x85\xef\x60\x60\x33\x03\x26\x01\x13\x2a\xf8\x2e\xfc\x33\x35\xc0\x00\xb3\x35\xb0\x00\x6d\x8d\xaa\xc0\xac\x00\x90\x09\x52\x85" +
	"\xef\x60\x80\x31\x33\x36\xb0\x00\x2a\xec\x2e\xf0\x13\x45\x14\x00\x71\x8d\x2a\xd4\x0a\x85\x10\x18\x34\x08\xd2\x85\xef\x60\xa0\x0f" +
	"\x52\x85\xce\x85\x4a\x86\xef\x60\x20\x2f\x2a\x86\xae\x86\x8a\x85\xa1\xa8\x0c\x12\xb0\x11\x52\x85\xef\x60\x20\x3b\x33\x25\xa0\x00" +
	"\xd3\x07\x05\xd2\x53\x85\x07\xe2\x99\xa0\x4e\x75\x61\xc1\x0c\x12\x30\x19\x52\x85\xef\x60\x40\x2c\x03\x26\x01\x13\xee\x56\x2a\x89" +
	"\xae\x84\x33\x35\xb0\x00\x35\x8e\xb3\x35\xc0\x00\x33\x74\xb5\x00\xb0\x11\x52\x85\xce\x85\xef\x60\x20\x2a\x2a\x86\xae\x86\xca\xfa" +
	"\xa6\xfe\x23\x20\x81\x18\x8c\x1a\x52\x85\xef\x60\x40\x16\xbe\x70\x1e\x74\xfe\x64\x5e\x69\xbe\x69\x1e\x6a\xfa\x7a\x5a\x7b\xba\x7b" +
	"\x1a\x7c\xfa\x6c\x5a\x6d\x3a\x24\x7d\x61\x82\x80\x52\x75\xb2\x75\x12\x77\x72\x76\x96\x66\x2a\xe3\xae\xfe\xba\xfa\x8c\x1a\x52\x85" +
	"\xef\x60\xe0\x12\xaa\x85\x52\x85\xef\x30\x60\x5c\x53\x04\xa5\x22\x6e\x75\xce\x75\x2e\x77\x12\x66\xb2\x66\x2a\xe3\xae\xfe\xba\xfa" +
	"\x8c\x1a\x52\x85\xef\x60\xa0\x10\xaa\x85\x52\x85\xef\x30\x20\x5a\xd3\x05\xa5\x22\x53\x05\x84\x22\xef\x60\x40\x56\x53\x05\x05\xe2" +
	"\x79\xb7\x17\x75\x00\x00\x03\x35\x65\x27\x51\xb7\x17\x75\x00\x00\x03\x35\xc5\x26\xad\xbf\xae\x75\x84\x61\x12\x76\xb2\x75\x83\x29" +
	"\x01\x13\x83\x2a\x41\x13\x72\x7b\xee\x56\x96\x6b\x89\xca\x32\x8c\xae\x8c\x91\xe9\x17\x75\x00\x00\x03\x35\x45\x24\x89\xbf\x5a\x8c" +
	"\xde\x8c\x32\x8b\xae\x8b\x63\x8b\x0b\x04\x93\x95\x3b\x00\xda\x95\x03\xb6\x85\xff\x93\x95\x6b\x00\x15\xc2\x63\x48\x06\x02\xae\x86" +
	"\x32\x87\x06\x07\xfd\x16\xe3\x5e\x07\xfe\x09\x47\x63\xe8\xe6\x02\xfd\x56\x06\x06\xfd\x16\xe3\x5e\x06\xfe\x11\xa8\x13\x06\x00\x04" +
	"\x93\x06\xf0\xfb\x63\x95\xc5\x00\x11\xa8\xfd\x56\x81\xc9\xb6\x95\x37\x06\x40\x00\xb3\x55\xb6\x02\xe3\xeb\x95\xee\x63\x8b\x0c\x04" +
	"\x93\x95\x3c\x00\xe2\x95\x03\xb6\x85\xff\x93\x95\x6c\x00\x15\xc2\x63\x48\x06\x02\xae\x86\x32\x87\x06\x07\xfd\x16\xe3\x5e\x07\xfe" +
	"\x09\x47\x63\xe8\xe6\x02\xfd\x56\x06\x06\xfd\x16\xe3\x5e\x06\xfe\x11\xa8\x13\x06\x00\x04\x93\x06\xf0\xfb\x63\x95\xc5\x00\x11\xa8" +
	"\xfd\x56\x81\xc9\xb6\x95\x37\x06\x40\x00\xb3\x55\xb6\x02\xe3\xe0\x95\xea\x85\x45\x09\x46\x52\x85\xef\x20\xc0\x67\x93\x05\x85\x00" +
	"\x41\x05\x2e\x86\x93\x06\x16\x00\x23\x00\x06\x00\x36\x86\xe3\x9b\xa6\xfe\x05\x45\x88\xe1\xae\xfa\xaa\xfe\x23\x20\x01\x18\x85\x45" +
	"\x09\x46\x52\x85\xef\x20\x00\x65\x13\x09\x85\x00\x41\x05\xca\x85\x13\x86\x15\x00\x23\x80\x05\x00\xb2\x85\xe3\x1b\xa6\xfe\x05\x4d" +
	"\x23\x30\xa9\x01\x4a\xf1\x6a\xf5\xda\xee\xde\xf2\x23\x26\x51\x17\xe2\xe4\xe6\xe8\x33\x35\x30\x01\xb3\x7a\x95\x00\x23\x24\x01\x16" +
	"\xbd\xc0\x05\x4b\x05\x4d\x85\x49\x26\x84\x13\xf5\x14\x00\x05\xc5\x8c\x1a\xb0\x0a\x52\x85\xef\x60\x20\x0a\xae\x89\xaa\xfa\xae\xfe" +
	"\x23\x20\x01\x18\x0c\x11\xb0\x00\x52\x85\xef\x60\xe0\x08\x2a\x89\x2e\x8d\x2a\xf1\x2e\xf5\x63\x05\x64\x03\x93\x54\x14\x00\xac\x0a" +
	"\xb0\x0a\x52\x85\xef\x60\x40\x07\xaa\xee\xae\xf2\x23\x24\x01\x16\xac\x00\xb0\x00\x52\x85\xef\x60\x20\x06\xaa\xe4\xae\xe8\x4d\xf4" +
	"\x33\x35\x30\x01\x11\xa0\x05\x45\x33\xf5\xaa\x00\x23\x20\xa1\x18\x8c\x1a\x52\x85\x4a\x86\xea\x86\x4d\xbb\x79\x71\x06\xf4\x22\xf0" +
	"\x26\xec\x4a\xe8\x22\xa4\x36\x89\x2e\x84\xaa\x84\xb2\x85\xef\x30\x00\x3a\x53\x04\xa5\x22\x26\x85\xca\x85\xef\x30\x40\x39\x17\x75" +
	"\x00\x00\x03\x35\xa5\x0e\x95\x45\xd3\x05\xa5\x22\x63\xc8\x85\x02\x89\x45\x63\xd4\x85\x04\x8d\x45\x63\x0d\xb4\x06\x91\x45\x63\x00" +
	"\xb4\x08\x95\x45\x63\x1d\xb4\x08\xd3\x07\x00\xf2\x53\xa5\xf5\xa2\x51\xcd\x17\x75\x00\x00\x03\x35\x65\x04\x51\xa0\x9d\x45\x63\xd7" +
	"\x85\x02\xa1\x45\x63\x0a\xb4\x04\xa5\x45\x63\x04\xb4\x06\xa9\x45\x63\x17\xb4\x06\x53\x85\x85\xa2\xb9\xa8\x85\x45\x63\x01\xb4\x02" +
	"\x89\x45\x63\x1e\xb4\x04\xd3\x77\xb4\x0a\x81\xa8\x99\x45\x63\x0b\xb4\x00\x9d\x45\x63\x15\xb4\x04\x53\x15\xb4\xa2\x2d\xa8\xd3\x77" +
	"\xb4\x02\x25\xa8\x53\x05\x84\x22\xef\x60\x40\x2d\x53\x05\x05\xe2\x3d\xa0\xd3\x77\xb4\x12\x15\xa0\x53\x05\xb4\xa2\x29\xa8\xd3\x07" +
	"\x00\xf2\x53\xa5\xf5\xa2\x31\xc9\x17\x75\x00\x00\x03\x35\x05\xfd\x39\xa0\x53\x95\x85\xa2\xd3\x07\x05\xd2\x53\x85\x07\xe2\xa2\x70" +
	"\x02\x74\xe2\x64\x42\x69\x22\x24\x45\x61\x82\x80\x17\x75\x00\x00\x07\x37\xc5\xea\x17\x75\x00\x00\x87\x36\xc5\xff\xd3\x77\xb4\x1a" +
	"\x53\x15\xf7\xa2\xd3\x95\xd7\xa2\x6d\x8d\x09\xc5\x53\x95\x27\xc2\xd3\x77\x25\xd2\xcb\xf7\xb7\x42\xc9\xb7\xd3\x77\xb4\x1a\x75\xbf" +
	"\x71\x71\x06\xf5\x22\xf1\x26\xed\x4a\xe9\x4e\xe5\x52\xe1\xd6\xfc\xa2\xb8\x36\x89\xb2\x84\x2e\x86\x2a\x84\x41\x75\x1d\x25\x53\x87" +
	"\x05\xf2\xd3\x26\xe7\xa2\xc1\x91\xe9\xc6\xd3\x87\x04\xf2\xd3\xa6\xf7\xa2\xf9\xce\x93\x55\x06\x03\xb3\x86\xa5\x00\x89\x45\x63\xe7" +
	"\xb6\x02\x97\x76\x00\x00\x87\xb6\x66\xe3\xd3\x96\xe6\xa2\xbd\xc6\x97\x76\x00\x00\x87\xb6\x06\xf8\xd3\x16\xd7\xa2\xa5\xc2\xd3\x16" +
	"\x27\xc2\xd3\xf6\x26\xd2\xd3\x26\xd7\xa2\xa9\xca\x93\xd6\x04\x03\x36\x95\x63\x67\xb5\x02\x17\x75\x00\x00\x07\x37\x25\xe0\x53\x15" +
	"\xf7\xa2\x0d\xcd\x17\x75\x00\x00\x07\x37\xc5\xf4\x53\x95\xe7\xa2\x15\xc5\x53\x95\x27\xc2\x53\x77\x25\xd2\x53\xa5\xe7\xa2\x19\xcd" +
	"\x2c\x18\x32\x85\xef\x50\x40\x68\x8a\x85\x26\x85\xef\x50\xc0\x67\x2c\x18\x0a\x86\x22\x85\xef\x50\x50\x73\x15\xa0\x22\x85\xb2\x85" +
	"\xef\x30\xe0\x1c\x53\x04\xa5\x22\x22\x85\xa6\x85\xef\x30\x20\x1c\x53\x15\xa4\xa2\xd3\x15\x85\xa2\x33\x05\xa0\x40\x4d\x8d\xaa\x70" +
	"\x0a\x74\xea\x64\x4a\x69\xaa\x69\x0a\x6a\xe6\x7a\x46\x34\x4d\x61\x82\x80\xb3\x86\xa5\x00\x09\x47\xe3\xe9\xe6\xf2\xfd\x56\x13\x97" +
	"\xf6\x03\x51\x8f\xce\x16\xe3\x02\xd7\xf2\x93\xd6\x04\x03\x39\xa8\x93\xd6\x04\x03\x33\x87\xa6\x00\x89\x47\xe3\x6d\xf7\xf0\x7d\x57" +
	"\x93\x17\xf7\x03\xc5\x8f\x4e\x17\xe3\x86\xe7\xf0\x41\x65\x1b\x07\xb5\xff\x63\x9e\xe5\x02\x63\x9c\xe6\x02\x7d\x55\x41\x81\xb3\x76" +
	"\xa6\x00\x8c\x66\x33\xf7\xa4\x00\x10\x67\x2e\x85\x63\xe3\xc5\x00\x32\x85\x35\xcd\xc1\x06\x41\x07\x83\xc7\x06\x00\x83\x44\x07\x00" +
	"\x63\x91\x97\x08\x7d\x15\x05\x07\x85\x06\x7d\xf5\x8d\xa0\x71\x35\x63\x95\xa5\x06\x41\x65\x71\x35\x63\x91\xa6\x06\x7d\x55\x41\x81" +
	"\xb3\x79\xa6\x00\x83\xb5\x89\x00\x33\xfa\xa4\x00\x03\x36\x8a\x00\xae\x8a\x63\xe3\xc5\x00\xb2\x8a\x63\x8b\x0a\x02\xa1\x44\x03\xb5" +
	"\x89\x01\x03\x36\x8a\x01\x26\x95\x0c\x61\x26\x96\x10\x62\x22\x85\xca\x86\xef\xf0\xff\xe4\x05\xf5\x03\x25\x09\x00\x0d\xd1\xfd\x1a" +
	"\xa1\x04\xe3\x9e\x0a\xfc\x83\xb5\x89\x00\x03\x36\x8a\x00\x7d\x55\xe3\xe7\xc5\xf0\x33\x35\xb6\x00\x19\xb7\x01\x45\x23\x20\x09\x00" +
	"\xfd\xbd\x33\xb5\x97\x00\x33\x05\xa0\x40\x13\x65\x15\x00\xc5\xbd\x5d\x71\x86\xe4\xa2\xe0\x26\xfc\x4a\xf8\x4e\xf4\xb6\x89\x32\x89" +
	"\xae\x84\x2a\x84\x2a\xe4\x85\x45\x25\x46\xef\x20\xa0\x26\x93\x05\x85\x00\x13\x05\x85\x04\x2e\x86\x93\x06\x16\x00\x23\x00\x06\x00" +
	"\x36\x86\xe3\x9b\xa6\xfe\x2e\xe8\x02\xec\x13\x05\x00\x04\x2a\xf0\x17\x75\x00\x00\x93\x05\x85\x09\x28\x00\x1d\x46\xef\x00\x20\x07" +
	"\x01\x46\x33\x85\xc4\x00\x03\x45\x05\x00\x05\x06\x7d\xf9\x7d\x16\x28\x00\xa6\x85\xef\x00\xa0\x05\x28\x00\x85\x45\xef\x50\xc0\x1f" +
	"\x62\x65\xc2\x65\x13\x06\x15\x00\x32\xec\x2e\x95\x93\x05\x00\x02\x23\x00\xb5\x00\x28\x00\xca\x85\xef\x60\x80\x12\x63\x8e\x09\x00" +
	"\x17\x75\x00\x00\x93\x05\x35\xf6\x28\x00\x15\x46\xef\x00\x20\x02\x28\x00\xce\x85\xef\x60\xc0\x10\xc2\x65\x62\x66\x22\x85\xa6\x60" +
	"\x06\x64\xe2\x74\x42\x79\xa2\x79\x61\x61\x6f\x20\xe0\x48\x01\x11\x06\xec\x22\xe8\x26\xe4\x4a\xe0\x32\x89\x2e\x84\xaa\x84\xb2\x85" +
	"\xef\x50\x80\x19\x88\x68\x63\x02\x09\x02\x90\x64\xb3\x05\xa6\x00\x4a\x95\x32\x95\x03\x46\x04\x00\x05\x04\x93\x86\x15\x00\x23\x80" +
	"\xc5\x00\xb6\x85\xe3\x98\xa6\xfe\x88\x68\x4a\x95\x88\xe8\xe2\x60\x42\x64\xa2\x64\x02\x69\x05\x61\x82\x80\x01\x11\x06\xec\x22\xe8" +
	"\x26\xe4\x4a\xe0\xfd\x56\x13\xd4\x06\x01\xb3\xf4\x85\x00\x8c\x64\x33\x79\x86\x00\x03\x36\x89\x00\xb2\x95\xef\x00\xc0\x07\x90\x64" +
	"\xb3\x75\x85\x00\x94\x6d\x93\x17\x36\x00\x95\xc3\x98\x6c\x21\x07\xa1\x06\x33\x86\xf6\x00\x83\x47\x07\x00\x05\x07\x13\x84\x16\x00" +
	"\x23\x80\xf6\x00\xa2\x86\xe3\x18\xc4\xfe\x94\x6d\x90\x64\x03\x37\x89\x00\x93\x17\x37\x00\x85\xcb\x03\x37\x89\x01\x21\x07\x13\x84" +
	"\x86\x00\x0e\x06\xb3\x06\xc4\x00\x3e\x96\x22\x96\x83\x47\x07\x00\x05\x07\x13\x84\x16\x00\x23\x80\xf6\x00\xa2\x86\xe3\x18\xc4\xfe" +
	"\x90\x64\x03\x37\x89\x00\x3a\x96\x90\xe5\xe2\x60\x42\x64\xa2\x64\x02\x69\x05\x61\x82\x80\x01\x11\x06\xec\x22\xe8\x26\xe4\x4a\xe0" +
	"\x2e\x84\x2a\x89\x95\x45\x11\x46\xef\x20\xc0\x0c\xaa\x84\x13\x35\x14\x00\x2a\x94\x13\x06\x14\x00\xa5\x45\x4a\x85\xef\x20\x80\x0b" +
	"\x80\xe8\x93\x95\x04\x01\xc1\x81\x7d\x56\x4a\x16\xd1\x8d\x23\xb4\x04\x00\x88\xec\x2e\x85\xe2\x60\x42\x64\xa2\x64\x02\x69\x05\x61" +
	"\x82\x80\x91\x45\x63\xc0\xa5\x02\x89\x45\x63\xc6\xa5\x02\x85\x45\x63\x09\xb5\x04\x89\x45\x63\x10\xb5\x06\x17\x75\x00\x00\x13\x05" +
	"\xd5\xdd\x82\x80\x13\x06\x95\xff\x63\x72\xb6\x02\x17\x75\x00\x00\x13\x05\x35\xf5\x82\x80\x8d\x45\x63\x0a\xb5\x02\x91\x45\x63\x1c" +
	"\xb5\x02\x17\x75\x00\x00\x13\x05\x65\xcc\x82\x80\x95\x45\x63\x09\xb5\x02\x99\x45\x63\x11\xb5\x02\x17\x75\x00\x00\x13\x05\xc5\xe3" +
	"\x82\x80\x17\x75\x00\x00\x13\x05\x25\xca\x82\x80\x17\x75\x00\x00\x13\x05\x85\xcc\x82\x80\x17\x75\x00\x00\x13\x05\x75\xcc\x82\x80" +
	"\x17\x75\x00\x00\x13\x05\x55\xde\x82\x80\xae\x86\xc1\x91\x21\x66\x1b\x07\xc6\xff\x63\x83\xe5\x04\x61\x36\x2d\x8e\x13\x36\x16\x00" +
	"\x13\x97\x06\x01\x41\x83\x33\x37\xe0\x00\x79\x8e\x1d\xe6\xd3\x87\x06\xf2\x53\xa6\xf7\xa2\x11\xee\x41\x76\x1d\x26\xb2\x95\x09\x46" +
	"\x63\xe9\xc5\x00\xfd\x55\x13\x96\xf5\x03\x55\x8e\xce\x15\x63\x18\xb6\x00\x89\x45\x01\x46\x6f\xe0\xbf\xcf\x36\x85\x82\x80\x97\x75" +
	"\x00\x00\x93\x85\x65\xe2\x36\x86\x81\x46\x1d\xb3\x13\xd6\x05\x03\xa1\x66\x1b\x87\xc6\xff\x01\x45\x63\x0e\xe6\x04\xe1\x36\xb1\x8e" +
	"\x93\xb7\x16\x00\x93\x96\x05\x01\xc1\x82\x33\x37\xd0\x00\xf9\x8f\xb1\xe3\x41\x68\x9b\x07\xc8\xff\x05\x45\x63\xc1\xc7\x02\x41\x77" +
	"\x1d\x27\x32\x97\x89\x47\x63\x67\xf7\x02\x41\x65\x1b\x07\xb5\xff\x63\x03\xe6\x02\x71\x35\x63\x00\xa6\x02\x15\xa0\x75\x38\x63\x0c" +
	"\x06\x01\xc1\x66\x9b\x87\xe6\xff\x63\x06\xf6\x00\xfd\x36\x3a\x85\x63\x17\xd6\x00\x82\x80\x88\x66\x33\x35\xa0\x00\x82\x80\xd3\x87" +
	"\x05\xf2\x53\x07\x00\xf2\x53\x95\xe7\xa2\xd3\x15\xf7\xa2\x4d\x8d\x82\x80\x13\xd5\x05\x03\x21\x66\x9b\x06\x86\xff\xa9\x8e\x93\xb6" +
	"\x16\x00\x13\x97\x05\x01\x41\x83\x33\x37\xe0\x00\xf9\x8e\x71\x36\x31\x8d\x13\x35\x15\x00\x13\x96\x15\x00\x05\x82\x13\x36\x16\x00" +
	"\x51\x8d\x55\x8d\x7d\x56\x42\x16\xb1\x8d\x93\xb5\x15\x00\x4d\x8d\x82\x80\x01\x11\x06\xec\x22\xe8\x2e\x84\xc1\x91\xc1\x66\x1b\x87" +
	"\xb6\xff\x63\x84\xe5\x04\xf5\x36\x63\x85\xd5\x02\xc1\x66\xf1\x36\x63\x9f\xd5\x04\x42\x04\x41\x80\x18\x64\x34\x00\xb2\x85\x3a\x86" +
	"\xef\x00\x80\x0a\x49\xc9\x22\x65\x0c\x6c\x0e\x05\x2e\x95\x00\x65\x79\xa0\xa2\x85\xef\x00\x40\x12\x63\x45\x05\x06\x42\x04\x41\x80" +
	"\x0c\x70\x12\x05\x2e\x95\x00\x69\x9d\xa8\x42\x04\x41\x80\x18\x64\x34\x00\xb2\x85\x3a\x86\xef\x00\x20\x07\x29\xc9\x22\x65\x22\x95" +
	"\x03\x45\x05\x01\xd3\x07\x15\xd2\x53\x84\x07\xe2\x89\xa8\x21\x66\x9b\x06\xc6\xff\x63\x85\xd5\x04\x61\x36\xb1\x8d\x93\xb5\x15\x00" +
	"\x13\x16\x04\x01\x41\x82\x33\x36\xc0\x00\xf1\x8d\x8d\xe9\x97\x75\x00\x00\x93\x85\x05\xa2\x22\x86\x81\x46\xe2\x60\x42\x64\x05\x61" +
	"\x45\xbe\x17\x75\x00\x00\x03\x34\xe5\x93\x11\xa8\x17\x75\x00\x00\x03\x34\xc5\x95\x29\xa0\x17\x75\x00\x00\x03\x34\x25\x95\x22\x85" +
	"\xe2\x60\x42\x64\x05\x61\x82\x80\x01\x11\x06\xec\x22\xe8\x26\xe4\x36\x84\xb2\x84\xd3\x87\x05\xf2\xd3\xa6\xf7\xa2\x13\xd6\x05\x03" +
	"\x41\x77\x1d\x27\x3a\x96\xa9\xce\x89\x46\x63\x68\xd6\x02\x17\x66\x00\x00\x07\x37\xa6\x7e\xd3\x16\xf7\xa2\x01\x46\x85\xce\x97\x76" +
	"\x00\x00\x07\xb7\x26\x93\xd3\x96\xe7\xa2\x8d\xc6\xd3\x96\x27\xc2\x53\xf7\x26\xd2\xd3\xa6\xe7\xa2\x91\xce\xef\xe0\x5f\xa2\x93\x55" +
	"\xf5\x43\xe5\x8d\x2e\x95\x01\x46\x63\x46\x05\x00\x63\x74\x95\x00\x08\xe0\x05\x46\x32\x85\xe2\x60\x42\x64\xa2\x64\x05\x61\x82\x80" +
	"\x89\x46\xe3\x6c\xd6\xfc\x7d\x56\x93\x16\xf6\x03\xcd\x8e\x4e\x16\xe3\x8f\xc6\xf8\x01\x46\xf9\xbf\x5d\x71\x86\xe4\xa2\xe0\x26\xfc" +
	"\x4a\xf8\x4e\xf4\x52\xf0\x56\xec\x5a\xe8\x5e\xe4\x62\xe0\xc2\x05\x93\xda\x05\x01\x03\xbb\x8a\x02\x83\xbb\x0a\x02\x32\x8a\xaa\x89" +
	"\x32\x85\xef\x50\x50\x4e\x03\xb6\x0a\x03\xb3\x74\xa6\x00\x13\x95\x24\x00\x5a\x95\x08\x41\x7d\x59\x31\xc1\xa1\x0b\xb7\xf5\xff\x00" +
	"\x9e\x15\x13\x8c\xf5\x0f\x13\x04\xf5\xff\x13\x15\x14\x02\x75\x81\x5e\x95\x0c\x61\x63\x89\x85\x01\x4e\x85\x52\x86\xef\xe0\x1f\xef" +
	"\x19\xe9\x03\xb6\x0a\x03\x85\x04\xf1\x8c\x13\x95\x24\x00\x5a\x95\x08\x41\x71\xf9\x21\xa0\x02\x14\x13\x59\x04\x02\x4a\x85\xa6\x60" +
	"\x06\x64\xe2\x74\x42\x79\xa2\x79\x02\x7a\xe2\x6a\x42\x6b\xa2\x6b\x02\x6c\x61\x61\x82\x80\x01\x11\x06\xec\x22\xe8\x26\xe4\x2e\x87" +
	"\xc1\x91\xc1\x64\x9b\x87\xd4\xff\x36\x84\x63\x85\xf5\x02\xf1\x34\x63\x97\x95\x02\x42\x07\x93\x54\x07\x01\x98\x64\x8a\x86\xb2\x85" +
	"\x3a\x86\xef\xf0\x7f\xea\x1d\xc5\x02\x65\x8c\x6c\x0e\x05\x2e\x95\x00\xe5\x2d\xa0\xba\x85\xa2\x86\xef\x00\x00\x03\x05\xa0\x97\x75" +
	"\x00\x00\x93\x85\x05\x8f\x3a\x86\x81\x46\xe2\x60\x42\x64\xa2\x64\x05\x61\xfd\xba\x17\x65\x00\x00\x03\x34\x45\x7b\x22\x85\xe2\x60" +
	"\x42\x64\xa2\x64\x05\x61\x82\x80\x5d\x71\x86\xe4\xa2\xe0\x26\xfc\x4a\xf8\x4e\xf4\x52\xf0\x56\xec\x5a\xe8\x5e\xe4\x62\xe0\x36\x89" +
	"\xb2\x89\x2e\x84\xaa\x8b\x7d\x55\x93\x5a\x05\x01\x5e\x85\xef\xf0\xbf\xec\x33\x7b\x54\x01\x63\x49\x05\x00\x83\x35\x0b\x02\x12\x05" +
	"\x2e\x95\x23\x38\x25\x01\x5d\xa8\x03\x34\x0b\x01\x03\x35\x8b\x01\x63\x13\xa4\x06\x03\x35\x8b\x00\x83\x34\x0b\x02\x06\x05\x93\x05" +
	"\x45\x00\x5e\x85\xef\x00\x60\x7a\x2a\x8a\x1d\xc0\xc1\x04\x37\xf5\xff\x00\x1e\x15\x13\x0c\xf5\x0f\x03\xb6\x84\xff\x63\x07\x86\x01" +
	"\x94\x60\x5e\x85\xd2\x85\xef\xf0\x3f\xf8\x7d\x14\xc1\x04\x6d\xf4\x13\x05\x8b\x00\x33\x76\x5a\x01\x21\x06\x93\x05\x8b\x03\x83\x46" +
	"\x06\x00\x05\x06\x13\x07\x15\x00\x23\x00\xd5\x00\x3a\x85\xe3\x18\xb7\xfe\x03\x34\x0b\x01\x03\x35\x0b\x02\x93\x04\x14\x00\x23\x38" +
	"\x9b\x00\x12\x04\x22\x95\x23\x34\x35\x01\x03\x35\x0b\x02\x22\x95\x23\x38\x25\x01\x03\x35\x8b\x00\x03\x34\x8b\x02\x05\x05\x23\x34" +
	"\xab\x00\x4e\x85\xef\x50\x30\x32\x83\x35\x0b\x03\x6d\x8d\x13\x16\x25\x00\x22\x96\x14\x42\x05\x05\xf5\xfa\x04\xc2\xa6\x60\x06\x64" +
	"\xe2\x74\x42\x79\xa2\x79\x02\x7a\xe2\x6a\x42\x6b\xa2\x6b\x02\x6c\x61\x61\x82\x80\xae\x86\xc1\x91\x41\x67\x75\x37\x63\x94\xe5\x00" +
	"\xb6\x85\x85\xb9\x21\x66\x1b\x07\xc6\xff\x63\x84\xe5\x02\x61\x36\xb1\x8d\x93\xb5\x15\x00\x13\x96\x06\x01\x41\x82\x33\x36\xc0\x00" +
	"\xf1\x8d\x81\xe9\x97\x75\x00\x00\x93\x85\x55\x8a\x36\x86\x81\x46\x45\xb0\x36\x85\x82\x80\x79\x71\x06\xf4\x22\xf0\x26\xec\x4a\xe8" +
	"\xae\x87\x2a\x89\x7d\x55\xc1\x91\xc1\x64\x1b\x84\xb4\xff\x41\x81\x63\x81\x85\x04\xf1\x34\x63\x98\x95\x06\x33\xf4\xa7\x00\x83\x38" +
	"\x84\x00\x3c\x00\x0a\x88\x4a\x85\xb2\x85\x36\x86\xba\x86\x46\x87\xef\x00\xc0\x09\x22\x65\x0c\x6c\x02\x66\x93\x16\x35\x00\xb6\x95" +
	"\xa1\x05\x09\x8e\x4a\x85\xa2\x70\x02\x74\xe2\x64\x42\x69\x45\x61\xf5\xa8\x33\xf4\xa7\x00\x83\x38\x84\x00\x3c\x00\x0a\x88\x4a\x85" +
	"\xb2\x85\x36\x86\xba\x86\x46\x87\xef\x00\x40\x06\x22\x65\x02\x66\xb3\x05\xa4\x00\xc1\x05\x09\x8e\x4a\x85\xa2\x70\x02\x74\xe2\x64" +
	"\x42\x69\x45\x61\x31\xa2\x21\x66\x9b\x06\xc6\xff\x63\x89\xd5\x02\x61\x36\xb1\x8d\x93\xb5\x15\x00\x7d\x8d\x33\x35\xa0\x00\x6d\x8d" +
	"\x19\xed\x17\x75\x00\x00\x93\x05\xe5\x82\x4a\x85\x3e\x86\x81\x46\xa2\x70\x02\x74\xe2\x64\x42\x69\x45\x61\x6f\xf0\x6f\xfd\x3e\x85" +
	"\xa2\x70\x02\x74\xe2\x64\x42\x69\x45\x61\x82\x80\x39\x71\x06\xfc\x22\xf8\x26\xf4\x4a\xf0\x4e\xec\x52\xe8\x56\xe4\x5a\xe0\x36\x8b" +
	"\x85\x8a\x42\x89\xbe\x89\x3a\x84\x32\x8a\xaa\x8a\x99\xe2\x81\x44\x29\xa0\x56\x85\xef\xe0\xaf\xe8\xaa\x84\x93\x75\x2b\x00\x22\x85" +
	"\x89\xc5\x56\x85\xd2\x85\xef\xe0\x8f\xe7\x93\xd5\xf4\x43\xe1\x8d\xa6\x95\x13\x56\xf5\x43\x61\x8e\x32\x95\x33\x26\xb0\x00\x33\x06" +
	"\xc0\x40\xf1\x8d\x63\x43\x85\x00\x22\x85\x63\xc3\xa5\x00\x2e\x85\x23\xb0\xb9\x00\x23\x30\xa9\x00\xe2\x70\x42\x74\xa2\x74\x02\x79" +
	"\xe2\x69\x42\x6a\xa2\x6a\x02\x6b\x21\x61\x82\x80\x01\x11\x06\xec\x22\xe8\x26\xe4\x32\x84\xae\x84\xb2\x85\xef\xf0\xdf\x8d\x93\x15" +
	"\x05\x01\x13\x16\x34\x00\xc1\x81\x11\xce\x94\x6d\xa1\x06\x36\x96\x03\xc7\x04\x00\x85\x04\x93\x87\x16\x00\x23\x80\xe6\x00\xbe\x86" +
	"\xe3\x98\xc7\xfe\x80\xe5\xe2\x60\x42\x64\xa2\x64\x05\x61\x82\x80\x01\x11\x06\xec\x22\xe8\x26\xe4\x32\x84\xae\x84\x93\x05\x86\x00" +
	"\x8d\x81\x13\x86\x25\x00\x91\x45\xef\x10\xd0\x16\x00\xe5\x93\x05\x05\x01\x19\xcc\x33\x06\xa4\x00\x41\x06\xae\x86\x03\xc7\x04\x00" +
	"\x85\x04\x93\x87\x16\x00\x23\x80\xe6\x00\xbe\x86\xe3\x98\xc7\xfe\xa2\x95\x42\x05\x41\x81\x6d\x56\x42\x16\x51\x8d\x23\x80\x05\x00" +
	"\xe2\x60\x42\x64\xa2\x64\x05\x61\x82\x80\x2e\x86\xfd\x55\x93\x56\x06\x03\x41\x67\x9b\x07\xb7\xff\xc1\x81\x63\x89\xf6\x00\x75\x37" +
	"\x63\x86\xe6\x00\x41\x67\x71\x37\x63\x9a\xe6\x00\xf1\x8d\x88\x65\xd3\x77\x35\xd2\x53\x86\x07\xe2\x32\x85\x82\x80\x21\x67\x9b\x07" +
	"\xc7\xff\xe3\x8b\xf6\xfe\x61\x37\xb9\x8e\x93\xb6\x16\x00\xf1\x8d\xb3\x35\xb0\x00\xf5\x8d\xed\xf1\x97\x65\x00\x00\x93\x85\x55\x5f" +
	"\x81\x46\x6f\xf0\xef\xe4\x39\x71\x06\xfc\x22\xf8\x26\xf4\x4a\xf0\x4e\xec\x52\xe8\x56\xe4\x93\x56\x06\x03\x41\x67\x9b\x07\xb7\xff" +
	"\xae\x89\x2a\x8a\x63\x8b\xf6\x04\x75\x37\x63\x82\xe6\x04\x41\x65\x71\x35\x63\x9f\xa6\x06\x42\x06\x93\x5a\x06\x01\x03\xb5\x8a\x00" +
	"\x0d\xc5\x81\x44\x21\x44\x13\x09\xf0\x3f\x52\x19\x03\xb5\x8a\x01\x22\x95\x10\x61\x52\x85\xce\x85\xef\xe0\x5f\xa5\x21\xe1\x03\xb5" +
	"\x8a\x00\x85\x04\x21\x04\xe3\xe3\xa4\xfe\x01\x49\x05\xa8\x52\x85\xb2\x85\x4e\x86\xef\xf0\x5f\xae\x11\xa8\x13\xd5\x09\x03\x63\x1f" +
	"\xf5\x02\x32\x85\xce\x85\x01\x46\xef\x00\x60\x05\x13\x25\x05\x00\x13\x45\x15\x00\xd3\x07\x05\xd2\x53\x89\x07\xe2\x4a\x85\xe2\x70" +
	"\x42\x74\xa2\x74\x02\x79\xe2\x69\x42\x6a\xa2\x6a\x21\x61\x82\x80\x17\x65\x00\x00\x93\x05\xb5\x60\x52\x85\x39\xa0\x17\x65\x00\x00" +
	"\x93\x05\xf5\x6b\x52\x85\x4e\x86\x81\x46\xe2\x70\x42\x74\xa2\x74\x02\x79\xe2\x69\x42\x6a\xa2\x6a\x21\x61\x6f\xf0\x6f\xd7\xaa\x86" +
	"\x7d\x55\x13\x57\x05\x01\xf9\x8e\x33\xf8\xe5\x00\x83\x32\x88\x00\x83\xb8\x86\x00\xb3\x85\xc2\x00\x63\xf3\xb8\x00\x82\x80\x41\x08" +
	"\xb2\x96\x13\x83\x06\x01\xb2\x83\x9a\x87\xc2\x85\x96\x86\x63\x86\x02\x02\x03\xce\x07\x00\x03\xc7\x05\x00\x63\x17\xee\x00\xfd\x16" +
	"\x85\x05\x85\x07\xfd\xf6\x01\xa8\x85\x03\xb3\x85\x53\x00\x05\x03\xe3\xfc\xb8\xfc\xe1\xb7\x1e\x85\x82\x80\x32\x85\x82\x80\x39\x71" +
	"\x06\xfc\x22\xf8\x26\xf4\x4a\xf0\x4e\xec\x52\xe8\x56\xe4\x5a\xe0\xd3\x87\x05\xf2\x53\xa7\xf7\xa2\xb6\x89\x32\x89\x2a\x8a\x3d\xcf" +
	"\xd3\x07\x09\xf2\x53\xa5\xf7\xa2\x45\xcd\x52\x85\xef\xe0\x2f\xbd\xaa\x8a\x52\x85\xca\x85\xef\xe0\x8f\xbc\xb3\x35\x30\x01\x2e\x95" +
	"\xb3\xa5\xaa\x00\x33\x05\x55\x41\xb3\x05\xb0\x40\xb3\xf9\xa5\x00\x52\x85\xce\x85\xef\xf0\x2f\xe6\x2a\x89\x42\x05\x13\x5b\x05\x01" +
	"\x63\x81\x09\x02\x01\x44\xa1\x44\xb3\x85\x8a\x00\x52\x85\xef\x00\xe0\x0b\x83\x35\x8b\x01\xa6\x95\x88\xe1\x05\x04\xa1\x04\xe3\x65" +
	"\x34\xff\x23\x34\x3b\x01\x4a\x85\xe2\x70\x42\x74\xa2\x74\x02\x79\xe2\x69\x42\x6a\xa2\x6a\x02\x6b\x21\x61\x82\x80\x13\xd5\x05\x03" +
	"\x41\x76\x1d\x26\x2a\x96\x89\x46\xe3\x6c\xd6\xf6\x7d\x56\x93\x16\xf6\x03\xcd\x8e\x4e\x16\xe3\x85\xc6\xf6\x41\x66\x65\x36\x63\x02" +
	"\xc5\x04\x7d\x56\x4e\x16\x63\x8e\xc5\x02\x41\x66\x69\x36\x63\x0a\xc5\x02\x37\xf5\xff\x00\x1e\x15\x63\x85\xa5\x02\x2e\x89\x15\xa0" +
	"\x13\x55\x09\x03\x41\x76\x1d\x26\x32\x95\x09\x46\xe3\x6f\xc5\xf2\x7d\x55\x13\x16\xf5\x03\x33\x66\xc9\x00\x4e\x15\xe3\x07\xa6\xf2" +
	"\x1d\xc3\x17\x65\x00\x00\x93\x05\x15\x5e\x52\x85\x4a\x86\x81\x46\xe2\x70\x42\x74\xa2\x74\x02\x79\xe2\x69\x42\x6a\xa2\x6a\x02\x6b" +
	"\x21\x61\x6f\xf0\xef\xbe\x13\xd5\x05\x03\x41\xbf\x79\x71\x06\xf4\x22\xf0\x26\xec\x2e\x84\xfd\x55\xad\x81\xa2\x95\x13\x06\xf0\xbf" +
	"\x29\x82\x63\x67\xb6\x00\xd3\x77\x24\xd2\x53\x85\x07\xe2\x15\xa0\xaa\x84\x13\x55\xf4\x43\xb3\x45\xa4\x00\x89\x8d\x26\x85\xef\x50" +
	"\xe0\x52\x2a\xe0\x2e\xe4\x7d\x90\x22\xc8\x8a\x85\x26\x85\xef\x40\x10\x74\xa2\x70\x02\x74\xe2\x64\x45\x61\x82\x80\x39\x71\x06\xfc" +
	"\x22\xf8\x26\xf4\x4a\xf0\x4e\xec\x52\xe8\x56\xe4\xae\x89\xc1\x91\x41\x66\x9b\x06\xd6\xff\x2a\x89\x63\x89\xd5\x04\x71\x36\x63\x89" +
	"\xc5\x0a\x41\x65\x6d\x35\x63\x95\xa5\x08\x7d\x54\x41\x80\xb3\xf4\x89\x00\x8c\x64\x4a\x85\xef\xf0\x0f\xd0\x8c\x64\xaa\x89\xc9\xc5" +
	"\x81\x45\x13\x86\x04\x01\x33\xf5\x89\x00\xa1\x46\x33\x07\xb6\x00\x03\x47\x07\x00\x1c\x6d\xd3\x07\x17\xd2\xb6\x97\x9c\xa3\x98\x64" +
	"\x85\x05\xa1\x06\xe3\xe4\xe5\xfe\x9d\xa0\xc2\x09\x13\xda\x09\x01\x83\x35\x8a\x00\x4a\x85\xef\xf0\x0f\xcc\x83\x35\x0a\x01\xaa\x89" +
	"\xa1\xc9\x83\x34\x0a\x02\x01\x44\xa1\x04\x37\xf5\xff\x00\x1e\x15\x93\x0a\xf5\x0f\x90\x60\x63\x08\x56\x01\x4a\x85\xce\x85\xef\x00" +
	"\x60\x04\x83\x35\x0a\x01\x05\x04\xc1\x04\xe3\x65\xb4\xfe\x0d\xa0\x4a\x85\x81\x45\xe2\x70\x42\x74\xa2\x74\x02\x79\xe2\x69\x42\x6a" +
	"\xa2\x6a\x21\x61\x6f\xf0\x2f\xc7\x01\x47\x33\xf5\x89\x00\x18\xe5\x4e\x85\xe2\x70\x42\x74\xa2\x74\x02\x79\xe2\x69\x42\x6a\xa2\x6a" +
	"\x21\x61\x82\x80\x01\x11\x06\xec\x22\xe8\x26\xe4\x4a\xe0\xc2\x05\x93\xd4\x05\x01\x8c\x64\x98\x68\x93\x86\x15\x00\x32\x89\x63\x77" +
	"\xd7\x04\x06\x07\x13\x04\x47\x00\x63\xe3\x86\x00\x36\x84\x13\x06\x14\x00\xa5\x45\xef\x10\x00\x50\x8c\x64\x13\x97\x35\x00\x15\xc3" +
	"\x90\x6c\x21\x06\x93\x06\x85\x00\xb3\x85\xe6\x00\x03\x47\x06\x00\x05\x06\x93\x87\x16\x00\x23\x80\xe6\x00\xbe\x86\xe3\x98\xb7\xfe" +
	"\x8c\x64\x80\xe8\x88\xec\x93\x86\x15\x00\x11\xa0\x88\x6c\x8e\x05\x2e\x95\x94\xe4\x23\x34\x25\x01\xe2\x60\x42\x64\xa2\x64\x02\x69" +
	"\x05\x61\x82\x80\xe5\xb4\x79\x71\x06\xf4\x22\xf0\x26\xec\x4a\xe8\x4e\xe4\x32\x84\xae\x89\x2a\x89\xb2\x85\xef\x00\x00\x03\xaa\x84" +
	"\x09\xcc\xa1\x09\x03\xb6\x89\xff\x83\xb6\x09\x00\x4a\x85\xa6\x85\xef\xf0\x9f\x81\x7d\x14\xc1\x09\x75\xf4\x26\x85\xa2\x70\x02\x74" +
	"\xe2\x64\x42\x69\xa2\x69\x45\x61\x82\x80\x79\x71\x06\xf4\x22\xf0\x26\xec\x4a\xe8\x4e\xe4\x52\xe0\x11\x46\xae\x89\x2a\x89\x63\x63" +
	"\xb6\x00\x91\x49\x13\x94\x19\x00\x21\x45\xaa\x84\x06\x05\xe3\xee\x84\xfe\x99\x45\x1d\x46\x4a\x85\xef\x10\xc0\x43\x2a\x8a\x23\x34" +
	"\x05\x00\x23\x38\x05\x00\x23\x3c\x35\x01\x13\x66\x14\x00\xa5\x45\x4a\x85\xef\x10\x20\x42\x23\x30\xaa\x02\x93\x95\x24\x00\x4a\x85" +
	"\xef\x30\x50\x45\x23\x34\xaa\x02\x13\x15\x0a\x01\x41\x81\xf5\x55\xc2\x15\x4d\x8d\xfd\x14\x23\x38\x9a\x02\xa2\x70\x02\x74\xe2\x64" +
	"\x42\x69\xa2\x69\x02\x6a\x45\x61\x82\x80\x09\xa0\x39\x71\x06\xfc\x22\xf8\x26\xf4\x2e\x84\xc1\x91\x41\x66\x6d\x36\x63\x86\xc5\x04" +
	"\xaa\x84\x2a\xe4\x85\x45\x15\x46\xef\x10\xc0\x3c\x93\x05\x85\x00\x13\x05\x85\x02\x2e\x86\x93\x06\x16\x00\x23\x00\x06\x00\x36\x86" +
	"\xe3\x9b\xa6\xfe\x2e\xe8\x02\xec\x13\x05\x00\x02\x2a\xf0\x2c\x00\x26\x85\x22\x86\x81\x46\x01\x47\xef\x00\xc0\x0a\x22\x65\xc2\x65" +
	"\x62\x66\xef\xf0\xff\xa0\x2a\x84\x22\x85\xe2\x70\x42\x74\xa2\x74\x21\x61\x82\x80\x5d\x71\x86\xe4\xa2\xe0\x26\xfc\x4a\xf8\x4e\xf4" +
	"\xb2\x84\x2e\x84\x2a\x89\x2a\xe4\x85\x45\x25\x46\xef\x10\x80\x36\x93\x05\x85\x00\x13\x05\x85\x04\x2e\x86\x93\x06\x16\x00\x23\x00" +
	"\x06\x00\x36\x86\xe3\x9b\xa6\xfe\x2e\xe8\x02\xec\x13\x05\x00\x04\x2a\xf0\x95\xcc\xc1\x69\xed\x39\x10\x60\x13\x55\x06\x03\x63\x1b" +
	"\x35\x01\x42\x06\x93\x55\x06\x01\x90\x65\xc1\x05\x28\x00\xef\xf0\x0f\x96\x39\xa0\x2c\x00\x4a\x85\x81\x46\x01\x47\xef\x00\x80\x02" +
	"\xfd\x14\x21\x04\xf1\xf8\x22\x69\xc2\x65\x62\x66\x11\xa0\x01\x46\x4a\x85\xef\xf0\xff\x97\xa6\x60\x06\x64\xe2\x74\x42\x79\xa2\x79" +
	"\x61\x61\x82\x80\x4d\x71\x86\xe6\xa2\xe2\x26\xfe\x4a\xfa\x4e\xf6\x52\xf2\x56\xee\x5a\xea\x5e\xe6\x62\xe2\xe6\xfd\xea\xf9\xee\xf5" +
	"\x93\x07\x10\x04\xae\x8a\x63\x48\xf7\x00\x17\x65\x00\x00\x93\x05\xd5\xf8\x0d\x46\x15\xaa\xba\x89\x2a\x89\x7d\x57\x13\x55\x06\x03" +
	"\xa1\x65\x9b\x87\xc5\xff\x13\x5b\x07\x01\x63\x09\xf5\x06\xe1\x35\xa9\x8d\x93\xb5\x15\x00\x33\x7d\x66\x01\x33\x37\xa0\x01\xf9\x8d" +
	"\xb1\xed\xc1\x65\x1b\x87\xc5\xff\x63\x51\xa7\x12\xf5\x35\x63\x06\xb5\x1a\xc1\x65\x9b\x86\xe5\xff\x63\x06\xd5\x30\xfd\x35\x63\x1c" +
	"\xb5\x32\x17\x65\x00\x00\x93\x05\x85\x01\x19\x46\x56\x85\xef\xf0\x0f\x8a\x56\x85\xea\x85\x01\x46\xef\x10\x00\x0a\x85\x45\x56\x85" +
	"\xef\x40\x80\x23\x03\xb5\x0a\x01\x83\xb5\x8a\x00\x13\x06\x15\x00\x23\xb8\xca\x00\x2e\x95\x93\x05\x90\x02\x65\xa4\x4a\x85\xb2\x85" +
	"\xef\x10\xa0\x61\x2a\x84\x17\x65\x00\x00\x93\x05\xc5\xdf\x1d\x46\x56\x85\xef\xf0\xcf\x85\xb3\x75\x64\x01\x90\x65\x01\x44\xc1\x05" +
	"\x93\x08\x16\x00\x17\x65\x00\x00\x93\x02\x05\x19\x13\x08\x90\x0e\x96\x86\x93\x07\x14\x00\x33\x87\x57\x00\x36\x85\xa2\x84\x3a\x83" +
	"\x3e\x84\x83\x43\x05\x00\x85\x04\x05\x05\x05\x07\x85\x07\xe3\x98\x03\xfe\x36\x87\x46\x85\x83\x47\x07\x00\x7d\x15\x05\x07\xe5\xff" +
	"\x11\xc9\x9a\x86\x03\xc5\x06\x00\x85\x06\x05\x04\x65\xfd\xe3\x52\x88\xfc\x1d\xa8\x2e\x85\xb2\x87\x19\xca\x83\x43\x05\x00\x03\xc7" +
	"\x06\x00\xe3\x90\xe3\xfe\xfd\x17\x85\x06\x05\x05\xfd\xf7\x01\x46\x17\x65\x00\x00\x93\x05\x45\x12\xa6\x95\x33\x85\xc5\x00\x03\x45" +
	"\x05\x00\x05\x06\x7d\xf9\x7d\x16\x56\x85\xb6\x60\x16\x64\xf2\x74\x52\x79\xb2\x79\x12\x7a\xf2\x6a\x52\x6b\xb2\x6b\x12\x6c\xee\x7c" +
	"\x4e\x7d\xae\x7d\x71\x61\x6f\xe0\x9f\xfa\xed\x35\x63\x02\xb5\x20\xc1\x65\xf1\x35\x63\x11\xb5\x22\x85\x45\x56\x85\xef\x40\xc0\x13" +
	"\x03\xb5\x0a\x01\x83\xb5\x8a\x00\x13\x06\x15\x00\x23\xb8\xca\x00\x2e\x95\x93\x05\xb0\x05\x23\x00\xb5\x00\x03\x35\x8d\x00\x15\xcd" +
	"\x81\x44\x85\x29\x21\x44\x17\x65\x00\x00\x13\x0a\x45\xd6\x91\xc4\x09\x46\x56\x85\xd2\x85\xef\xe0\x9f\xf5\x03\x35\x8d\x01\x22\x95" +
	"\x10\x61\x85\x46\x4a\x85\xd6\x85\x4e\x87\xef\xf0\xbf\xe1\x03\x35\x8d\x00\x85\x04\x21\x04\xe3\xec\xa4\xfc\x85\x45\x56\x85\xef\x40" +
	"\xa0\x0d\x03\xb5\x0a\x01\x83\xb5\x8a\x00\x13\x06\x15\x00\x23\xb8\xca\x00\x2e\x95\x93\x05\xd0\x05\xa9\xa2\x85\x45\x05\x4a\x56\x85" +
	"\xef\x40\x80\x0b\x03\xb5\x0a\x01\x83\xb5\x8a\x00\x13\x06\x15\x00\x23\xb8\xca\x00\x2e\x95\x93\x05\xb0\x07\x23\x00\xb5\x00\x03\x35" +
	"\x0d\x01\x63\x01\x05\x10\x83\x3b\x0d\x02\x81\x4d\xa1\x0b\x85\x29\xb7\xf5\xff\x00\x9e\x15\x13\x8c\xf5\x0f\x97\x65\x00\x00\x93\x85" +
	"\x05\xcd\x2e\xe0\xc1\x6c\xed\x3c\x66\xe4\x93\x0c\xf0\x05\x93\x94\x4d\x00\xde\x94\x90\x60\x63\x04\x86\x0d\x63\x18\x0a\x00\x09\x46" +
	"\x56\x85\x82\x65\xef\xe0\xbf\xea\x90\x60\x13\x55\x06\x03\xa2\x65\x63\x1b\xb5\x06\xb3\x75\x66\x01\x03\xb8\x85\x00\x63\x05\x08\x06" +
	"\xc1\x05\x03\xc5\x05\x00\x13\x05\x05\xfd\x13\x75\xf5\x0f\xa9\x46\x63\x6b\xd5\x04\x01\x45\x05\x47\xae\x87\xc2\x86\xa9\x48\xe5\x42" +
	"\x83\x84\x07\x00\x63\x82\x94\x03\x63\xc0\x04\x02\x13\x84\x04\xfd\x13\x74\xf4\x0f\x63\x6a\x14\x01\x93\xe4\x04\x02\x93\x84\xf4\xf9" +
	"\x93\xf4\xf4\x0f\x63\xea\x92\x00\x33\x35\x07\x01\x13\x45\x15\x00\xfd\x16\x05\x07\x85\x07\xe9\xf6\x05\x89\x11\xc5\x56\x85\x42\x86" +
	"\xef\xe0\xff\xe2\x39\xa0\x85\x46\x4a\x85\xd6\x85\x4e\x87\xef\xf0\x7f\xcf\x13\x94\x1d\x00\x17\x65\x00\x00\x93\x05\x65\xef\x09\x46" +
	"\x56\x85\xef\xe0\xdf\xe0\x0e\x04\x5e\x94\x10\x64\x85\x46\x4a\x85\xd6\x85\x4e\x87\xef\xf0\x1f\xcd\x03\x35\x0d\x01\x01\x4a\x85\x0d" +
	"\xe3\xe7\xad\xf2\x85\x45\x56\x85\xef\x30\x10\x79\x03\xb5\x0a\x01\x83\xb5\x8a\x00\x13\x06\x15\x00\x23\xb8\xca\x00\x2e\x95\x93\x05" +
	"\xd0\x07\x23\x00\xb5\x00\xb6\x60\x16\x64\xf2\x74\x52\x79\xb2\x79\x12\x7a\xf2\x6a\x52\x6b\xb2\x6b\x12\x6c\xee\x7c\x4e\x7d\xae\x7d" +
	"\x71\x61\x82\x80\x17\x65\x00\x00\x93\x05\x75\xc3\x11\x46\xe9\xbb\xd9\xce\x56\x85\xb2\x85\xb6\x60\x16\x64\xf2\x74\x52\x79\xb2\x79" +
	"\x12\x7a\xf2\x6a\x52\x6b\xb2\x6b\x12\x6c\xee\x7c\x4e\x7d\xae\x7d\x71\x61\x6f\x20\x90\x05\xc1\x75\x9d\x25\x2e\x95\x89\x45\x63\x75" +
	"\xb5\x04\x0c\x08\x32\x85\xef\x40\x20\x1e\xc2\x75\x05\x45\x63\x95\xa5\x06\xa2\x75\x8c\x61\x63\x91\xa5\x06\x02\x55\x15\xc1\x85\x45" +
	"\x56\x85\xef\x30\x70\x6f\x03\xb5\x0a\x01\x83\xb5\x8a\x00\x13\x06\x15\x00\x23\xb8\xca\x00\x2e\x95\x93\x05\xd0\x02\x23\x00\xb5\x00" +
	"\x10\x08\x4a\x85\xd6\x85\x3d\xac\x53\x05\x06\xf2\x56\x85\xb6\x60\x16\x64\xf2\x74\x52\x79\xb2\x79\x12\x7a\xf2\x6a\x52\x6b\xb2\x6b" +
	"\x12\x6c\xee\x7c\x4e\x7d\xae\x7d\x71\x61\x6f\x40\x90\x71\x03\x36\x8d\x00\x93\x05\x0d\x01\x0d\xbb\x02\x55\x13\x0a\x81\x02\x15\xc1" +
	"\x85\x45\x56\x85\xef\x30\x50\x69\x03\xb5\x0a\x01\x83\xb5\x8a\x00\x13\x06\x15\x00\x23\xb8\xca\x00\x2e\x95\x93\x05\xd0\x02\x23\x00" +
	"\xb5\x00\x03\x35\x8a\x00\x83\x35\x0a\x00\xaa\xf1\xae\xed\xac\x09\x09\x46\xb4\x00\x4a\x85\xef\x40\xc0\x64\x26\x66\x19\xc2\x81\x49" +
	"\x29\xa8\x81\x49\xaa\xed\xae\xf1\x85\x09\xac\x09\x09\x46\xb4\x00\x4a\x85\xef\x40\x00\x63\x26\x66\x75\xd6\xac\x09\x15\x46\xb4\x00" +
	"\x4a\x85\xef\x40\x00\x62\x26\x66\x01\xc6\x8e\x74\x01\x44\x31\xa8\x01\x44\xae\x84\xaa\xed\xae\xf1\x05\x04\xac\x09\x15\x46\xb4\x00" +
	"\x4a\x85\xef\x40\x00\x60\x26\x66\x6d\xd6\x05\x45\x63\x93\xa4\x14\xee\x65\x8c\x61\x63\x9f\xa5\x12\x85\x45\x09\x46\x4a\x85\xef\x00" +
	"\x70\x61\x93\x05\x85\x00\x41\x05\x2e\x86\x93\x06\x16\x00\x23\x00\x06\x00\x36\x86\xe3\x9b\xa6\xfe\x05\x45\x88\xe1\xae\xe5\xaa\xe9" +
	"\x85\x45\x09\x46\x4a\x85\xef\x00\xf0\x5e\x93\x05\x85\x00\x41\x05\x2e\x86\x93\x06\x16\x00\x23\x00\x06\x00\x36\x86\xe3\x9b\xa6\xfe" +
	"\x63\x63\x34\x01\xa2\x89\x29\x45\x88\xe1\x2e\xfd\x05\x45\xaa\xe1\x63\x8c\x09\x00\x4e\x84\xac\x01\x30\x19\x4a\x85\xef\x40\xd0\x05" +
	"\xaa\xe5\x7d\x14\xae\xe9\x65\xf8\x0c\x08\xb0\x01\x4a\x85\xef\x40\xb0\x04\x2a\xf5\x2e\xf9\x2c\x11\x34\x09\x38\x01\x4a\x85\x52\x86" +
	"\xef\x40\x40\x12\x2c\x09\xb0\x01\xb4\x18\xb8\x10\x4a\x85\xef\x40\x60\x11\xb0\x18\x4a\x85\xd6\x85\xef\x50\xc0\x43\x85\x45\x56\x85" +
	"\xef\x30\x90\x55\x03\xb5\x0a\x01\x83\xb5\x8a\x00\x13\x06\x15\x00\x23\xb8\xca\x00\x2e\x95\x93\x05\xe0\x02\x23\x00\xb5\x00\x93\x84" +
	"\x09\x02\xca\xe4\x4a\x85\xa6\x85\xef\x30\xc0\x58\xaa\xe8\x82\xec\xa6\xf0\xac\x00\xb0\x10\x4a\x85\xef\x50\xc0\x3f\xe6\x64\x63\xf7" +
	"\x34\x03\x33\x84\x99\x40\x13\x09\x00\x03\x85\x45\x56\x85\xef\x30\xb0\x50\x03\xb5\x0a\x01\x83\xb5\x8a\x00\x13\x06\x15\x00\x23\xb8" +
	"\xca\x00\x2e\x95\x7d\x14\x23\x00\x25\x01\x65\xf0\xc6\x65\x89\xcc\x13\x85\xf5\xff\x13\x06\x00\x03\xb3\x06\x95\x00\x83\xc6\x06\x00" +
	"\x63\x94\xc6\x00\xfd\x14\xed\xf8\x56\x85\x26\x86\xef\xe0\x3f\xb2\x99\xbb\x10\x08\x4a\x85\xd6\x85\xef\x50\xc0\x39\x85\x45\x56\x85" +
	"\xef\x30\x90\x4b\x03\xb5\x0a\x01\x83\xb5\x8a\x00\x13\x06\x15\x00\x23\xb8\xca\x00\x2e\x95\x93\x05\xf0\x02\x23\x00\xb5\x00\x4a\x85" +
	"\xd6\x85\x52\x86\xef\x50\x00\x37\x39\xbb\x1d\x71\x86\xec\xa2\xe8\xa6\xe4\xca\xe0\x4e\xfc\x52\xf8\x56\xf4\x5a\xf0\xba\x89\xb6\x8a" +
	"\xb2\x84\x2e\x89\x2a\x8a\x2a\xe0\x85\x45\x45\x46\xef\x00\x90\x48\x93\x05\x85\x00\x13\x05\x85\x08\x2e\x86\x93\x06\x16\x00\x23\x00" +
	"\x06\x00\x36\x86\xe3\x9b\xa6\xfe\x2e\xe4\x02\xe8\x13\x05\x00\x08\x2a\xec\x63\x8d\x0a\x02\x01\x44\x13\x0b\x00\x02\x09\xcc\x0a\x85" +
	"\x85\x45\xef\x30\x70\x43\x42\x65\xa2\x65\x13\x06\x15\x00\x32\xe8\x2e\x95\x23\x00\x65\x01\x90\x60\x8a\x85\x52\x85\x81\x46\x01\x47" +
	"\xef\xf0\x5f\x94\x05\x04\xa1\x04\xe3\x9a\x8a\xfc\x63\x8f\x09\x00\x0a\x85\x85\x45\xef\x30\x50\x40\x42\x65\xa2\x65\x13\x06\x15\x00" +
	"\x32\xe8\x2e\x95\xa9\x45\x23\x00\xb5\x00\x22\x66\xc2\x66\x52\x85\xca\x85\xef\x00\xa0\x01\x01\x45\xe6\x60\x46\x64\xa6\x64\x06\x69" +
	"\xe2\x79\x42\x7a\xa2\x7a\x02\x7b\x25\x61\x82\x80\x39\x71\x06\xfc\x22\xf8\x26\xf4\x4a\xf0\x4e\xec\x52\xe8\x56\xe4\x05\x47\x36\x8a" +
	"\x32\x89\xaa\x84\x63\x98\xe5\x06\x63\x06\x0a\x0a\x88\x78\x93\x8a\x44\x07\x85\x69\x63\x13\x35\x03\x01\x44\x90\x78\x63\x7c\xc4\x00" +
	"\x88\x60\x14\x61\xb3\x85\x8a\x00\x01\x8e\x05\x45\x82\x96\x2a\x94\xe3\x45\xa0\xfe\x01\x45\x23\xb8\x04\x02\xb3\x85\xa9\x40\x63\xe3" +
	"\x45\x01\xd2\x85\x33\x86\xaa\x00\x2e\x95\x56\x95\xca\x86\x03\xc7\x06\x00\x85\x06\x93\x07\x16\x00\x23\x00\xe6\x00\x3e\x86\xe3\x98" +
	"\xa7\xfe\x88\x78\x2e\x95\x88\xf8\x33\x0a\xba\x40\x2e\x99\xe3\x13\x0a\xfa\x89\xa0\xae\x89\x01\x44\x93\x8a\x44\x07\x90\x78\x63\x7c" +
	"\xc4\x00\x88\x60\x14\x61\xb3\x85\x8a\x00\x01\x8e\x05\x45\x82\x96\x2a\x94\xe3\x45\xa0\xfe\x23\xb8\x04\x02\x63\x0d\x0a\x00\x88\x60" +
	"\x14\x61\x4e\x85\xca\x85\x52\x86\x82\x96\x2a\x99\x33\x0a\xaa\x40\xe3\x45\xa0\xfe\xe2\x70\x42\x74\xa2\x74\x02\x79\xe2\x69\x42\x6a" +
	"\xa2\x6a\x21\x61\x82\x80\x6d\x71\x06\xe6\x22\xe2\xa6\xfd\xca\xf9\xce\xf5\xd2\xf1\xd6\xed\xda\xe9\xde\xe5\xe2\xe1\x66\xfd\x6a\xf9" +
	"\x6e\xf5\x22\xb1\x26\xad\xae\x84\xc1\x91\x41\x67\x6d\x37\x2a\x84\x63\x9f\xe5\x5e\x36\x8d\x32\x89\xa2\xf0\x85\x45\x45\x46\x22\x85" +
	"\xef\x00\x50\x2d\x93\x05\x85\x00\x13\x05\x85\x08\x2e\x86\x93\x06\x16\x00\x23\x00\x06\x00\x36\x86\xe3\x9b\xa6\xfe\x13\x95\x04\x01" +
	"\x41\x81\x83\x3b\x85\x00\x13\x06\x00\x08\xb2\xfc\xae\xf4\x82\xf8\x63\x8c\x0b\x5e\x22\xf8\x4a\xf0\x02\xf4\x01\x4a\x93\x0d\x05\x01" +
	"\x45\x05\x2a\xfc\x13\x08\x50\x02\x93\x0c\x00\x03\xb7\x19\x80\x12\xd2\x09\x93\x06\xd0\x02\xa5\x47\x29\x47\x93\x04\xc0\x06\x53\x04" +
	"\x00\xf2\x41\x75\x1d\x25\x2a\xec\x33\x85\x4d\x01\x03\x44\x05\x00\x13\x05\x1a\x00\x63\x0d\x75\x03\x63\x1b\x04\x03\x63\x71\x75\x07" +
	"\x81\x4a\x01\x49\xe2\x75\x2e\x9a\x83\x45\x0a\x00\x63\xeb\xbc\x04\x33\xd6\xb9\x00\x05\x8a\x31\xc6\x63\x93\xd5\x00\x05\x49\x63\x93" +
	"\x95\x01\x85\x4a\x05\x05\x05\x0a\xe3\x90\xab\xfe\x95\xab\x88\x10\x85\x45\xef\x30\x70\x20\x13\x08\x50\x02\x46\x75\xa6\x75\x13\x06" +
	"\x15\x00\xb2\xf8\x2e\x95\x23\x00\x85\x00\x05\x0a\x93\x06\xd0\x02\xa5\x47\x29\x47\x93\x04\xc0\x06\xe3\x68\x7a\xf9\x91\xa3\x01\x49" +
	"\x81\x4a\x7d\x5b\x01\x4c\x63\x72\x75\x07\xe2\x75\xaa\x95\x33\x86\xad\x00\x03\x46\x06\x00\x93\x06\x06\xfd\x93\xf6\xf6\x0f\x63\xec" +
	"\xd7\x00\xb3\x06\xec\x02\x36\x96\x1b\x0c\x06\xfd\x05\x05\x85\x05\xe3\x9f\xab\xfc\x31\xa3\x93\x06\xe0\x02\x63\x18\xd6\x02\x01\x4b" +
	"\x05\x05\x63\x74\x75\x03\x03\xc6\x05\x00\x93\x06\x06\xfd\x93\xf6\xf6\x0f\x63\xec\xd7\x00\xb3\x06\xeb\x02\x36\x96\x1b\x0b\x06\xfd" +
	"\x05\x05\x85\x05\xe3\x61\x75\xff\xe1\xa9\x63\x7e\x75\x01\xb3\x85\xad\x00\x83\xc5\x05\x00\x93\xe5\x45\x00\x63\x96\x95\x00\x05\x05" +
	"\xe3\x97\xab\xfe\x75\xa9\x2a\x8a\x63\x0c\x75\x4b\x33\x85\x4d\x01\x03\x45\x05\x00\x63\x11\x05\x03\x88\x10\x85\x45\xef\x30\xd0\x13" +
	"\x13\x08\x50\x02\x46\x75\xa6\x75\x13\x06\x15\x00\xb2\xf8\x2e\x95\x23\x00\x05\x01\x1d\xbf\x2a\xe8\x22\x75\x63\x7b\xa5\x01\x2a\x86" +
	"\x0e\x05\x82\x75\x2e\x95\x00\x61\x13\x05\x16\x00\x2a\xf4\x29\xa0\x17\x55\x00\x00\x03\x34\x85\x49\x93\x04\x00\x02\x42\x75\xaa\xe0" +
	"\x85\x45\x15\x46\xef\x00\x10\x11\x93\x05\x85\x00\x13\x05\x85\x02\x2e\x86\x93\x06\x16\x00\x23\x00\x06\x00\x36\x86\xe3\x9b\xa6\xfe" +
	"\xae\xe4\x82\xe8\xa6\xec\x13\x05\x40\x06\x42\x66\x6a\xe4\x63\x54\xc5\x02\x13\x05\x00\x07\x63\x41\xc5\x04\x13\x05\xb6\xf9\x89\x45" +
	"\x63\x6e\xb5\x08\x13\x05\x70\x06\x63\x03\xa6\x2e\x13\x05\x90\x06\x63\x00\xa6\x04\x99\xaa\x13\x05\x10\x06\x63\x5b\xc5\x04\x13\x05" +
	"\x20\x06\x63\x0a\xa6\x10\x13\x05\x30\x06\x63\x04\xa6\x12\x13\x05\x40\x06\x63\x0f\xa6\x00\x15\xaa\x13\x05\x10\x07\x63\x06\xa6\x10" +
	"\x13\x05\x80\x07\x63\x0e\xa6\x02\x13\x05\x50\x07\x63\x1f\xa6\x10\x22\x86\xd3\x07\x04\xf2\x53\xa5\xf7\xa2\x63\x0c\x05\x24\x91\x45" +
	"\x42\x74\x22\x85\xef\x00\xe0\x3e\x2a\x86\x8c\x00\x22\x85\x59\xa4\x13\x05\x60\x04\x63\x04\xa6\x02\x13\x05\x80\x05\x63\x17\xa6\x0e" +
	"\x42\x75\xa2\x85\x32\x84\xef\xd0\x8f\xcb\xaa\x85\x13\x05\x84\xfa\x13\x36\x15\x00\x88\x00\xef\x00\x20\x68\x8d\xa4\xd3\x07\x04\xf2" +
	"\x53\xa5\xf7\xa2\x63\x07\x05\x22\x79\x45\xda\x85\x63\x43\xab\x00\xf9\x45\x63\x53\x0b\x00\x99\x45\x2e\xe0\x42\x75\xa2\x85\xef\x10" +
	"\x00\x63\x53\x25\xa5\xa2\xa9\x46\x0d\xc1\x53\x15\x85\xa2\xd3\x74\xa4\x0a\xd3\x87\x94\x22\x19\xe1\xd3\x07\xa5\x22\x97\x55\x00\x00" +
	"\x07\xb7\xc5\x22\xd3\xa5\xe7\xa2\x89\xc5\x88\x00\xef\x40\x70\x03\x31\xa4\x01\xe9\x53\x25\x85\xa2\x15\xc5\x53\x05\x05\xe2\x63\x53" +
	"\x05\x02\x88\x00\x85\x45\xef\x30\x20\x7b\xa9\x46\x46\x65\xa6\x65\x13\x06\x15\x00\xb2\xe8\x2e\x95\x93\x05\xd0\x02\x23\x00\xb5\x00" +
	"\x53\x85\x94\x22\x02\x65\x63\x53\xa0\x08\x05\x4b\x7d\x35\x33\x0b\xdb\x02\x6d\xfd\xad\xa8\xa2\x85\xef\xe0\x4f\xff\x31\xc9\x17\x55" +
	"\x00\x00\x93\x05\xb5\x47\x89\xa8\x8c\x00\x85\x46\x42\x75\x22\x86\x5d\xa2\x42\x75\xa2\x85\xef\xd0\x8f\xbe\x2e\x15\x93\x55\xb5\x02" +
	"\x48\x01\xef\x00\x40\x62\x2a\x86\x81\xa2\x8c\x00\x42\x75\x32\x8d\x22\x86\x81\x46\x01\x47\xef\xf0\xef\xc6\x13\x05\x30\x07\x63\x1f" +
	"\xad\x16\x63\x4d\x0b\x16\x46\x65\x63\x7a\xab\x16\xda\xe8\xbd\xa2\x17\x55\x00\x00\x93\x05\x55\x58\x01\x46\x33\x85\xc5\x00\x03\x45" +
	"\x05\x00\x05\x06\x7d\xf9\x7d\x16\x88\x00\x09\xa2\x05\x4b\x17\x55\x00\x00\x87\x37\xa5\x12\x17\x55\x00\x00\x07\x37\xa5\x27\x53\x95" +
	"\xa7\xa2\xd3\x15\xe5\xa2\x6d\x8d\x01\xe5\xd3\x07\xa5\x22\x29\xa0\x53\x15\x25\xc2\xd3\x77\x25\xd2\x53\x77\xf5\x0a\xd3\x76\x3b\xd2" +
	"\xd3\x76\xd7\x12\x17\x55\x00\x00\x07\x37\xc5\x1b\x53\x9d\x36\xc2\x53\x76\x3d\xd2\xd3\xf6\xc6\x0a\x53\x15\xd7\xa2\x19\xe5\x13\x75" +
	"\x1d\x00\x09\xc5\x53\xa5\xe6\xa2\x11\xc1\x05\x0d\x63\x68\x6d\x01\x17\x55\x00\x00\x07\x37\x85\x13\xd3\xf7\xe7\x02\x17\x55\x00\x00" +
	"\x07\x37\xc5\x10\x53\x95\xe7\xa2\x19\xc5\xd3\x95\x37\xc2\x88\x00\xef\x00\xb0\x0e\x31\xa0\x88\x00\x53\x85\xf7\x22\xef\x40\x60\x6e" +
	"\x02\x65\x63\x5d\xa0\x0a\x33\x35\x6d\x01\x7d\x15\x33\x75\x65\x01\x33\x04\xad\x40\x88\x00\x85\x45\xef\x30\x00\x66\x02\x66\x46\x65" +
	"\xa6\x65\x93\x06\x15\x00\xb6\xe8\x2e\x95\x93\x05\xe0\x02\x23\x00\xb5\x00\x13\x05\xf6\xff\x05\x48\xa9\x47\x44\x01\x97\x55\x00\x00" +
	"\x83\xb5\x45\x0d\xb3\x35\xb4\x02\x8d\x81\xb3\x86\xf5\x02\x15\x9c\x13\x64\x04\x03\xb3\x86\xa4\x00\x13\x07\x15\x00\x7d\x15\x23\x80" +
	"\x86\x00\x2e\x84\xe3\x6c\xe8\xfc\x88\x00\x4c\x01\xef\xe0\x2f\xc6\xb1\xa0\x13\x55\x06\x03\xe2\x65\x2e\x95\x89\x45\xe3\x61\xb5\xda" +
	"\xfd\x55\x13\x95\xf5\x03\x51\x8d\xce\x15\xe3\x0a\xb5\xd8\x42\x74\x69\xbb\x13\x55\x04\x03\xe2\x65\x2e\x95\x89\x45\xe3\x66\xb5\xdc" +
	"\xfd\x55\x13\x95\xf5\x03\x41\x8d\xce\x15\xe3\x0f\xb5\xda\x8c\x00\x42\x75\x22\x86\x81\x46\x01\x47\xef\xf0\xcf\xae\x46\x6d\x33\x05" +
	"\xac\x41\xb3\x35\xac\x00\xfd\x15\xb3\xf4\xa5\x00\x6a\x86\x63\x16\x09\x04\x6a\x86\x63\x73\x8d\x05\x33\x35\x50\x01\xc2\x65\x93\x85" +
	"\xd5\xf8\xb3\x35\xb0\x00\x6d\x8d\x13\x04\x00\x03\x19\xe1\x13\x04\x00\x02\x26\x85\x13\xbb\x14\x00\x26\x9b\x88\x10\x85\x45\xef\x30" +
	"\xa0\x57\x46\x75\xa6\x75\x13\x06\x15\x00\xb2\xf8\x2e\x95\x7d\x1b\x23\x00\x85\x00\xe3\x13\x0b\xfe\x46\x66\xa6\x65\x63\x17\x09\x04" +
	"\x63\x85\x0a\x04\x63\x73\x8d\x05\x29\xc2\x93\x06\xd0\x02\x13\x05\x30\x07\x42\x67\x63\x06\xa7\x06\x03\xc5\x05\x00\x63\x12\xd5\x06" +
	"\x26\x75\xc6\x75\x2e\x95\x05\x8d\x23\x00\xd5\x00\xa6\x65\x46\x66\x85\x05\x7d\x16\x88\x10\xef\xe0\x8f\xb7\x46\x75\xc6\x65\x26\x76" +
	"\x0d\x8d\x32\x95\x23\x00\x95\x01\x3d\xa8\x88\x10\xef\xe0\x2f\xb6\x93\x0a\x00\x02\x63\x09\x09\x02\x63\x77\x8d\x03\x13\xb4\x14\x00" +
	"\x26\x94\x88\x10\x85\x45\xef\x30\x20\x4f\x46\x75\xa6\x75\x13\x06\x15\x00\xb2\xf8\x2e\x95\x7d\x14\x23\x00\x55\x01\x7d\xf0\x21\xa0" +
	"\x88\x10\xef\xe0\xcf\xb2\x22\x6d\x13\x08\x50\x02\xf9\xbc\x17\x55\x00\x00\x93\x05\xb5\x31\x22\x85\x26\x86\x81\x46\xb2\x60\x12\x64" +
	"\xee\x74\x4e\x79\xae\x79\x0e\x7a\xee\x6a\x4e\x6b\xae\x6b\x0e\x6c\xea\x7c\x4a\x7d\xaa\x7d\x0a\x34\xea\x24\x51\x61\x6f\xe0\x4f\xa3" +
	"\x06\x74\xa6\x75\x46\x76\x11\xa0\x01\x46\x22\x85\xef\xe0\x5f\xb2\xb2\x60\x12\x64\xee\x74\x4e\x79\xae\x79\x0e\x7a\xee\x6a\x4e\x6b" +
	"\xae\x6b\x0e\x6c\xea\x7c\x4a\x7d\xaa\x7d\x0a\x34\xea\x24\x51\x61\x82\x80\x51\x71\x86\xf5\xa2\xf1\xa6\xed\xca\xe9\x32\x84\x41\x92" +
	"\xc1\x76\x9d\x26\x36\x96\x89\x46\xae\x84\x2a\x89\x63\x69\xd6\x02\x17\x55\x00\x00\x87\x36\x85\xe6\xd3\x07\x04\xf2\x53\x95\xf6\xa2" +
	"\xd3\x95\x27\xc2\x53\xf7\x25\xd2\x5d\xc5\x97\x55\x00\x00\x07\xb6\x65\xfa\xd3\x95\xc7\xa2\xc5\xc1\xd3\xa5\xe7\xa2\xc9\xcd\x2c\x09" +
	"\x22\x85\xef\x30\x60\x6e\x15\x45\x63\x90\xa4\x02\x02\xd5\x2a\x75\x8a\x75\x6a\x67\x4a\x76\xea\x76\x2a\xe9\x2e\xe5\x3a\xe1\x0c\x01" +
	"\x4a\x85\xef\x30\xd0\x58\x9d\xa2\xea\x75\x05\x45\x63\x96\xa5\x00\xca\x75\x8c\x61\x63\x8d\xa5\x14\x2a\x75\x8a\x75\x6a\x66\xaa\xf0" +
	"\xae\xec\xb2\xe8\x0d\x45\x00\x19\x8c\x08\x63\x9e\xa4\x06\x05\x46\x4a\x85\xef\x40\xb0\x39\x2a\xf0\x2e\xf4\x05\x46\x4a\x85\xa2\x85" +
	"\xef\x40\xd0\x38\x2a\xe4\x2e\xe8\x0c\x10\x4a\x85\x22\x86\xef\x40\xe0\x02\x2a\xfc\xae\xe0\x82\xc4\x2c\x18\x30\x00\x14\x01\xb8\x10" +
	"\x4a\x85\xef\x30\x40\x6f\x2a\x65\x86\x55\x13\x35\x15\x00\x7d\x15\x6d\x8d\x2a\xc9\xc5\xa8\xd3\xa5\xf7\xa2\x63\x8a\x05\x0e\x89\x45" +
	"\x63\xd9\x95\x08\x8d\x45\x63\x8b\xb4\x0e\x91\x45\x63\x90\xb4\x12\x97\x55\x00\x00\x87\xb6\x05\xee\xd3\x95\xd7\xa2\x6d\x8d\x45\xe1" +
	"\x53\x87\xf7\x22\x69\xa8\x14\x01\xb8\x10\x4a\x85\x22\x86\xef\x30\x80\x6a\x85\x45\x09\x46\x4a\x85\xef\x00\xc0\x35\x93\x05\x85\x00" +
	"\x41\x05\x2e\x86\x93\x06\x16\x00\x23\x00\x06\x00\x36\x86\xe3\x9b\xa6\xfe\x05\x46\x90\xe1\x06\x55\x2e\xfc\xb2\xe0\x82\xc4\x63\x93" +
	"\xc4\x06\x2d\xc1\x62\x75\xa6\x65\x06\x66\x2a\xf0\x2e\xf8\x32\xf4\x33\x35\xc0\x00\x81\x25\x93\xb5\x15\x00\x6d\x8d\x2a\xd8\x28\x00" +
	"\x10\x01\x14\x10\xca\x85\xef\x30\x10\x3b\x62\x65\xc2\x65\x22\x66\xb9\xa0\x85\x45\x63\x92\xb4\x0a\x97\x55\x00\x00\x87\xb6\x85\xe5" +
	"\xd3\x95\xd7\xa2\x6d\x8d\x19\xe1\x53\x87\xf7\x22\x53\x95\xe7\xa2\x19\xc5\x17\x55\x00\x00\x87\x37\x65\xcd\x53\x77\xf7\x02\x53\x04" +
	"\x07\xe2\x35\xa0\x89\x45\x63\x9f\xb4\x00\x09\xed\x08\x10\x10\x01\x34\x18\xca\x85\xef\x30\x30\x36\x42\x75\xa2\x75\x02\x76\x2a\xe9" +
	"\x2e\xe5\x32\xe1\x0c\x01\x4a\x85\xef\x30\x70\x3c\x2a\x84\x22\x85\xae\x70\x0e\x74\xee\x64\x4e\x69\x6d\x61\x82\x80\x53\x07\x00\xf2" +
	"\x53\x95\xe7\xa2\x39\xc9\x17\x55\x00\x00\x07\x36\xa5\xd5\x17\x55\x00\x00\x87\x35\x25\xde\x53\x76\xf6\x0a\x53\x95\xc6\xa2\xd3\x15" +
	"\xb6\xa2\x6d\x8d\x35\xe9\xd3\x07\xc6\x22\x9d\xa8\x53\x07\x00\xf2\x53\x95\xe7\xa2\x3d\xed\x41\xa0\x17\x55\x00\x00\x87\x35\x85\xdb" +
	"\x53\x07\x00\xf2\x53\x76\xf7\x0a\x53\x95\xc6\xa2\xd3\x15\xb6\xa2\x6d\x8d\x1d\xe5\xd3\x07\xc6\x22\x05\xa8\x17\x55\x00\x00\x07\x37" +
	"\x65\xd0\x17\x55\x00\x00\x07\x36\xe5\xd8\x53\xf7\xe7\x02\x53\x95\xe6\xa2\xd3\x15\xc7\xa2\x6d\x8d\x31\xe1\xd3\x07\xe7\x22\x99\xa0" +
	"\x53\x15\x26\xc2\xd3\x77\x25\xd2\x53\x15\xf6\xa2\x1d\xc1\x17\x55\x00\x00\x87\x36\xa5\xbf\x21\xa8\x53\x15\x26\xc2\xd3\x77\x25\xd2" +
	"\x53\x15\xf6\xa2\x19\xc5\x17\x55\x00\x00\x87\x36\x25\xbe\xd3\xf7\xd7\x02\xd3\x77\xf7\x0a\x53\x84\x07\xe2\x15\xbf\x53\x15\x27\xc2" +
	"\xd3\x77\x25\xd2\x53\x15\xf7\xa2\x7d\xd5\x17\x55\x00\x00\x07\x37\xe5\xbb\xd3\xf7\xe7\x02\xc5\xb7\x39\x71\x06\xfc\x22\xf8\x26\xf4" +
	"\x4a\xf0\x4e\xec\x2a\x84\x11\xc6\x17\x55\x00\x00\x13\x05\x85\xda\x29\xa0\x17\x55\x00\x00\x13\x05\x55\x07\x93\x04\x71\x00\x13\xf6" +
	"\xf5\x00\x2a\x96\x03\x46\x06\x00\xa3\x80\xc4\x00\x91\x81\x85\x04\xfd\xf5\x13\x09\x71\x00\x83\xc9\x04\x00\x85\x45\x22\x85\xef\x30" +
	"\xa0\x15\x08\x68\x0c\x64\x13\x06\x15\x00\x10\xe8\x2e\x95\xfd\x14\x23\x00\x35\x01\xe3\x91\x24\xff\xe2\x70\x42\x74\xa2\x74\x02\x79" +
	"\xe2\x69\x21\x61\x82\x80\x13\x06\xf0\x07\x63\x66\xb6\x00\x23\x00\xb5\x00\x05\x45\x82\x80\x13\x06\xf0\x7f\x63\x60\xb6\x02\x13\xd6" +
	"\x65\x00\x13\x66\x06\x0c\x23\x00\xc5\x00\x93\xf5\xf5\x03\x93\x85\x05\x08\xa3\x00\xb5\x00\x09\x45\x82\x80\x13\xd6\x05\x01\x15\xe6" +
	"\x13\xd6\xc5\x00\x13\x66\x06\x0e\x23\x00\xc5\x00\x13\x96\x45\x03\x69\x92\x13\x06\x06\x08\xa3\x00\xc5\x00\x93\xf5\xf5\x03\x93\x85" +
	"\x05\x08\x23\x01\xb5\x00\x0d\x45\x82\x80\x13\xd6\x25\x01\x13\x66\x06\x0f\x23\x00\xc5\x00\x13\x96\xe5\x02\x69\x92\x13\x06\x06\x08" +
	"\xa3\x00\xc5\x00\x13\x96\x45\x03\x69\x92\x13\x06\x06\x08\x23\x01\xc5\x00\x93\xf5\xf5\x03\x93\x85\x05\x08\xa3\x01\xb5\x00\x11\x45" +
	"\x82\x80\x01\x11\x06\xec\x22\xe8\x26\xe4\x2e\x84\xaa\x84\xb2\x85\x36\x86\xba\x86\xef\xf0\x2f\xd9\x93\x55\x05\x03\x21\x66\x9b\x06" +
	"\xc6\xff\x63\x84\xd5\x02\x61\x36\xb1\x8d\x93\xb5\x15\x00\x13\x16\x05\x01\x41\x82\xb3\x36\xc0\x00\xf5\x8d\x81\xe9\x14\x66\x41\x06" +
	"\x26\x85\xa2\x85\xef\xf0\x8f\xc8\x01\x45\xe2\x60\x42\x64\xa2\x64\x05\x61\x82\x80\x79\x71\x06\xf4\x22\xf0\x26\xec\x4a\xe8\x4e\xe4" +
	"\xba\x84\x36\x84\x32\x89\xae\x89\x13\x06\x47\x00\x9d\x45\xef\x00\x60\x04\x23\x34\x35\x01\x23\x38\x25\x01\x93\x95\x34\x00\x04\xed" +
	"\x91\xcd\x13\x06\x05\x02\xb2\x95\x83\x46\x04\x00\x05\x04\x13\x07\x16\x00\x23\x00\xd6\x00\x3a\x86\xe3\x18\xb7\xfe\x42\x05\x41\x81" +
	"\xfd\x55\xc6\x15\x4d\x8d\xa2\x70\x02\x74\xe2\x64\x42\x69\xa2\x69\x45\x61\x82\x80\x5d\x71\x86\xe4\xa2\xe0\x26\xfc\x4a\xf8\x4e\xf4" +
	"\x52\xf0\x56\xec\x5a\xe8\x5e\xe4\x2a\x84\x03\x3b\x85\x00\x08\x69\xb2\x89\x93\x1a\x36\x00\x33\x06\x5b\x01\x2e\x89\x63\x74\xc5\x08" +
	"\x37\x05\x00\x04\x56\x8a\x63\x64\x55\x01\x37\x0a\x00\x04\x08\x60\x0c\x75\x52\x85\x82\x95\x2a\x8b\x3d\xe1\x81\x44\x93\x0b\x44\x07" +
	"\x10\x78\x63\xfc\xc4\x00\x08\x60\x14\x61\xb3\x85\x9b\x00\x05\x8e\x05\x45\x82\x96\xaa\x94\xe3\x45\xa0\xfe\x08\x60\x14\x61\x23\x38" +
	"\x04\x02\x17\x55\x00\x00\x93\x05\xe5\xc5\x09\x45\x15\x46\x82\x96\x08\x60\x14\x61\x17\x55\x00\x00\x93\x05\xb5\xe9\x09\x45\x35\x46" +
	"\x82\x96\x08\x60\x14\x61\x17\x55\x00\x00\x93\x05\x45\xd7\x09\x45\x05\x46\x82\x96\x08\x60\x0c\x71\x13\x05\x60\x04\x82\x95\x5a\x9a" +
	"\x23\x38\x44\x01\xda\x9a\x23\x34\x54\x01\xa2\x09\x33\xe5\x29\x01\x23\x30\xab\x00\x5a\x85\xa6\x60\x06\x64\xe2\x74\x42\x79\xa2\x79" +
	"\x02\x7a\xe2\x6a\x42\x6b\xa2\x6b\x61\x61\x82\x80\x41\x11\x06\xe4\x22\xe0\x2e\x84\xa1\x45\x09\x46\xef\xf0\xdf\xf1\x93\x15\x05\x01" +
	"\xc1\x81\x7d\x56\x4e\x16\xd1\x8d\x00\xe5\x2e\x85\xa2\x60\x02\x64\x41\x01\x82\x80\x13\xd5\x05\x03\xc1\x66\xf9\x36\x63\x1f\xd5\x00" +
	"\x13\x95\x05\x01\x41\x81\x0c\x69\x93\x96\x05\x02\x13\xd7\x05\x02\x93\xd5\x06\x02\x09\xe7\x63\x86\xc5\x00\x01\x45\x82\x80\xe3\x6e" +
	"\xb6\xfe\x08\x65\x82\x80\x5d\x71\x86\xe4\xa2\xe0\x26\xfc\x4a\xf8\x4e\xf4\xae\x86\xc1\x91\x21\x67\x9b\x07\xc7\xff\x63\x8b\xf5\x08" +
	"\x32\x89\x2a\x84\x61\x37\x2d\x8f\x13\x35\x17\x00\x93\x94\x06\x01\xc1\x80\x33\x36\x90\x00\x71\x8d\x2d\xed\x41\x65\x79\x35\x63\x92" +
	"\xa5\x08\x22\xe4\x85\x45\x25\x46\x22\x85\xef\xf0\xbf\xe8\x93\x05\x85\x00\x13\x05\x85\x04\x2e\x86\x93\x06\x16\x00\x23\x00\x06\x00" +
	"\x36\x86\xe3\x9b\xa6\xfe\x2e\xe8\x83\xe9\x04\x01\x13\x05\x00\x04\x2a\xf0\x02\xec\x17\x55\x00\x00\x93\x05\x35\xd5\x28\x00\x3d\x46" +
	"\xef\xd0\xff\xc8\x03\xe5\x44\x01\x09\xc9\x17\x55\x00\x00\x93\x05\x35\xb3\x28\x00\x25\x46\xef\xd0\x9f\xc7\x28\x00\xce\x85\xef\x00" +
	"\xc0\x07\x05\x45\x63\x8e\xa9\x02\x17\x55\x00\x00\x93\x05\xf5\xb1\x25\xa8\x36\x85\xa6\x60\x06\x64\xe2\x74\x42\x79\xa2\x79\x61\x61" +
	"\x82\x80\x17\x55\x00\x00\x93\x05\x65\xc5\x22\x85\x36\x86\x81\x46\xa6\x60\x06\x64\xe2\x74\x42\x79\xa2\x79\x61\x61\x6f\xd0\x5f\xb7" +
	"\x17\x55\x00\x00\x93\x05\x45\x9d\x01\x46\x33\x85\xc5\x00\x03\x45\x05\x00\x05\x06\x7d\xf9\x7d\x16\x28\x00\xef\xd0\x5f\xc1\x28\x00" +
	"\xca\x85\xef\x00\x80\x01\xc2\x65\x62\x66\x22\x85\xa6\x60\x06\x64\xe2\x74\x42\x79\xa2\x79\x61\x61\x41\xa0\x39\x71\x06\xfc\x22\xf8" +
	"\x26\xf4\x4a\xf0\x4e\xec\xaa\x89\x81\x44\x17\x55\x00\x00\x03\x35\x65\x82\x0a\x86\x29\x48\x25\x47\xae\x87\xb3\xb5\xa5\x02\x8d\x81" +
	"\xb3\x86\x05\x03\xbb\x86\xd7\x40\x93\xe6\x06\x03\x23\x00\xd6\x00\x85\x24\x05\x06\xe3\x62\xf7\xfe\xfd\x14\x0a\x89\x33\x05\x99\x00" +
	"\x03\x44\x05\x00\x85\x45\x4e\x85\xef\x20\x10\x55\x03\xb5\x09\x01\x83\xb5\x89\x00\x13\x06\x15\x00\x23\xb8\xc9\x00\x2e\x95\x23\x00" +
	"\x85\x00\x1b\x85\x04\x00\xfd\x14\x71\xf9\xe2\x70\x42\x74\xa2\x74\x02\x79\xe2\x69\x21\x61\x82\x80\x93\x06\xf6\xff\x0d\x47\x63\x6b" +
	"\xd7\x04\x81\x46\x13\x07\xd0\x05\xb3\x87\xd5\x00\x83\xc7\x07\x00\x93\x87\xf7\xfd\x93\xf7\xf7\x0f\x63\x65\xf7\x00\x85\x06\xe3\xe5" +
	"\xc6\xfe\x93\x06\xd0\x05\x63\xe7\xf6\x02\x01\x45\x81\x46\x11\x47\x63\x77\xc5\x00\xb3\x87\xa5\x00\x83\xc7\x07\x00\x11\xa0\x81\x47" +
	"\xa2\x06\x05\x05\xdd\x8e\xe3\x15\xe5\xfe\x37\xf5\xff\x00\x1e\x15\x55\x8d\x82\x80\x41\x11\x06\xe4\xef\xe0\x8f\xb5\x42\x05\x41\x81" +
	"\xb7\xf5\xff\x01\x9a\x15\x4d\x8d\xa2\x60\x41\x01\x82\x80\x01\x11\x06\xec\x22\xe8\x26\xe4\x13\xd6\x05\x03\xa1\x66\x1b\x87\xc6\xff" +
	"\x63\x0c\xe6\x02\x2a\x84\xfd\x54\xc1\x80\xe1\x36\x35\x8e\x13\x35\x16\x00\x33\xf6\x95\x00\x33\x36\xc0\x00\x71\x8d\x11\xed\x22\x85" +
	"\xef\xe0\xdf\x8a\x65\x8d\x10\x65\x93\x05\x05\x01\x22\x85\xe2\x60\x42\x64\xa2\x64\x05\x61\x89\xb7\x2e\x85\xe2\x60\x42\x64\xa2\x64" +
	"\x05\x61\x82\x80\x41\x11\x06\xe4\x22\xe0\x13\xd6\x05\x03\xa1\x66\x1b\x87\xc6\xff\x63\x0f\xe6\x02\x7d\x54\x41\x80\xe1\x36\x35\x8e" +
	"\x13\x36\x16\x00\xb3\xf6\x85\x00\xb3\x36\xd0\x00\x75\x8e\x15\xe2\x91\x45\x0d\x46\xef\xf0\x1f\xc4\x69\x8c\xed\x55\xc2\x15\xc1\x8d" +
	"\x23\x34\x05\x00\x23\x08\x05\x00\x2e\x85\xa2\x60\x02\x64\x41\x01\x82\x80\xa2\x60\x02\x64\x41\x01\x09\xa0\x13\xd6\x05\x03\xa1\x66" +
	"\xf1\x36\x63\x18\xd6\x00\xc2\x05\xc1\x81\x6d\x55\x42\x15\x4d\x8d\x82\x80\x41\x11\x06\xe4\x01\x46\xe1\x46\xe1\x58\x13\x08\x31\x00" +
	"\xb3\xd7\xd5\x00\x13\xf7\xf7\x0f\x11\xc7\x33\x07\xc8\x00\x05\x06\x23\x00\xf7\x00\xe1\x16\xe3\x95\x16\xff\x93\x05\x31\x00\xef\xe0" +
	"\x2f\xa5\xa2\x60\x41\x01\x82\x80\x01\x11\x06\xec\x22\xe8\x26\xe4\x2e\x84\xaa\x84\x17\x45\x00\x00\x13\x06\x95\x7f\x8a\x86\x26\x85" +
	"\xef\x00\x40\x02\x11\xc9\x95\x45\x26\x85\x22\x86\xe2\x60\x42\x64\xa2\x64\x05\x61\x6f\xf0\xef\xf1\x02\x65\xe2\x60\x42\x64\xa2\x64" +
	"\x05\x61\x82\x80\x5d\x71\x86\xe4\xa2\xe0\x26\xfc\x4a\xf8\x4e\xf4\xae\x84\xaa\x89\xd3\x87\x05\xf2\xd3\xa5\xf7\xa2\x05\x45\x81\xc9" +
	"\xa6\x60\x06\x64\xe2\x74\x42\x79\xa2\x79\x61\x61\x82\x80\x36\x89\x32\x84\x93\xd5\x04\x03\x41\x76\x1d\x26\x2e\x96\x89\x46\xe3\x61" +
	"\xd6\xfe\x7d\x56\x93\x16\xf6\x03\xc5\x8e\x4e\x16\xe3\x8a\xc6\xfc\x21\x65\x1b\x06\xc5\xff\x63\x86\xc5\x08\x61\x35\x2d\x8d\x13\x35" +
	"\x15\x00\x93\x95\x04\x01\xc1\x81\xb3\x35\xb0\x00\x6d\x8d\x35\xe9\x4e\xe4\x85\x45\x25\x46\x4e\x85\xef\xf0\xdf\xb1\x93\x05\x85\x00" +
	"\x13\x05\x85\x04\x2e\x86\x93\x06\x16\x00\x23\x00\x06\x00\x36\x86\xe3\x9b\xa6\xfe\x01\x46\x2e\xe8\x13\x05\x00\x04\x2a\xf0\x02\xec" +
	"\x33\x05\xc4\x00\x03\x45\x05\x00\x05\x06\x7d\xf9\x7d\x16\x28\x00\xa2\x85\xef\xd0\xdf\x91\x17\x45\x00\x00\x93\x05\x55\x72\x28\x00" +
	"\x49\x46\xef\xd0\xdf\x90\x28\x00\xa6\x85\xef\x30\x70\x1f\xc2\x65\x62\x66\x4e\x85\xef\xf0\x5f\xd8\xaa\x85\x01\x45\x23\x30\xb9\x00" +
	"\x81\xb7\x01\x45\x23\x30\x99\x00\x25\xbf\x01\x11\x06\xec\x22\xe8\x26\xe4\x2e\x84\xaa\x84\x17\x55\x00\x00\x13\x06\x15\x9a\x8a\x86" +
	"\x26\x85\xef\xf0\x3f\xf0\x11\xc9\x85\x45\x26\x85\x22\x86\xe2\x60\x42\x64\xa2\x64\x05\x61\x6f\xf0\xcf\xdf\x02\x65\xe2\x60\x42\x64" +
	"\xa2\x64\x05\x61\x82\x80\x01\x11\x06\xec\x22\xe8\x26\xe4\x2e\x84\xaa\x84\x17\x45\x00\x00\x13\x06\x55\x65\x8a\x86\x26\x85\xef\xf0" +
	"\x7f\xec\x11\xc9\x89\x45\x26\x85\x22\x86\xe2\x60\x42\x64\xa2\x64\x05\x61\x6f\xf0\x0f\xdc\x02\x65\xe2\x60\x42\x64\xa2\x64\x05\x61" +
	"\x82\x80\x01\x11\x06\xec\x22\xe8\x26\xe4\x2e\x84\xaa\x84\x17\x45\x00\x00\x13\x06\x35\x66\x8a\x86\x26\x85\xef\xf0\xbf\xe8\x11\xc9" +
	"\x8d\x45\x26\x85\x22\x86\xe2\x60\x42\x64\xa2\x64\x05\x61\x6f\xf0\x4f\xd8\x02\x65\xe2\x60\x42\x64\xa2\x64\x05\x61\x82\x80\x01\x11" +
	"\x06\xec\x22\xe8\x26\xe4\x2e\x84\xaa\x84\x17\x45\x00\x00\x13\x06\xb5\x60\x8a\x86\x26\x85\xef\xf0\xff\xe4\x11\xc9\x91\x45\x26\x85" +
	"\x22\x86\xe2\x60\x42\x64\xa2\x64\x05\x61\x6f\xf0\x8f\xd4\x02\x65\xe2\x60\x42\x64\xa2\x64\x05\x61\x82\x80\x01\x11\x06\xec\x22\xe8" +
	"\x26\xe4\x2e\x84\xaa\x84\x17\x45\x00\x00\x13\x06\x65\x7b\x8a\x86\x26\x85\xef\xf0\x3f\xe1\x11\xc9\x26\x85\xa2\x85\xef\x00\x20\x7b" +
	"\xd3\x77\x05\x5a\x53\x85\x07\xe2\x11\xa0\x02\x65\xe2\x60\x42\x64\xa2\x64\x05\x61\x82\x80\x79\x71\x06\xf4\x22\xf0\x26\xec\x4a\xe8" +
	"\x36\x89\xae\x84\x2a\x84\x34\x00\xef\xf0\xdf\xdd\x09\xc9\x22\x85\xa6\x85\xef\x00\xc0\x77\x02\x99\x53\x05\x05\xe2\x11\xa0\x22\x65" +
	"\xa2\x70\x02\x74\xe2\x64\x42\x69\x45\x61\x82\x80\x17\x46\x00\x00\x13\x06\x16\x4f\x97\x06\x00\x00\x93\x86\xa6\x00\x6d\xbf\x53\x25" +
	"\xa5\xa2\x63\x05\x05\x12\x17\x45\x00\x00\x87\x37\x25\x42\x53\x95\xa7\xa2\x11\xc5\x17\x45\x00\x00\x07\x35\x45\x35\x82\x80\x17\x45" +
	"\x00\x00\x87\x37\xa5\x2f\x53\x15\xf5\xa2\x01\xc5\x53\x05\x00\xf2\x82\x80\x17\x45\x00\x00\x87\x37\xe5\x43\x17\x45\x00\x00\x07\x37" +
	"\x65\x3c\x17\x45\x00\x00\x87\x36\x65\x2f\x17\x45\x00\x00\x07\x36\x65\x44\xd3\x77\xf5\x1a\xd3\xf7\xe7\x02\x53\x95\xf6\xa2\xd3\x95" +
	"\xc7\xa2\x6d\x8d\x01\xe5\x53\x87\xf7\x22\x29\xa0\x53\x95\x27\xc2\x53\x77\x25\xd2\x53\x95\xe7\xa2\x19\xc5\x17\x45\x00\x00\x87\x37" +
	"\xe5\x2a\x53\x77\xf7\x02\x17\x45\x00\x00\x87\x37\xa5\x3c\x17\x45\x00\x00\x07\x36\x25\x2a\x97\x45\x00\x00\x87\xb6\x25\x31\xc3\x77" +
	"\xf7\x52\x43\x76\xc7\x7a\x61\x45\xd3\x85\xd6\x22\xd3\x87\xd6\x22\x53\x85\xd6\x22\x53\x70\xb6\x1a\x53\x75\x05\x12\xd3\xf7\xa7\x02" +
	"\x7d\x35\xd3\xf5\xd5\x02\x7d\xf5\x53\x15\x27\xc2\x07\xb7\x25\x31\x13\x06\x90\x3e\x63\x40\xc5\x02\x97\x45\x00\x00\x87\xb6\x05\x3e" +
	"\x93\x05\x00\x7d\x2a\x86\x53\x77\xd7\x12\x13\x05\x85\xc1\xe3\xeb\xc5\xfe\x15\xa0\x13\x06\x70\xc1\x63\x4f\xa6\x00\x97\x45\x00\x00" +
	"\x87\xb6\x45\x3c\x93\x05\x00\x83\x2a\x86\x53\x77\xd7\x12\x13\x05\x85\x3e\xe3\x6b\xb6\xfe\x52\x15\x93\x05\xf0\x3f\xd2\x15\x2e\x95" +
	"\xd3\x06\x05\xf2\x53\x77\xd7\x12\x53\xf5\xe7\x12\x82\x80\x17\x46\x00\x00\x13\x06\x56\x76\x97\x06\x00\x00\x93\x86\xa6\x00\xa5\xbd" +
	"\xd3\x07\x00\xf2\x53\x85\xa7\xa2\x11\xe5\x17\x45\x00\x00\x07\x35\xe5\x2f\x82\x80\x53\x25\xf5\xa2\x11\xc5\x17\x45\x00\x00\x07\x35" +
	"\x65\x28\x82\x80\x53\x15\x05\xe2\x62\x15\x63\x57\x05\x00\x17\x45\x00\x00\x07\x35\xa5\x1f\x82\x80\xd3\x05\x05\xe2\x13\x95\x15\x00" +
	"\x55\x91\x01\xc5\x13\x05\x15\xc0\x31\xa8\x17\x45\x00\x00\x07\x37\x65\x28\x53\x77\xe5\x12\xd3\x05\x07\xe2\x13\x95\x15\x00\x55\x91" +
	"\x13\x05\xb5\xbc\xb2\x05\xb1\x81\x17\x46\x00\x00\x87\x36\x86\x17\x13\x06\xf0\x3f\x52\x16\xd1\x8d\x53\x87\x05\xf2\xd3\x95\xe6\xa2" +
	"\x99\xc5\x17\x46\x00\x00\x87\x36\xe6\x23\x53\x77\xd7\x12\x17\x46\x00\x00\x07\x36\xa6\x15\x17\x46\x00\x00\x87\x36\x26\x1d\x53\x76" +
	"\xc7\x02\x53\x77\xd7\x02\x53\x76\xe6\x1a\x17\x46\x00\x00\x07\x37\x66\x15\xd3\x75\xc6\x12\x7d\x56\x93\x06\x60\x02\x53\x75\xd6\x1a" +
	"\xd3\xf7\xa7\x02\x53\xf6\xc5\x12\x09\x26\xd3\xf6\xe6\x02\xe3\x67\xd6\xfe\x2e\x95\x97\x45\x00\x00\x87\xb6\xc5\x1d\x97\x45\x00\x00" +
	"\x07\xb6\x45\x15\xd3\x05\x05\xd2\xd3\xf6\xd5\x12\xc3\xf7\xe7\x6a\x43\xf5\xc5\x7a\x82\x80\x17\x46\x00\x00\x13\x06\x56\x57\x97\x06" +
	"\x00\x00\x93\x86\xa6\x00\x85\xbb\x01\x11\x06\xec\x22\xa8\x26\xa4\x4a\xa0\x53\x04\xa5\x22\xef\xf0\xbf\xee\x17\x45\x00\x00\x87\x37" +
	"\xe5\x13\x17\x45\x00\x00\x07\x37\xe5\x19\x17\x45\x00\x00\x87\x36\xe5\x0c\x17\x45\x00\x00\x07\x36\xe5\x21\x53\x79\xf5\x1a\xd3\x77" +
	"\xe9\x02\x53\x95\xf6\xa2\xd3\x95\xc7\xa2\x6d\x8d\x01\xe5\xd3\x84\xf7\x22\x29\xa0\x53\x95\x27\xc2\xd3\x74\x25\xd2\x53\x95\x97\xa2" +
	"\x19\xc5\x17\x45\x00\x00\x87\x37\x65\x08\xd3\xf4\xf4\x02\xd3\x77\x99\x0a\x53\x07\x00\xf2\x53\x95\xe7\xa2\x19\xc1\xd3\x77\xf7\x0a" +
	"\x17\x45\x00\x00\x07\x37\x05\x09\x53\x95\xe4\xa2\x15\xc9\x17\x45\x00\x00\x07\x37\x25\x1e\x53\x15\x97\xa2\x1d\xc1\x17\x45\x00\x00" +
	"\x07\x37\xc5\x13\x53\x95\xe7\xa2\x01\xcd\x17\x45\x00\x00\x07\x35\xe5\x10\xd3\x85\x94\x22\xef\x30\x60\x42\x53\x25\x85\xa2\x19\xe1" +
	"\xd3\x04\x29\x23\x53\x85\x94\x22\xe2\x60\x42\x24\xa2\x24\x02\x29\x05\x61\x82\x80\x17\x46\x00\x00\x13\x06\xb6\x32\x97\x06\x00\x00" +
	"\x93\x86\xa6\x00\x49\xb9\x01\x11\x06\xec\x22\xa8\x17\x45\x00\x00\x87\x37\xc5\x11\x53\x25\xa5\xa2\x65\xc9\x53\x04\x00\xf2\x53\x15" +
	"\x85\xa2\x01\xe5\x53\x07\xa5\x22\x19\xa0\x53\x77\xa4\x0a\x53\x15\x07\xe2\x62\x15\x63\x4a\x05\x0c\x28\x00\xef\x30\xb0\x63\xa2\x27" +
	"\x53\xf7\xf7\x12\x53\x77\xe4\x0a\x25\xc5\x85\x45\x63\x09\xb5\x02\x89\x45\x63\x13\xb5\x08\x0d\x45\xe5\x45\xd3\x86\xf7\x22\x13\x06" +
	"\xf5\xff\x33\x06\xc5\x02\x53\x06\x06\xd2\x53\x76\xc7\x1a\xd3\xf6\xc6\x12\x09\x25\xd3\xf7\xd7\x02\xe3\x13\xb5\xfe\x61\xa0\x97\x45" +
	"\x00\x00\x87\xb7\xa5\x00\x93\x05\x45\xff\x06\x05\xd3\x86\xf7\x22\x13\x06\xf5\xff\x33\x06\xa6\x02\x53\x06\x06\xd2\x53\x76\xc7\x1a" +
	"\xd3\xf6\xc6\x12\xd3\xf7\xd7\x02\x85\x25\x09\x05\xf5\xf1\xa9\xa8\x0d\x45\xe5\x45\xd3\x86\xf7\x22\x13\x06\xf5\xff\x33\x06\xc5\x02" +
	"\x53\x06\x06\xd2\x53\x76\xc7\x1a\xd3\xf6\xc6\x12\x09\x25\xd3\xf7\xd7\x02\xe3\x13\xb5\xfe\x0d\xa8\x17\x45\x00\x00\x87\x37\x05\xfb" +
	"\x61\x45\xd3\x86\xf7\x22\x13\x86\xf5\xff\x33\x06\xb6\x02\x53\x06\x06\xd2\x53\x76\xc7\x1a\xd3\xf6\xc6\x12\x89\x25\xd3\xf7\xd7\x02" +
	"\xe3\x93\xa5\xfe\xd3\x77\xf4\x0a\x53\x85\xf7\x22\xe2\x60\x42\x24\x05\x61\x82\x80\x17\x46\x00\x00\x13\x06\xb6\x17\x97\x06\x00\x00" +
	"\x93\x86\xa6\x00\x8d\xbe\x01\x11\x06\xec\x22\xa8\x17\x45\x00\x00\x87\x37\xc5\xff\x53\x25\xa5\xa2\x65\xc9\x53\x04\x00\xf2\x53\x15" +
	"\x85\xa2\x01\xe5\x53\x07\xa5\x22\x19\xa0\x53\x77\xa4\x0a\x53\x15\x07\xe2\x62\x15\x63\x4a\x05\x0c\x28\x00\xef\x30\xb0\x51\xa2\x27" +
	"\x53\xf7\xf7\x12\x53\x77\xe4\x0a\x2d\xc5\x85\x45\x63\x0c\xb5\x02\x89\x45\x63\x18\xb5\x08\x17\x45\x00\x00\x87\x37\x25\xf1\x61\x45" +
	"\xd3\x86\xf7\x22\x13\x86\xf5\xff\x33\x06\xb6\x02\x53\x06\x06\xd2\x53\x76\xc7\x1a\xd3\xf6\xc6\x12\x89\x25\xd3\xf7\xd7\x02\xe3\x93" +
	"\xa5\xfe\x2d\xa0\x93\x05\x45\xff\x06\x05\xd3\x86\xf7\x22\x13\x06\x15\x00\x33\x06\xa6\x02\x53\x06\x06\xd2\x53\x76\xc7\x1a\xd3\xf6" +
	"\xc6\x12\xd3\xf7\xd7\x02\x85\x25\x09\x05\xf5\xf1\xd3\x77\xf4\x0a\xa1\xa8\x17\x45\x00\x00\x87\x37\x65\xeb\x09\x45\xe1\x45\xd3\x86" +
	"\xf7\x22\x13\x06\xf5\xff\x33\x06\xa6\x02\x53\x06\x06\xd2\x53\x76\xc7\x1a\xd3\xf6\xc6\x12\x09\x25\xd3\xf7\xd7\x02\xe3\x13\xb5\xfe" +
	"\x25\xa0\x0d\x45\xe5\x45\xd3\x86\xf7\x22\x13\x06\xf5\xff\x33\x06\xc5\x02\x53\x06\x06\xd2\x53\x76\xc7\x1a\xd3\xf6\xc6\x12\x09\x25" +
	"\xd3\xf7\xd7\x02\xe3\x13\xb5\xfe\x53\x85\xf7\x22\xe2\x60\x42\x24\x05\x61\x82\x80\x79\x71\x06\xf4\x22\xf0\x26\xec\x22\xa8\x26\xa4" +
	"\x2e\x84\xaa\x84\x17\x45\x00\x00\x13\x06\xd5\xf7\x8a\x86\x26\x85\xef\xf0\x5f\x83\x05\xc5\x26\x85\xa2\x85\xef\x00\x40\x1d\x53\x04" +
	"\xa5\x22\xef\xf0\x5f\xda\xd3\x04\xa5\x22\x53\x05\x84\x22\xef\xf0\x9f\xeb\xd3\xf7\xa4\x1a\x53\x85\x07\xe2\x11\xa0\x02\x65\xa2\x70" +
	"\x02\x74\xe2\x64\x42\x24\xa2\x24\x45\x61\x82\x80\x17\x46\x00\x00\x13\x06\xc6\xf2\x97\x06\x00\x00\x93\x86\xa6\x00\xed\xba\x17\x45" +
	"\x00\x00\x07\x37\xa5\xd6\x17\x45\x00\x00\x87\x37\x25\xe8\x53\x05\xa7\xa2\x1d\xc9\x17\x45\x00\x00\x87\x36\x45\xdd\x53\x05\xd5\xa2" +
	"\x05\xc5\x53\x25\xd5\xa2\x19\xe9\x53\x25\xe5\xa2\x01\xe9\xcb\x77\xa5\x6a\xd3\xf7\x07\x5a\x53\x75\xf5\x1a\xbd\xa0\x17\x45\x00\x00" +
	"\x87\x37\x45\xea\xd3\x77\xf5\x12\x53\x85\xf7\x22\x82\x80\x01\x11\x06\xec\x22\xe8\x26\xe4\x2e\x84\xaa\x84\x17\x45\x00\x00\x13\x06" +
	"\xb5\xec\x8a\x86\x26\x85\xef\xf0\xef\xf7\x05\xc1\x26\x85\xa2\x85\xef\x00\xe0\x11\xef\xf0\xbf\xf8\x17\x45\x00\x00\x87\x37\x85\xe6" +
	"\xd3\xf7\xa7\x0a\x53\x85\x07\xe2\x11\xa0\x02\x65\xe2\x60\x42\x64\xa2\x64\x05\x61\x82\x80\x17\x46\x00\x00\x13\x06\xd6\xf5\x97\x06" +
	"\x00\x00\x93\x86\xa6\x00\x81\xba\x53\x25\xa5\xa2\x45\xc5\x53\x07\x00\xf2\x53\x15\xe5\xa2\x01\xe5\xd3\x07\xa5\x22\x19\xa0\xd3\x77" +
	"\xa7\x0a\x17\x45\x00\x00\x87\x36\x65\xd2\x53\x95\xf6\xa2\x19\xc1\xd3\xf7\xf6\x1a\x97\x45\x00\x00\x87\xb6\x45\xd5\xd3\x95\xf6\xa2" +
	"\x85\xc5\x97\x45\x00\x00\x07\xb6\x65\xc8\x97\x45\x00\x00\x87\xb5\x65\xcf\x97\x45\x00\x00\x87\xb6\x65\xcc\x43\xf6\xb7\x62\xd3\xf7" +
	"\xb7\x02\xd3\x77\xf6\x1a\x19\xa0\xd3\x06\xe7\x22\x53\xf6\xf7\x12\x53\x77\xc7\x0a\x8d\x45\x13\x06\xd0\x03\x53\x86\xf7\x22\x53\x76" +
	"\xc7\x12\xd3\x85\x05\xd2\xd3\x75\xb6\x1a\x89\x25\xd3\xf7\xb7\x02\xe3\x97\xc5\xfe\x53\x07\x00\xf2\xd3\x15\xe5\xa2\x53\xf5\xf6\x02" +
	"\x19\xc5\x17\x45\x00\x00\x87\x37\xe5\xd9\x53\xf5\xa7\x0a\x99\xc1\x53\x75\xa7\x0a\x82\x80\x01\x11\x06\xec\x22\xe8\x26\xe4\x2e\x84" +
	"\xaa\x84\x17\x45\x00\x00\x13\x06\xa5\x0c\x8a\x86\x26\x85\xef\xf0\x6f\xe7\x01\xc9\x26\x85\xa2\x85\xef\x00\x60\x01\x53\x05\x05\xe2" +
	"\x11\xa0\x02\x65\xe2\x60\x42\x64\xa2\x64\x05\x61\x82\x80\x2e\x86\xc1\x91\xc1\x76\x95\x26\xb6\x95\xf5\x56\x63\xe5\xb6\x00\x53\x05" +
	"\x06\xf2\x82\x80\x71\x71\x06\xf5\x22\xf1\x26\xed\x4a\xe9\x4e\xe5\xaa\x89\x13\x09\xf0\x3f\x52\x19\x8c\x08\x32\x85\xef\x20\xc0\x46" +
	"\x46\x75\x39\xc1\x05\x46\x63\x14\xc5\x04\xa6\x75\x94\x61\x63\x91\xc6\x04\x88\x08\x8c\x00\xef\x30\xd0\x2b\x06\x65\x93\x05\x90\x3e" +
	"\x63\x49\xb5\x16\x97\x45\x00\x00\x87\xb7\x45\xc0\x97\x45\x00\x00\x07\xb7\xc5\xd0\x93\x05\x00\x7d\x2a\x86\xd3\xf7\xe7\x12\x13\x05" +
	"\x85\xc1\xe3\xeb\xc5\xfe\x01\xaa\x93\x04\x00\x04\x35\xa0\xa6\x75\x13\x16\x35\x00\xb2\x95\x83\xb5\x85\xff\x1a\x05\x89\xc9\x01\x46" +
	"\x63\xc9\x05\x00\x86\x05\x05\x06\xe3\xde\x05\xfe\x19\xa0\x13\x06\x00\x04\x11\x8d\x93\x04\x05\x04\xe6\x65\xa8\x10\x8d\xc1\x46\x66" +
	"\x93\x96\x35\x00\x36\x96\x03\x36\x86\xff\x9a\x05\x19\xca\x81\x46\x63\x4b\x06\x00\x06\x06\x85\x06\xe3\x5e\x06\xfe\x29\xa0\x81\x46" +
	"\x21\xa0\x93\x06\x00\x04\x8d\x8e\xb6\x94\xe6\x65\x46\x66\x14\x65\x08\x61\xae\xe4\xb2\xe0\x36\xfc\x2a\xf8\x63\x5b\x90\x00\xa0\x00" +
	"\x8c\x00\x4e\x85\x26\x86\xef\x30\x70\x0a\xaa\xe0\x0c\xe0\x19\xa0\x63\xc8\x04\x0a\x8c\x00\x10\x18\x14\x10\x18\x08\x4e\x85\xef\x20" +
	"\x60\x46\x62\x65\x01\xc9\x22\x75\x11\xc5\x02\x75\x0c\x61\x93\xe5\x15\x00\x0c\xe1\x08\x10\x2c\x00\xef\x30\xb0\x1d\x22\x65\x05\x8d" +
	"\x93\x05\x90\x3e\x63\x44\xb5\x02\x97\x45\x00\x00\x87\xb7\x05\xb2\x97\x45\x00\x00\x07\xb7\x85\xc2\x93\x05\x00\x7d\x2a\x86\xd3\xf7" +
	"\xe7\x12\x13\x05\x85\xc1\xe3\xeb\xc5\xfe\x35\xa0\x13\x06\x70\xc1\x97\x45\x00\x00\x87\xb7\x85\xaf\x63\x4f\xa6\x00\x97\x45\x00\x00" +
	"\x07\xb7\x45\xc0\x93\x05\x00\x83\x2a\x86\xd3\xf7\xe7\x12\x13\x05\x85\x3e\xe3\x6b\xb6\xfe\x52\x15\x4a\x95\x53\x07\x05\xf2\xd3\xf7" +
	"\xe7\x12\x53\x75\xf5\x12\x06\x55\xaa\x70\x0a\x74\xea\x64\x4a\x69\xaa\x69\x4d\x61\x09\xc5\xd3\x07\x00\xf2\x53\xf5\xa7\x0a\x82\x80" +
	"\x20\x18\x33\x06\x90\x40\x0c\x18\x4e\x85\xef\x30\x20\x7e\x2a\xf8\x35\xbf\x13\x06\x70\xc1\x97\x45\x00\x00\x87\xb7\x25\xa9\xe3\x4c" +
	"\xa6\xfa\x97\x45\x00\x00\x07\xb7\xe5\xb9\x93\x05\x00\x83\x2a\x86\xd3\xf7\xe7\x12\x13\x05\x85\x3e\xe3\x6b\xb6\xfe\x69\xbf\x79\x71" +
	"\x06\xf4\x22\xf0\x26\xec\x4a\xe8\x22\xa4\x32\x89\x2e\x84\xaa\x84\x17\x45\x00\x00\x13\x06\x35\xcf\x8a\x86\x26\x85\xef\xf0\x8f\xc4" +
	"\x39\xc5\x17\x45\x00\x00\x13\x06\x15\xce\x8a\x86\x26\x85\xca\x85\xef\xf0\x4f\xc3\x0d\xcd\x26\x85\xa2\x85\xef\xf0\x5f\xdd\x53\x04" +
	"\xa5\x22\x26\x85\xca\x85\xef\xf0\x9f\xdc\x53\x25\x84\xa2\xd3\x25\xa5\xa2\x6d\x8d\x3d\xcd\xd3\x07\xa5\x22\x53\x05\x00\xf2\x53\x15" +
	"\xf5\xa2\x01\xc9\x53\x75\xf4\x1a\xef\xf0\x1f\xcc\x91\xa0\x02\x65\x91\xa0\x53\x95\xa7\xa2\x19\xcd\x53\x07\x00\xf2\x53\x14\xe4\xa2" +
	"\x53\x75\xf4\x1a\xef\xf0\x5f\xca\x11\xcc\x17\x45\x00\x00\x87\x37\xe5\x9e\x29\xa8\x53\x15\x85\xa2\x0d\xc5\x17\x45\x00\x00\x07\x35" +
	"\x65\xac\x39\xa0\x17\x45\x00\x00\x87\x37\x45\xae\x53\x75\xf5\x02\x53\x05\x05\xe2\xa2\x70\x02\x74\xe2\x64\x42\x69\x22\x24\x45\x61" +
	"\x82\x80\x53\x15\xa4\xa2\x6d\xd5\x17\x45\x00\x00\x07\x35\x05\x94\xc5\xb7\x17\x45\x00\x00\x07\x35\x65\xa3\xd9\xbf\xae\x86\x99\x45" +
	"\x32\x87\x36\x86\xba\x86\x6f\xb0\xbf\xc4\x97\x46\x00\x00\x13\x87\x26\xb0\xfd\x56\x09\xa0\x1d\x71\x86\xec\xa2\xe8\xa6\xe4\xca\xe0" +
	"\x4e\xfc\x52\xf8\x56\xf4\x85\x47\x3a\x84\xb6\x89\x2a\x89\x63\x10\xf6\x02\x03\xba\x05\x00\x13\x55\x0a\x03\xc1\x65\xf1\x35\x63\x13" +
	"\xb5\x04\x42\x0a\x13\x55\x0a\x01\x0c\x6d\x10\x65\xa1\x05\x29\xc6\x03\xba\x05\x00\x13\x04\xf6\xff\x15\xc4\x93\x84\x85\x00\x85\x4a" +
	"\x56\xc4\x8c\x60\x34\x00\x4a\x85\x52\x86\xef\xc0\x7f\xa3\xa2\x45\xc1\xcd\x3b\x05\x35\x03\x63\x54\xa0\x00\x03\xba\x04\x00\x7d\x14" +
	"\xa1\x04\x79\xfc\x52\x85\xe6\x60\x46\x64\xa6\x64\x06\x69\xe2\x79\x42\x7a\xa2\x7a\x25\x61\x82\x80\x4a\xe4\x85\x45\x15\x46\x4a\x85" +
	"\xef\xe0\x5f\xe7\x93\x05\x85\x00\x13\x05\x85\x02\x2e\x86\x93\x06\x16\x00\x23\x00\x06\x00\x36\x86\xe3\x9b\xa6\xfe\x01\x46\x2e\xe8" +
	"\x13\x05\x00\x02\x2a\xf0\x02\xec\x33\x05\xc4\x00\x03\x45\x05\x00\x05\x06\x7d\xf9\x7d\x16\x28\x00\xa2\x85\xef\xc0\x5f\xc7\x17\x45" +
	"\x00\x00\x93\x05\x35\xbe\x28\x00\x2d\x46\xef\xc0\x5f\xc6\xc2\x65\x62\x66\x4a\x85\xe6\x60\x46\x64\xa6\x64\x06\x69\xe2\x79\x42\x7a" +
	"\xa2\x7a\x25\x61\x6f\xf0\x4f\x8d\x90\x60\x17\x45\x00\x00\x93\x05\x55\xcf\x4a\x85\xd2\x86\xe6\x60\x46\x64\xa6\x64\x06\x69\xe2\x79" +
	"\x42\x7a\xa2\x7a\x25\x61\x6f\xc0\xbf\xb6\x97\x46\x00\x00\x13\x87\x16\xaf\x85\x46\xcd\xb5\x39\x71\x06\xfc\x22\xf8\x26\xf4\x4a\xf0" +
	"\x4e\xec\x52\xe8\x32\x89\xae\x84\xaa\x89\x17\x45\x00\x00\x13\x06\xc5\xb8\x34\x00\x4e\x85\xef\xf0\xef\xa2\x51\xc1\x17\x45\x00\x00" +
	"\x13\x06\xa5\xb7\x34\x00\x4e\x85\xca\x85\xef\xf0\xaf\xa1\x25\xc9\x41\x7a\x1d\x2a\x95\x45\x4e\x85\x26\x86\xef\xe0\x9f\x91\x2a\x84" +
	"\x95\x45\x4e\x85\x4a\x86\xef\xe0\xdf\x90\x93\x55\x04\x03\xb3\x86\x45\x01\x09\x46\x63\xe9\xc6\x02\x97\x36\x00\x00\x07\xb7\x06\x78" +
	"\xd3\x07\x04\xf2\xd3\x16\xf7\xa2\xc9\xce\x97\x46\x00\x00\x07\xb7\x66\x8c\xd3\x96\xe7\xa2\xd1\xc6\xd3\x96\x27\xc2\x53\xf7\x26\xd2" +
	"\xd3\xa6\xe7\xa2\xbd\xce\x93\x56\x05\x03\x36\x9a\x63\x73\xca\x02\x41\x66\x69\x36\x63\x87\xc5\x06\x63\x9a\xc6\x04\x9d\xa0\xa2\x64" +
	"\x26\x85\xe2\x70\x42\x74\xa2\x74\x02\x79\xe2\x69\x42\x6a\x21\x61\x82\x80\x41\x66\x69\x36\x63\x86\xc6\x04\x63\x84\xc5\x04\x97\x35" +
	"\x00\x00\x07\xb7\xa5\x71\xd3\x07\x05\xf2\xd3\x15\xf7\xa2\x95\xc9\x97\x45\x00\x00\x07\xb7\x05\x86\xd3\x95\xe7\xa2\x9d\xc1\xd3\x95" +
	"\x27\xc2\x53\xf7\x25\xd2\xd3\xa5\xe7\xa2\x81\xcd\x15\xc9\xaa\x84\x95\x45\x4e\x85\x22\x86\xa6\x86\xef\xb0\x9f\xa1\x26\x84\x65\xf9" +
	"\x45\xb7\x17\x45\x00\x00\x93\x05\x85\x88\x49\x46\x4e\x85\xe2\x70\x42\x74\xa2\x74\x02\x79\xe2\x69\x42\x6a\x21\x61\x6f\xe0\xdf\xf7" +
	"\xa2\x84\xbd\xbf\x01\x11\x06\xec\x22\xe8\x26\xe4\x4a\xe0\x2a\x84\x28\x59\x11\xc5\x2c\x6c\x28\x68\x30\x70\x34\x74\x81\xa0\x08\x60" +
	"\x10\x79\x93\x04\x04\x05\x93\x05\x00\x02\x13\x09\x00\x02\x26\x85\x02\x96\x63\x14\x25\x01\x88\x60\x31\xa0\x17\x35\x00\x00\x03\x35" +
	"\xe5\x74\x21\x8d\x2c\x6c\x30\x70\x34\x74\x33\x67\xc5\x00\xb3\xe7\xd5\x00\xd9\x8f\x05\x47\x91\xe3\x05\x45\x38\xd8\x13\x97\x25\x00" +
	"\x2e\x97\x93\x57\x97\x03\x1e\x07\x5d\x8f\x93\x17\x37\x00\x3e\x97\x93\x97\x15\x01\x29\x8e\xad\x8e\xb1\x8d\x2c\xec\x35\x8d\x28\xe8" +
	"\x3d\x8e\x30\xf0\x13\xd5\x36\x01\xb6\x16\x97\x35\x00\x00\x87\xb7\x65\x6b\xc9\x8e\x2d\x83\x53\x77\x37\xd2\xd3\x77\xf7\x12\x53\x85" +
	"\x07\xe2\x34\xf4\xe2\x60\x42\x64\xa2\x64\x02\x69\x05\x61\x82\x80\x71\x71\x06\xf5\x22\xf1\x26\xed\x4a\xe9\x4e\xe5\x52\xe1\xd6\xfc" +
	"\xda\xf8\xde\xf4\xe2\xf0\xe6\xec\xea\xe8\xee\xe4\x2e\x84\xd3\x87\x05\xf2\xd3\xa5\xf7\xa2\x8d\xc1\x22\x85\xaa\x70\x0a\x74\xea\x64" +
	"\x4a\x69\xaa\x69\x0a\x6a\xe6\x7a\x46\x7b\xa6\x7b\x06\x7c\xe6\x6c\x46\x6d\xa6\x6d\x4d\x61\x82\x80\xaa\x84\x13\x55\x04\x03\xc1\x75" +
	"\x9d\x25\x2e\x95\x89\x45\xe3\x69\xb5\xfc\x7d\x55\x93\x15\xf5\x03\xc1\x8d\x4e\x15\xe3\x82\xa5\xfc\x17\x35\x00\x00\x13\x06\xf5\x7d" +
	"\x94\x00\x26\x85\xa2\x85\xef\x00\xe0\x2b\x63\x01\x05\x12\x13\x15\x04\x01\x93\x5c\x05\x01\x83\xbb\x8c\x00\x13\x8c\x0c\x01\x05\x45" +
	"\x2a\xec\x01\x4d\x63\x88\x0b\x02\x93\x05\x00\x02\x37\x05\x80\x00\x4d\x25\x13\x16\x95\x00\x33\x05\xac\x01\x83\x46\x05\x00\x63\xe5" +
	"\xd5\x10\xb3\x56\xd6\x00\x85\x8a\x63\x80\x06\x10\x05\x0d\xe3\x94\xab\xff\x5e\x8d\x13\x05\x1d\x00\xa9\x49\x63\x77\x75\x05\xb3\x05" +
	"\xac\x01\x83\xc5\x05\x00\x13\x06\x00\x03\x63\x9f\xc5\x02\x62\x95\x03\x45\x05\x00\x13\x65\x05\x02\x93\x05\xe5\xf9\x59\x46\x63\x65" +
	"\xb6\x02\x37\x26\x40\x00\x05\x26\xb3\x55\xb6\x00\x85\x89\x89\xcd\x93\x05\xf0\x06\xa1\x49\x63\x03\xb5\x00\x89\x49\x93\x05\x80\x07" +
	"\x63\x13\xb5\x00\xc1\x49\x09\x0d\x33\x0a\xac\x01\x33\x86\xab\x41\x98\x00\x26\x85\xd2\x85\xce\x86\xef\x00\x40\x2d\x06\x6b\x2a\x89" +
	"\x63\x08\x0b\x06\xa9\x4d\x33\x0a\xab\x01\x63\x90\xb9\x0f\x63\x7e\x7a\x0d\x33\x05\x4c\x01\x03\x45\x05\x00\x93\x05\xe0\x02\x63\x16" +
	"\xb5\x0c\x05\x0a\xb3\x0a\x4c\x01\x52\xe8\x33\x86\x4b\x41\xa9\x46\x98\x00\x26\x85\xd6\x85\xef\x00\x60\x29\x06\x6a\x2a\xe4\x63\x0f" +
	"\x0a\x06\x01\x45\x66\x9b\x52\x9d\xb3\x05\x6d\x01\xc5\x05\x03\xc6\x0a\x00\x13\x06\x16\xfa\x33\x36\xc0\x00\x85\x0a\x32\x95\xe3\x98" +
	"\xba\xfe\xd3\x77\x35\xd2\xd3\x86\x07\xe2\x91\xa8\x06\x64\x69\xb5\x63\x7e\x7d\x11\x29\x45\x63\x9b\xa9\x10\x03\x45\x0a\x00\x93\x05" +
	"\xe0\x02\xe3\x01\xb5\xf8\x19\xa2\xe3\x76\x7d\xf1\x93\x85\xfc\x00\x13\x06\x00\x02\xb7\x06\x80\x00\xcd\x26\xa6\x06\x33\x87\x75\x01" +
	"\x03\x47\x07\x00\x63\x6f\xe6\x12\x33\xd7\xe6\x00\x05\x8b\x63\x0a\x07\x12\xfd\x1b\xe3\x64\x7d\xff\xea\x8b\xe9\xbd\x81\x46\x37\x96" +
	"\x00\x01\x1a\x16\x99\x45\x26\x85\xef\xb0\x8f\xf4\xaa\x86\x91\x45\x26\x85\x22\x66\xef\xb0\xcf\xf3\xaa\x86\x85\x45\x26\x85\x4a\x86" +
	"\xef\xb0\x0f\xf3\x2a\x89\x42\x65\x2a\x9a\x63\x98\xb9\x09\x63\x76\x7a\x09\x33\x05\x4c\x01\x03\x45\x05\x00\x13\x75\xf5\x0d\x93\x05" +
	"\x50\x04\x63\x1c\xb5\x06\x93\x09\x1a\x00\x85\x4a\x63\xf4\x79\x03\x33\x05\x3c\x01\x03\x45\x05\x00\x93\x05\xd0\x02\x63\x06\xb5\x00" +
	"\x93\x05\xb0\x02\x63\x18\xb5\x00\x93\x09\x2a\x00\x13\x05\x35\xfd\xb3\x3a\xa0\x00\xb3\x05\x3c\x01\x33\x86\x3b\x41\xa9\x46\x98\x00" +
	"\x26\x85\xef\x00\xa0\x18\x06\x6a\x63\x02\x0a\x04\xaa\x86\x63\x97\x0a\x00\x26\x85\xb6\x85\xef\xc0\x5f\x97\xaa\x86\x4e\x9a\x37\x96" +
	"\x00\x01\x1a\x16\x99\x45\x26\x85\xef\xb0\x8f\xea\xaa\x86\x8d\x45\x26\x85\x4a\x86\xef\xb0\xcf\xe9\x2a\x89\x63\x19\x7a\x01\x62\x65" +
	"\x39\xed\x26\x85\xca\x85\xef\xc0\x5f\x94\x89\xa8\x26\xf0\x85\x45\x25\x46\x26\x85\xef\xe0\x1f\x94\x93\x05\x85\x00\x13\x05\x85\x04" +
	"\x2e\x86\x93\x06\x16\x00\x23\x00\x06\x00\x36\x86\xe3\x9b\xa6\xfe\x2e\xf4\x02\xf8\x13\x05\x00\x04\x2a\xfc\x17\x35\x00\x00\x93\x05" +
	"\x15\x54\x08\x10\x39\x46\xef\xc0\x8f\xf4\x08\x10\xa2\x85\xef\x00\xc0\x21\xa2\x75\x42\x76\x26\x85\xef\xe0\x1f\xbc\x2a\x89\x4a\x84" +
	"\x21\xbb\x03\x45\x05\x00\x93\x05\xb0\x02\x63\x06\xb5\x00\x93\x05\xd0\x02\xe3\x11\xb5\xda\x05\x0d\x13\x05\x35\xfd\x33\x35\xa0\x00" +
	"\x2a\xec\x49\xbb\x5d\x71\x86\xe4\xa2\xe0\x26\xfc\x4a\xf8\x4e\xf4\x32\x84\xae\x84\xaa\x89\xc1\x91\x41\x65\x1b\x06\xb5\xff\x05\x45" +
	"\x63\x8f\xc5\x08\x36\x89\x21\x65\x1b\x06\xc5\xff\x63\x86\xc5\x08\x61\x35\x2d\x8d\x13\x35\x15\x00\x93\x95\x04\x01\xc1\x81\xb3\x35" +
	"\xb0\x00\x6d\x8d\x35\xe9\x4e\xe4\x85\x45\x25\x46\x4e\x85\xef\xe0\x7f\x88\x93\x05\x85\x00\x13\x05\x85\x04\x2e\x86\x93\x06\x16\x00" +
	"\x23\x00\x06\x00\x36\x86\xe3\x9b\xa6\xfe\x01\x46\x2e\xe8\x13\x05\x00\x04\x2a\xf0\x02\xec\x33\x05\xc4\x00\x03\x45\x05\x00\x05\x06" +
	"\x7d\xf9\x7d\x16\x28\x00\xa2\x85\xef\xc0\x6f\xe8\x17\x35\x00\x00\x93\x05\xa5\x51\x28\x00\x49\x46\xef\xc0\x6f\xe7\x28\x00\xa6\x85" +
	"\xef\x20\x00\x76\xc2\x65\x62\x66\x4e\x85\xef\xe0\xff\xae\xaa\x85\x01\x45\x23\x30\xb9\x00\x21\xa0\x01\x45\x23\x30\x99\x00\xa6\x60" +
	"\x06\x64\xe2\x74\x42\x79\xa2\x79\x61\x61\x82\x80\x59\x71\x86\xf4\xa2\xf0\xa6\xec\xca\xe8\xce\xe4\xd2\xe0\x56\xfc\x5a\xf8\x5e\xf4" +
	"\x62\xf0\x66\xec\x6a\xe8\x6e\xe4\x71\xce\x36\x8c\xb2\x8a\x2e\x8b\x2a\x8a\x3a\xe0\x81\x49\x01\x45\x81\x44\x81\x4b\x05\x44\x93\x0c" +
	"\xf0\x05\x25\x4d\x93\x1d\x04\x03\x85\x0d\x15\x49\xb3\x05\x9b\x00\x83\xc5\x05\x00\x05\x89\x19\xc1\x63\x86\x95\x07\x13\x85\x05\xfd" +
	"\x13\x75\xf5\x0f\x63\x65\xad\x00\x13\x85\x05\xfd\x09\xa8\x13\xe5\x05\x02\x93\x05\xf5\xf9\x63\x6c\xb9\x04\x13\x05\x95\xfa\x02\x15" +
	"\x01\x91\x63\x76\x85\x05\xb3\x8b\x8b\x03\x33\x04\x84\x03\xaa\x9b\x63\x6a\xb4\x03\x52\x85\xa2\x85\xef\xd0\x4f\x91\xaa\x86\x8d\x45" +
	"\x52\x85\x4e\x86\xef\xb0\xcf\xca\xaa\x89\x52\x85\xde\x85\xef\xd0\xef\x8f\xaa\x86\x85\x45\x05\x44\x52\x85\x4e\x86\xef\xb0\x4f\xc9" +
	"\xaa\x89\x81\x4b\x85\x04\x05\x45\xe3\x92\x9a\xf8\xd6\x84\x09\x45\x63\x68\xa4\x02\x52\x85\xa2\x85\xef\xd0\x4f\x8d\xaa\x86\x8d\x45" +
	"\x52\x85\x4e\x86\xef\xb0\xcf\xc6\x2a\x84\x52\x85\xde\x85\xef\xd0\xef\x8b\xaa\x86\x85\x45\x52\x85\x22\x86\xef\xb0\x6f\xc5\xaa\x89" +
	"\x02\x67\x19\xa0\x81\x44\x81\x49\x04\xe3\x4e\x85\xa6\x70\x06\x74\xe6\x64\x46\x69\xa6\x69\x06\x6a\xe2\x7a\x42\x7b\xa2\x7b\x02\x7c" +
	"\xe2\x6c\x42\x6d\xa2\x6d\x65\x61\x82\x80\x75\x71\x06\xe5\x22\xe1\xa6\xfc\xca\xf8\xce\xf4\xd2\xf0\xd6\xec\xda\xe8\xde\xe4\xe2\xe0" +
	"\x66\xfc\x6a\xf8\x6e\xf4\xae\x84\x2a\x84\x85\x45\xef\x10\xc0\x6a\x08\x68\x0c\x64\x13\x06\x15\x00\x10\xe8\x2e\x95\x93\x0b\x20\x02" +
	"\x23\x00\x75\x01\xc2\x04\x93\xdc\x04\x01\x03\xb5\x8c\x00\x63\x0d\x05\x10\x81\x44\x13\x8d\x0c\x01\xb1\x4d\xa5\x49\x17\x35\x00\x00" +
	"\x93\x0a\xc5\x57\x29\x4b\x17\x35\x00\x00\x13\x05\xa5\x5b\x2a\xf0\x17\x35\x00\x00\x13\x05\xd5\x43\x2a\xe4\x17\x35\x00\x00\x13\x05" +
	"\xd5\x54\x2a\xe0\x13\x0a\xc0\x05\x17\x35\x00\x00\x13\x05\x55\x32\x2a\xec\x17\x35\x00\x00\x13\x05\xe5\x3c\x2a\xe8\x17\x35\x00\x00" +
	"\x13\x0c\xd5\x38\x33\x05\x9d\x00\x03\x49\x05\x00\x63\xdd\x2d\x01\x63\x03\x49\x03\x63\x05\x79\x03\x35\x45\x63\x11\xa9\x04\x09\x46" +
	"\x22\x85\xe2\x85\x25\xa0\x63\x00\x39\x03\x63\x19\x69\x03\x09\x46\x22\x85\x82\x75\x21\xa8\x09\x46\x22\x85\xe2\x65\x01\xa8\x09\x46" +
	"\x22\x85\xc2\x65\x21\xa0\x09\x46\x22\x85\xd6\x85\xef\xc0\x2f\xc4\x03\xb5\x8c\x00\x85\x04\xe3\xe7\xa4\xfa\xbd\xa0\x13\x05\x00\x02" +
	"\x63\x66\xa9\x00\x13\x05\xf0\x07\x63\x13\xa9\x04\x09\x46\x22\x85\xa2\x65\xef\xc0\xcf\xc1\x13\x55\x49\x00\x82\x6b\x5e\x95\x56\x8b" +
	"\x83\x4a\x05\x00\x85\x45\x22\x85\xef\x10\x00\x5b\x08\x68\x0c\x64\x13\x06\x15\x00\x10\xe8\x2e\x95\x23\x00\x55\x01\xda\x8a\x29\x4b" +
	"\x13\x75\xf9\x00\x5e\x95\x93\x0b\x20\x02\x03\x49\x05\x00\x85\x45\x22\x85\xef\x10\x60\x58\x08\x68\x0c\x64\x13\x06\x15\x00\x10\xe8" +
	"\x2e\x95\x23\x00\x25\x01\x69\xb7\x85\x45\x22\x85\xef\x10\xc0\x56\x08\x68\x0c\x64\x13\x06\x15\x00\x10\xe8\x2e\x95\x23\x00\x75\x01" +
	"\xaa\x60\x0a\x64\xe6\x74\x46\x79\xa6\x79\x06\x7a\xe6\x6a\x46\x6b\xa6\x6b\x06\x6c\xe2\x7c\x42\x7d\xa2\x7d\x49\x61\x82\x80\x41\x11" +
	"\x06\xe4\x22\xe0\x2a\x84\x2e\x85\xef\x00\x20\x02\xaa\x85\x01\x46\x33\x85\xc5\x00\x03\x45\x05\x00\x05\x06\x7d\xf9\x7d\x16\x22\x85" +
	"\xa2\x60\x02\x64\x41\x01\x6f\xc0\xbf\xba\xaa\x85\x13\x56\x05\x03\xa1\x66\x17\x35\x00\x00\x1b\x87\xc6\xff\x13\x05\x45\x31\x63\x00" +
	"\xe6\x08\xe1\x36\xb1\x8e\x93\xb6\x16\x00\xc2\x05\xc1\x81\xb3\x35\xb0\x00\xf5\x8d\xad\xe5\x41\x65\x9b\x05\xc5\xff\x63\xd2\xc5\x02" +
	"\x75\x35\x63\x0b\xa6\x02\x41\x65\x9b\x05\xe5\xff\x63\x0b\xb6\x02\x7d\x35\x63\x12\xa6\x04\x17\x35\x00\x00\x13\x05\xb5\x35\x82\x80" +
	"\x6d\x35\x63\x05\xa6\x02\x41\x65\x71\x35\x63\x16\xa6\x02\x17\x35\x00\x00\x13\x05\x55\x3f\x82\x80\x17\x35\x00\x00\x13\x05\x25\x09" +
	"\x82\x80\x17\x35\x00\x00\x13\x05\xb5\x3d\x82\x80\x17\x35\x00\x00\x13\x05\xf5\x38\x82\x80\x17\x35\x00\x00\x13\x05\x15\x0e\x82\x80" +
	"\x79\x71\x06\xf4\x22\xf0\x26\xec\xae\x84\x2a\x84\x17\x35\x00\x00\x13\x06\xc5\x3b\x14\x08\x22\x85\xef\xe0\xdf\x8e\x05\xcd\x22\x85" +
	"\xa6\x85\xef\xb0\xcf\x8d\xaa\x85\x41\x81\x41\x46\x63\x6a\xa6\x02\x37\x05\x20\x00\x1b\x05\x05\x80\x6d\x8d\x6d\x46\x2e\x06\x63\x01" +
	"\xc5\x02\x68\x00\xef\xe0\x2f\xb0\x2a\x86\x6c\x00\x22\x85\xef\xc0\x3f\xac\x11\xa0\x42\x65\xa2\x70\x02\x74\xe2\x64\x45\x61\x82\x80" +
	"\x17\x35\x00\x00\x93\x05\x95\x1b\x59\x46\x22\x85\xa2\x70\x02\x74\xe2\x64\x45\x61\x6f\xe0\x4f\xee\x01\x11\x06\xec\x22\xe8\x26\xe4" +
	"\xae\x84\x2a\x84\x17\x35\x00\x00\x13\x06\xc5\x0c\x8a\x86\x22\x85\xef\xf0\x5f\xb3\x19\xcd\x13\x95\x04\x01\x41\x81\x0c\x65\x85\xc1" +
	"\x41\x05\x0a\x86\xef\x00\x20\x03\xd3\x77\x35\xd2\x53\x85\x07\xe2\x11\xa0\x02\x65\xe2\x60\x42\x64\xa2\x64\x05\x61\x82\x80\x17\x35" +
	"\x00\x00\x93\x05\xe5\x30\x59\x46\x22\x85\xe2\x60\x42\x64\xa2\x64\x05\x61\x6f\xe0\x6f\xe8\xaa\x86\x03\x05\x05\x00\x93\x77\xf5\x0f" +
	"\x63\x46\x05\x00\x05\x45\x08\xe2\x3e\x85\x82\x80\x13\x85\x07\x01\x13\x75\xf5\x0f\x15\x47\x8d\x48\x63\x6c\xe5\x00\x13\x05\xf0\x0d" +
	"\x89\x48\x63\x67\xf5\x00\x13\x05\x10\x0c\x85\x48\x63\x7f\xf5\x06\x05\x45\x08\xe2\x41\x65\x75\x35\xe3\xf9\xb8\xfc\x93\x05\xf0\x03" +
	"\xbb\xd5\x15\x01\x33\xf3\xf5\x00\x13\x88\x18\x00\x85\x06\x93\x02\x00\x08\x46\x87\x83\xc5\x06\x00\x93\xf3\x05\x0c\xe3\x97\x53\xfa" +
	"\x9a\x87\x1a\x03\x93\xf5\xf5\x03\x33\x63\xb3\x00\x7d\x17\x85\x06\x75\xf3\x13\x05\xf0\x83\x19\x81\xe9\x8f\x41\x65\x93\x05\x00\x36" +
	"\x75\x35\xe3\x84\xb7\xf8\x93\x55\x03\x01\xc1\x46\xe3\xef\xb6\xf6\x8e\x08\x97\x35\x00\x00\x93\x85\xe5\x38\xc6\x95\x8c\x61\xe3\x66" +
	"\xb3\xf6\x23\x30\x06\x01\x1a\x85\x82\x80\x05\x45\x08\xe2\x41\x65\x75\x35\x82\x80\x01\x11\x06\xec\x22\xe8\x26\xe4\x2e\x84\xaa\x84" +
	"\x17\x35\x00\x00\x13\x06\x75\x25\x8a\x86\x26\x85\xef\xf0\x9f\xa1\x09\xc9\x26\x85\xa2\x85\xe2\x60\x42\x64\xa2\x64\x05\x61\x6f\xc0" +
	"\xff\xcb\x02\x65\xe2\x60\x42\x64\xa2\x64\x05\x61\x82\x80\x39\x71\x06\xfc\x22\xf8\x26\xf4\x4a\xf0\x4e\xec\x52\xe8\xae\x84\x2a\x89" +
	"\x17\x35\x00\x00\x13\x06\xd5\x1b\x34\x00\x4a\x85\xef\xf0\x9f\x9d\x29\xc5\xc2\x04\x93\xd9\x04\x01\x83\xb5\x89\x00\x4a\x85\xef\xc0" +
	"\x8f\x9b\x83\xb5\x89\x00\x2a\x8a\x95\xc9\x01\x44\x93\x84\x09\x01\x33\x85\x84\x00\x81\x8d\x30\x00\xef\xf0\xff\xeb\xd3\x77\x35\xd2" +
	"\x53\x86\x07\xe2\x4a\x85\xd2\x85\xef\xc0\xdf\xd3\x22\x65\x83\xb5\x89\x00\x2a\x94\xe3\x6e\xb4\xfc\x11\xa0\x22\x6a\x52\x85\xe2\x70" +
	"\x42\x74\xa2\x74\x02\x79\xe2\x69\x42\x6a\x21\x61\x82\x80\x17\x36\x00\x00\x13\x06\x26\xf7\x85\x46\x09\xa0\x79\x71\x06\xf4\x22\xf0" +
	"\x26\xec\x4a\xe8\x4e\xe4\x36\x84\xae\x84\x2a\x89\x8a\x86\xef\xf0\x7f\x95\x2d\xc1\x7d\x55\x93\x59\x05\x01\xb3\xf5\x34\x01\x90\x65" +
	"\xc1\x05\x4a\x85\xef\xc0\xdf\x88\xb3\x72\x35\x01\x03\xb6\x82\x00\x39\xc2\x81\x46\x93\x85\x02\x01\x65\x48\xe9\x48\x33\x87\xd5\x00" +
	"\x83\x44\x07\x00\x0d\xc0\x93\x87\xf4\xf9\x93\xf7\xf7\x0f\x63\xf8\x17\x01\x13\xc6\x04\x02\x23\x00\xc7\x00\x03\xb6\x82\x00\x85\x06" +
	"\xe3\xee\xc6\xfc\x09\xa8\x93\x87\xf4\xfb\x93\xf7\xf7\x0f\xe3\x72\xf8\xfe\xf5\xb7\x02\x65\xa2\x70\x02\x74\xe2\x64\x42\x69\xa2\x69" +
	"\x45\x61\x82\x80\x17\x36\x00\x00\x13\x06\x66\xf7\x81\x46\xb5\xb7\x79\x71\x06\xf4\x22\xf0\x26\xec\x4a\xe8\xae\x84\x2a\x89\x17\x35" +
	"\x00\x00\x13\x06\x45\xed\x34\x00\x4a\x85\xef\xf0\xbf\x8b\x2d\xc1\x13\x95\x04\x01\x13\x54\x05\x01\x10\x64\x25\xc6\x81\x46\x13\x05" +
	"\x04\x01\x15\x47\x93\x07\x00\x02\xb3\x05\xd5\x00\x83\xc4\x05\x00\x93\x85\x74\xff\x63\xf6\xe5\x00\x85\x06\xe3\x17\xd6\xfe\x81\xa0" +
	"\xe3\x8c\xf4\xfe\x63\xf0\xc6\x04\x93\x05\xf4\x00\x15\x47\x93\x07\x00\x02\x33\x85\xc5\x00\x83\x44\x05\x00\x13\x85\x74\xff\x63\x76" +
	"\xe5\x00\x7d\x16\xe3\xe7\xc6\xfe\x15\xa8\xe3\x8c\xf4\xfe\x19\xa8\x22\x65\xa2\x70\x02\x74\xe2\x64\x42\x69\x45\x61\x82\x80\xb2\x86" +
	"\x11\xa0\x81\x46\xb3\x05\xd4\x00\xc1\x05\x15\x8e\x4a\x85\xa2\x70\x02\x74\xe2\x64\x42\x69\x45\x61\x6f\xc0\x8f\xf7\x36\x86\xdd\xb7" +
	"\x1d\x71\x86\xec\xa2\xe8\xa6\xe4\xca\xe0\x4e\xfc\x52\xf8\x56\xf4\x5a\xf0\x5e\xec\x62\xe8\xb2\x89\x2e\x89\xaa\x8a\x17\x35\x00\x00" +
	"\x13\x06\x05\xe1\x34\x00\x56\x85\xef\xf0\xcf\xff\x25\xcd\x17\x35\x00\x00\x13\x06\xe5\xdf\x34\x00\x56\x85\xce\x85\xef\xf0\x8f\xfe" +
	"\x35\xc1\xfd\x54\xc1\x80\x91\x45\x56\x85\xef\xb0\xdf\xfc\x33\xfb\x99\x00\x83\x35\x8b\x00\x2a\x8a\xa1\xc9\x4a\x85\xce\x85\x01\x46" +
	"\xef\xc0\xff\x89\xb3\x7b\x99\x00\x63\x40\x05\x08\x2a\x84\x81\x44\x13\x8c\x0b\x01\xb3\x05\x9c\x00\x33\x06\x94\x40\x56\x85\xef\xc0" +
	"\x2f\xef\x2a\x86\x56\x85\xd2\x85\xef\xc0\xdf\xb3\x83\x34\x8b\x00\xa2\x94\x4a\x85\xce\x85\x26\x86\xef\xc0\x7f\x86\x2a\x84\xe3\x5b" +
	"\x05\xfc\xa1\xa0\x22\x6a\x85\xa0\x33\x79\x99\x00\x83\x35\x89\x00\xb9\xc9\x01\x44\x13\x0b\x09\x01\xb3\x04\x8b\x00\x81\x8d\x30\x00" +
	"\x26\x85\xef\xf0\x5f\xc7\xa2\x69\x56\x85\xa6\x85\x4e\x86\xef\xc0\x2f\xea\x2a\x86\x56\x85\xd2\x85\xef\xc0\xdf\xae\x83\x35\x89\x00" +
	"\x4e\x94\xe3\x6b\xb4\xfc\x05\xa0\x81\x44\x03\xb6\x8b\x00\xb3\x85\x9b\x00\xc1\x05\x05\x8e\x56\x85\xef\xc0\x8f\xe7\x2a\x86\x56\x85" +
	"\xd2\x85\xef\xc0\x3f\xac\x52\x85\xe6\x60\x46\x64\xa6\x64\x06\x69\xe2\x79\x42\x7a\xa2\x7a\x02\x7b\xe2\x6b\x42\x6c\x25\x61\x82\x80" +
	"\x59\x71\x86\xf4\xa2\xf0\xa6\xec\xca\xe8\xce\xe4\xd2\xe0\x56\xfc\x5a\xf8\x5e\xf4\x32\x89\xae\x84\xaa\x89\x17\x35\x00\x00\x13\x06" +
	"\x65\xd8\x34\x00\x4e\x85\xef\x00\x80\x0d\x4d\xc9\x17\x35\x00\x00\x13\x06\x45\xd7\x34\x00\x4e\x85\xca\x85\xef\xf0\xaf\xec\x59\xcd" +
	"\x4e\xe4\x85\x45\x25\x46\x4e\x85\xef\xd0\xdf\xf8\x93\x05\x85\x00\x13\x05\x85\x04\x2e\x86\x93\x06\x16\x00\x23\x00\x06\x00\x36\x86" +
	"\xe3\x9b\xa6\xfe\x7d\x55\x13\x5a\x05\x01\x2e\xe8\x02\xec\x13\x05\x00\x04\x2a\xf0\x33\xfb\x44\x01\x03\x35\x8b\x00\x35\xc1\x81\x44" +
	"\xb3\x7a\x49\x01\x13\x89\x0a\x01\x21\x44\xc1\x6b\xed\x3b\x99\xc4\x03\xb6\x8a\x00\x28\x00\xca\x85\xef\xb0\x7f\xd7\x03\x35\x8b\x01" +
	"\x22\x95\x10\x61\x13\x55\x06\x03\x63\x1a\x75\x01\xb3\x75\x46\x01\x90\x65\xc1\x05\x28\x00\xef\xb0\x9f\xd5\x39\xa0\x2c\x00\x4e\x85" +
	"\x81\x46\x01\x47\xef\xc0\x1f\xc2\x03\x35\x8b\x00\x85\x04\x21\x04\xe3\xef\xa4\xfa\xa2\x69\xc2\x65\x62\x66\x21\xa0\x22\x65\x29\xa0" +
	"\x01\x46\x4e\x85\xef\xc0\xcf\xd6\xa6\x70\x06\x74\xe6\x64\x46\x69\xa6\x69\x06\x6a\xe2\x7a\x42\x7b\xa2\x7b\x65\x61\x82\x80\x5d\x71" +
	"\x86\xe4\xa2\xe0\x26\xfc\x4a\xf8\x4e\xf4\x32\x84\xae\x84\xaa\x89\xc1\x91\x41\x65\x1b\x06\xc5\xff\x05\x45\x63\x8f\xc5\x08\x36\x89" +
	"\x21\x65\x1b\x06\xc5\xff\x63\x86\xc5\x08\x61\x35\x2d\x8d\x13\x35\x15\x00\x93\x95\x04\x01\xc1\x81\xb3\x35\xb0\x00\x6d\x8d\x35\xe9" +
	"\x4e\xe4\x85\x45\x25\x46\x4e\x85\xef\xd0\xdf\xe8\x93\x05\x85\x00\x13\x05\x85\x04\x2e\x86\x93\x06\x16\x00\x23\x00\x06\x00\x36\x86" +
	"\xe3\x9b\xa6\xfe\x01\x46\x2e\xe8\x13\x05\x00\x04\x2a\xf0\x02\xec\x33\x05\xc4\x00\x03\x45\x05\x00\x05\x06\x7d\xf9\x7d\x16\x28\x00" +
	"\xa2\x85\xef\xb0\xdf\xc8\x17\x35\x00\x00\x93\x05\xa5\xca\x28\x00\x4d\x46\xef\xb0\xdf\xc7\x28\x00\xa6\x85\xef\x10\x70\x56\xc2\x65" +
	"\x62\x66\x4e\x85\xef\xe0\x4f\x8f\xaa\x85\x01\x45\x23\x30\xb9\x00\x21\xa0\x01\x45\x23\x30\x99\x00\xa6\x60\x06\x64\xe2\x74\x42\x79" +
	"\xa2\x79\x61\x61\x82\x80\x59\x71\x86\xf4\xa2\xf0\xa6\xec\xca\xe8\xce\xe4\xd2\xe0\x56\xfc\x5a\xf8\x5e\xf4\x62\xf0\x36\x89\xb2\x89" +
	"\x2e\x8a\xaa\x84\x17\x35\x00\x00\x13\x06\xd5\x9f\x8a\x86\x26\x85\xef\xf0\x4f\xd1\x55\xc1\x17\x35\x00\x00\x13\x06\xb5\x9e\x8a\x86" +
	"\x26\x85\xce\x85\xef\xf0\x0f\xd0\x41\xc9\x17\x35\x00\x00\x13\x06\x75\x9d\x8a\x86\x26\x85\xca\x85\xef\xf0\xcf\xce\x35\xcd\x7d\x55" +
	"\x93\x5b\x05\x01\x33\xfb\x79\x01\x03\x35\x8b\x00\x3d\xc5\xb3\x7a\x7a\x01\x03\xb4\x8a\x00\x05\x04\x26\xe0\x26\x85\xa2\x85\xef\x00" +
	"\x60\x5d\x2a\xe4\x02\xe8\x22\xec\x52\x85\xce\x85\x01\x46\xef\xc0\x0f\xd9\x63\x41\x05\x06\x2a\x84\x81\x44\x13\x8c\x0a\x01\xb3\x7b" +
	"\x79\x01\x13\x89\x0b\x01\xb3\x05\x9c\x00\x33\x06\x94\x40\x0a\x85\xef\xb0\xff\xb9\x03\xb6\x8b\x00\x0a\x85\xca\x85\xef\xb0\x3f\xb9" +
	"\x83\x34\x8b\x00\xa2\x94\x52\x85\xce\x85\x26\x86\xef\xc0\x2f\xd5\x2a\x84\xe3\x5a\x05\xfc\x05\xa0\x02\x6a\x52\x85\xa6\x70\x06\x74" +
	"\xe6\x64\x46\x69\xa6\x69\x06\x6a\xe2\x7a\x42\x7b\xa2\x7b\x02\x7c\x65\x61\x82\x80\x81\x44\x03\xb6\x8a\x00\xb3\x85\x9a\x00\xc1\x05" +
	"\x05\x8e\x0a\x85\xef\xb0\xbf\xb4\x02\x65\xa2\x65\x42\x66\xa6\x70\x06\x74\xe6\x64\x46\x69\xa6\x69\x06\x6a\xe2\x7a\x42\x7b\xa2\x7b" +
	"\x02\x7c\x65\x61\x6f\xc0\xcf\xb6\x79\x71\x06\xf4\x22\xf0\x26\xec\x4a\xe8\x32\x89\x2e\x84\xaa\x84\x17\x35\x00\x00\x13\x06\x15\x8f" +
	"\x34\x00\x26\x85\xef\xf0\x0f\xc0\x1d\xc5\x17\x35\x00\x00\x13\x06\xf5\x8d\x34\x00\x26\x85\xca\x85\xef\xf0\xcf\xbe\x09\xcd\x7d\x55" +
	"\x41\x81\xb3\x76\xa9\x00\x8c\x66\x33\x76\xa4\x00\x08\x66\x63\x7b\xb5\x00\x01\x45\x11\xa0\x22\x65\xa2\x70\x02\x74\xe2\x64\x42\x69" +
	"\x45\x61\x82\x80\x13\x05\xf0\x3f\x52\x15\xfd\xd5\x41\x06\xc1\x06\x03\x47\x06\x00\x83\xc7\x06\x00\xe3\x1d\xf7\xfc\xfd\x15\x85\x06" +
	"\x05\x06\xfd\xf5\xd1\xbf\x79\x71\x06\xf4\x22\xf0\x26\xec\x4a\xe8\x32\x89\x2e\x84\xaa\x84\x17\x35\x00\x00\x13\x06\x45\x8c\x34\x00" +
	"\x26\x85\xef\xf0\x2f\xb8\x1d\xc5\x17\x35\x00\x00\x13\x06\x25\x8b\x34\x00\x26\x85\xca\x85\xef\xf0\xef\xb6\x09\xcd\x7d\x55\x41\x81" +
	"\xb3\x76\xa9\x00\x90\x66\xb3\x75\xa4\x00\x98\x65\x63\x7b\xc7\x00\x01\x45\x11\xa0\x22\x65\xa2\x70\x02\x74\xe2\x64\x42\x69\x45\x61" +
	"\x82\x80\x13\x05\xf0\x3f\x52\x15\x7d\xd6\xba\x95\xc1\x05\x33\x06\xc0\x40\xc1\x06\x33\x87\xc5\x00\x03\x47\x07\x00\x83\xc7\x06\x00" +
	"\xe3\x18\xf7\xfc\x05\x06\x85\x06\x75\xf6\xf1\xb7\x39\x71\x06\xfc\x22\xf8\x26\xf4\x4a\xf0\x4e\xec\x52\xe8\x56\xe4\x2e\x89\xc1\x91" +
	"\xc1\x66\xf1\x36\xb2\x89\x2a\x8a\x63\x9d\xd5\x02\x42\x09\x93\x5a\x09\x01\x03\xb5\x8a\x00\x13\x09\xf0\xbf\x52\x19\x2d\xc5\x81\x44" +
	"\x21\x44\x03\xb5\x8a\x01\x22\x95\x0c\x61\x52\x85\x4e\x86\xef\xa0\xff\xd7\x31\xe5\x03\xb5\x8a\x00\x85\x04\x21\x04\xe3\xe3\xa4\xfe" +
	"\x99\xa0\x17\x35\x00\x00\x13\x06\x65\x81\x8a\x86\x52\x85\xca\x85\xef\xf0\x4f\xab\x1d\xc1\x17\x35\x00\x00\x13\x06\x25\x80\x8a\x86" +
	"\x52\x85\xce\x85\xef\xf0\x0f\xaa\x09\xc9\x4a\x85\xce\x85\x01\x46\xef\xc0\xef\xb6\xd3\x77\x25\xd2\x29\xa0\x02\x69\x29\xa0\xd3\xf7" +
	"\x34\xd2\x53\x89\x07\xe2\x4a\x85\xe2\x70\x42\x74\xa2\x74\x02\x79\xe2\x69\x42\x6a\xa2\x6a\x21\x61\x82\x80\x79\x71\x06\xf4\x22\xf0" +
	"\x26\xec\x4a\xe8\x32\x89\x2e\x84\xaa\x84\x17\x25\x00\x00\x13\x06\x35\x6f\x34\x00\x26\x85\xef\xf0\x9f\xc4\x19\xc5\x26\x85\xa2\x85" +
	"\x4a\x86\xef\xc0\x2f\xde\x11\xa0\x22\x64\x22\x85\xa2\x70\x02\x74\xe2\x64\x42\x69\x45\x61\x82\x80\x01\x11\x06\xec\x22\xe8\x26\xe4" +
	"\xae\x84\x2a\x84\x17\x35\x00\x00\x13\x06\xe5\x8d\x8a\x86\x22\x85\xef\xf0\xff\xc0\x11\xcd\x13\x95\x04\x01\x41\x81\x0c\x65\x99\xcd" +
	"\x10\x6d\x93\x86\xf5\xff\x14\xe5\x8e\x05\xb2\x95\x88\x61\x11\xa0\x02\x65\xe2\x60\x42\x64\xa2\x64\x05\x61\x82\x80\x17\x25\x00\x00" +
	"\x93\x05\x15\x74\x59\x46\x22\x85\xe2\x60\x42\x64\xa2\x64\x05\x61\x6f\xd0\x9f\xd6\x17\x36\x00\x00\x93\x06\xe6\x95\x01\x46\x09\xa0" +
	"\x39\x71\x06\xfc\x22\xf8\x26\xf4\x4a\xf0\x4e\xec\x52\xe8\x56\xe4\x5a\xe0\x32\x89\xae\x8a\xaa\x89\x7d\x55\xc1\x91\x41\x66\x75\x36" +
	"\x41\x81\x63\x9a\xc5\x04\x33\xfa\xaa\x00\x83\x35\x8a\x00\x4e\x85\xef\xb0\x7f\x98\x83\x35\x0a\x01\xaa\x8a\xa5\xcd\x03\x34\x0a\x02" +
	"\x81\x44\x21\x04\x02\x19\x13\x59\xd9\x01\x37\xf5\xff\x00\x1e\x15\x13\x0b\xf5\x0f\x08\x60\x63\x0b\x65\x01\x33\x05\x24\x01\x10\x61" +
	"\x4e\x85\xd6\x85\xef\xc0\x0f\xd0\x83\x35\x0a\x01\x85\x04\x41\x04\xe3\xe2\xb4\xfe\x3d\xa8\x21\x66\x1b\x07\xc6\xff\x63\x8b\xe5\x02" +
	"\x61\x36\xb1\x8d\x93\xb5\x15\x00\x33\xf5\xaa\x00\x33\x35\xa0\x00\x6d\x8d\x05\xe1\x4e\x85\xb6\x85\x56\x86\x81\x46\xe2\x70\x42\x74" +
	"\xa2\x74\x02\x79\xe2\x69\x42\x6a\xa2\x6a\x02\x6b\x21\x61\x6f\xb0\x2f\xf6\x56\x85\xe2\x70\x42\x74\xa2\x74\x02\x79\xe2\x69\x42\x6a" +
	"\xa2\x6a\x02\x6b\x21\x61\x82\x80\x17\x36\x00\x00\x93\x06\x56\x93\x05\x46\x3d\xb7\x01\x11\x06\xec\x22\xe8\x26\xe4\x2e\x84\xc1\x91" +
	"\xc1\x66\x1b\x87\xd6\xff\x63\x8b\xe5\x04\xf1\x36\x63\x90\xd5\x08\x42\x04\x93\x54\x04\x01\x98\x64\x8a\x86\xb2\x85\x3a\x86\xef\xb0" +
	"\xbf\xb8\x4d\xc1\x82\x66\x8c\x6c\x13\x96\x36\x00\x88\x64\x2e\x96\x00\x66\x93\xc6\xf6\xff\xaa\x96\x8e\x06\x91\xce\x21\x06\x21\x06" +
	"\x0e\x05\x2e\x95\x21\x05\x83\x45\x06\x00\x23\x0c\xb6\xfe\x05\x06\xe3\x1b\xa6\xfe\x88\x64\x7d\x15\x88\xe4\xb5\xa8\xa2\x85\xef\xb0" +
	"\xbf\xbd\x63\x46\x05\x06\x42\x04\x93\x55\x04\x01\x90\x71\x12\x05\x32\x95\x00\x69\x37\xf6\xff\x00\x1e\x16\x13\x06\xf6\x0f\x10\xe5" +
	"\x23\x38\x05\x00\x88\x65\x7d\x15\x88\xe5\xb1\xa0\x21\x66\x9b\x06\xc6\xff\x63\x82\xd5\x04\x61\x36\xb1\x8d\x93\xb5\x15\x00\x13\x16" +
	"\x04\x01\x41\x82\x33\x36\xc0\x00\xf1\x8d\x95\xe5\x97\x25\x00\x00\x93\x85\x55\x71\x22\x86\x81\x46\xe2\x60\x42\x64\xa2\x64\x05\x61" +
	"\x6f\xb0\x0f\xe7\x17\x25\x00\x00\x03\x34\x45\x42\x29\xa0\x17\x25\x00\x00\x03\x34\x25\x3f\x22\x85\xe2\x60\x42\x64\xa2\x64\x05\x61" +
	"\x82\x80\x5d\x71\x86\xe4\xa2\xe0\x26\xfc\x4a\xf8\x4e\xf4\x52\xf0\x56\xec\x5a\xe8\x32\x84\xae\x84\x2a\x89\x17\x25\x00\x00\x13\x06" +
	"\x95\x7c\x34\x00\x4a\x85\xef\xf0\x9f\x9d\x51\xcd\x17\x25\x00\x00\x13\x06\x75\x7b\x34\x00\x4a\x85\xa2\x85\xef\xf0\x5f\x9c\x41\xc5" +
	"\x7d\x55\x93\x5a\x05\x01\x33\xfa\x54\x01\x83\x34\x8a\x00\x33\x7b\x54\x01\x03\x35\x8b\x00\x63\x13\x95\x08\x93\x99\x34\x00\xa1\x09" +
	"\x4a\x85\xce\x85\xef\x00\x00\x0b\x2a\x84\x4a\x85\xce\x85\xef\x00\x60\x0a\x2a\x86\x81\xc8\x01\x45\xa2\x85\x88\xe1\x05\x05\xa1\x05" +
	"\xe3\x9d\xa4\xfe\x83\x36\x8b\x01\xa1\x06\x4a\x85\xa2\x85\x26\x87\xef\x00\x00\x0c\x31\xc9\x4a\x85\xa6\x85\xef\xb0\xcf\xf5\xbd\xc4" +
	"\x01\x46\xb3\x75\x55\x01\xa6\x86\x33\x07\xc4\x00\x18\x63\x83\x37\x8a\x01\x0e\x07\x3e\x97\x9c\x6d\x18\x67\xb2\x97\x98\xe7\xfd\x16" +
	"\x21\x06\xfd\xf2\xb1\xa0\x22\x65\xa6\x60\x06\x64\xe2\x74\x42\x79\xa2\x79\x02\x7a\xe2\x6a\x42\x6b\x61\x61\x82\x80\x17\x25\x00\x00" +
	"\x93\x05\xb5\x53\x7d\x46\x39\xa0\x17\x25\x00\x00\x93\x05\xd5\x66\x13\x06\x50\x02\x4a\x85\xa6\x60\x06\x64\xe2\x74\x42\x79\xa2\x79" +
	"\x02\x7a\xe2\x6a\x42\x6b\x61\x61\x6f\xd0\x1f\xa9\xb3\x75\x55\x01\x84\xe5\x5d\xbf\x41\x11\x06\xe4\x22\xe0\x13\x84\x75\x00\x13\x56" +
	"\x34\x00\x05\x06\x85\x45\xef\xd0\xef\xfa\xaa\x85\x13\x76\x84\xff\x21\x05\x19\xca\xb2\x95\xa1\x05\x2a\x86\x93\x06\x16\x00\x23\x00" +
	"\x06\x00\x36\x86\xe3\x9b\xb6\xfe\xa2\x60\x02\x64\x41\x01\x82\x80\x59\x71\x86\xf4\xa2\xf0\xa6\xec\xca\xe8\xce\xe4\xd2\xe0\x56\xfc" +
	"\x5a\xf8\x5e\xf4\x62\xf0\x66\xec\x6a\xe8\x6e\xe4\x93\x59\x17\x00\x63\x82\x09\x10\x3a\x89\x36\x8a\x32\x8b\xae\x8c\xaa\x8a\x4e\x87" +
	"\xef\xf0\x1f\xfd\x7d\xc9\x93\x95\x39\x00\xe6\x95\x33\x07\x39\x41\x56\x85\x5a\x86\xd2\x86\xef\xf0\xbf\xfb\x65\xc1\x81\x4d\x81\x47" +
	"\x93\x06\x8b\x00\xce\x85\x3e\x8d\x2e\x8c\x93\x9b\x35\x00\xe6\x9b\x03\xb5\x0b\x00\x13\x94\x37\x00\x66\x94\x10\x60\x0e\x05\x52\x95" +
	"\x0c\x61\x0e\x06\x52\x96\x10\x62\xb6\x84\x05\x45\x2a\xc2\x54\x00\x56\x85\xef\xb0\xef\xa8\x92\x45\xc5\xc1\x63\x53\x05\x00\x5e\x84" +
	"\x93\x25\x05\x00\x13\xc7\x15\x00\xb3\x07\xed\x00\x9b\x55\xf5\x01\xe2\x95\x14\x60\x13\x86\x1d\x00\x8e\x0d\xda\x9d\x23\xb0\xdd\x00" +
	"\x63\xf7\x37\x01\x93\x86\x84\x00\xb2\x8d\xe3\xee\x25\xf9\x63\xf1\x37\x03\x81\x46\x3a\x9d\x33\x07\x3d\x41\x93\x17\x3d\x00\xe6\x97" +
	"\x80\x63\x80\xe0\xfd\x16\xa1\x04\xa1\x07\xe3\x1b\xd7\xfe\x15\x8e\x63\xf2\x25\x03\x93\x15\x36\x00\xda\x95\x7d\x91\x2a\x9c\x13\x15" +
	"\x3c\x00\x66\x95\x33\x06\x89\x41\x14\x61\x94\xe1\xa1\x05\x7d\x16\x21\x05\x7d\xfa\x93\x15\x39\x00\x05\x45\x85\xc1\xe6\x95\x03\x46" +
	"\x0b\x00\x05\x0b\x93\x86\x1c\x00\x23\x80\xcc\x00\xb6\x8c\xe3\x98\xb6\xfe\x21\xa0\x05\x45\x11\xa0\x01\x45\xa6\x70\x06\x74\xe6\x64" +
	"\x46\x69\xa6\x69\x06\x6a\xe2\x7a\x42\x7b\xa2\x7b\x02\x7c\xe2\x6c\x42\x6d\xa2\x6d\x65\x61\x82\x80\x2e\x86\xa5\xb3\x39\x71\x06\xfc" +
	"\x22\xf8\x26\xf4\x4a\xf0\x4e\xec\x52\xe8\x56\xe4\x2e\x84\xc1\x91\x41\x66\x6d\x36\x2a\x89\x63\x94\xc5\x06\x7d\x55\x93\x5a\x05\x01" +
	"\xb3\x79\x54\x01\x03\xba\x89\x00\xc1\x09\x4a\x85\xce\x85\x52\x86\xef\xb0\x1f\xc8\x2a\x89\x63\x0d\x0a\x08\x81\x44\x33\x75\x59\x01" +
	"\x52\x95\x93\x0a\x05\x01\x33\x84\x99\x00\xb3\x05\x9a\x40\x0a\x86\x22\x85\xef\xf0\x4f\xa2\x02\x65\x19\xcd\xb3\x85\x9a\x40\x33\x86" +
	"\xa5\x40\x83\x46\x04\x00\x05\x04\x13\x07\x16\x00\x23\x00\xd6\x00\x3a\x86\xe3\x18\xb7\xfe\xaa\x94\xe3\xe7\x44\xfd\x91\xa8\x17\x25" +
	"\x00\x00\x13\x06\xf5\x3c\x8a\x86\x4a\x85\xa2\x85\xef\xf0\x2f\xed\x1d\xcd\x7d\x55\x93\x59\x05\x01\xb3\x74\x34\x01\x80\x64\x4a\x85" +
	"\xa2\x85\xef\xb0\x4f\xcb\x2a\x89\x33\x75\x35\x01\x19\xcc\x93\x15\x34\x00\x21\x46\xa2\x86\x98\x6c\x2e\x97\x1c\x6d\x18\x63\xb2\x97" +
	"\x98\xe3\xfd\x16\x21\x06\xe1\x15\xfd\xf6\x00\xe5\x11\xa0\x02\x69\x4a\x85\xe2\x70\x42\x74\xa2\x74\x02\x79\xe2\x69\x42\x6a\xa2\x6a" +
	"\x21\x61\x82\x80\x79\x71\x06\xf4\x22\xf0\x26\xec\x4a\xe8\x4e\xe4\xae\x84\x2a\x89\x17\x25\x00\x00\x13\x06\x85\x33\x8a\x86\x4a\x85" +
	"\xef\xf0\xef\xe5\x15\xc9\xc2\x04\x93\xd9\x04\x01\x03\xb5\x89\x00\x15\xc5\x01\x44\x01\x46\xa1\x44\x03\xb5\x89\x01\x26\x95\x14\x61" +
	"\x85\x45\x4a\x85\xef\xa0\xcf\xa4\x83\xb5\x89\x00\x2a\x86\x05\x04\xa1\x04\xe3\x63\xb4\xfe\x21\xa0\x02\x66\x11\xa0\x01\x46\x32\x85" +
	"\xa2\x70\x02\x74\xe2\x64\x42\x69\xa2\x69\x45\x61\x82\x80\x59\x71\x86\xf4\xa2\xf0\xa6\xec\xca\xe8\xce\xe4\xd2\xe0\x56\xfc\x5a\xf8" +
	"\x5e\xf4\x62\xf0\x66\xec\x6a\xe8\x32\x89\xae\x84\xaa\x89\x17\x25\x00\x00\x13\x06\x25\x2c\x8a\x86\x4e\x85\xef\xf0\x4f\xde\x59\xcd" +
	"\x17\x25\x00\x00\x13\x06\x05\x2b\x8a\x86\x4e\x85\xca\x85\xef\xf0\x0f\xdd\x49\xc5\x7d\x55\x13\x5b\x05\x01\x33\xfa\x64\x01\x83\x3b" +
	"\x8a\x00\xb3\x7a\x69\x01\x03\xb5\x8a\x00\x63\xe3\xab\x00\xaa\x8b\x4e\x85\xde\x85\xef\xb0\x2f\xba\x2a\x89\x63\x83\x0b\x06\x81\x44" +
	"\xb3\x7c\x69\x01\x09\x4c\x03\x35\x8a\x01\x83\xb5\x8a\x01\x13\x9d\x34\x00\x6a\x95\x08\x65\xea\x95\x8c\x65\x2a\xe0\x2e\xe4\x89\x45" +
	"\x4e\x85\xef\xb0\x4f\xb7\xb3\x75\x65\x01\x90\x6d\x93\x06\x86\x00\x61\x06\x0a\x87\x83\x47\x07\x00\x05\x07\x13\x84\x16\x00\x23\x80" +
	"\xf6\x00\xa2\x86\xe3\x18\xc4\xfe\x23\xb4\x85\x01\x83\xb5\x8c\x01\xea\x95\x85\x04\x88\xe5\xe3\x98\x74\xfb\x29\xa0\x02\x69\x29\xa0" +
	"\xb3\x7c\x69\x01\x23\xb4\x7c\x01\x4a\x85\xa6\x70\x06\x74\xe6\x64\x46\x69\xa6\x69\x06\x6a\xe2\x7a\x42\x7b\xa2\x7b\x02\x7c\xe2\x6c" +
	"\x42\x6d\x65\x61\x82\x80\x59\x71\x86\xf4\xa2\xf0\xa6\xec\xca\xe8\xce\xe4\xd2\xe0\x56\xfc\x5a\xf8\x5e\xf4\x62\xf0\x66\xec\x2a\x8a" +
	"\x7d\x55\x93\x59\x05\x01\x52\x85\xef\xb0\x5f\xdb\xb3\x7a\x35\x01\x03\xbb\x8a\x00\x52\x85\xda\x85\xef\xb0\xef\xad\x2a\x89\x63\x0f" +
	"\x0b\x04\x01\x44\x33\x7c\x39\x01\x89\x4b\x03\xb5\x8a\x01\x93\x1c\x34\x00\x66\x95\x08\x65\xd3\x77\x34\xd2\x3e\xa4\x2a\xe8\x89\x45" +
	"\x52\x85\xef\xb0\x4f\xab\xb3\x75\x35\x01\x90\x6d\x93\x06\x86\x00\x61\x06\x38\x00\x83\x47\x07\x00\x05\x07\x93\x84\x16\x00\x23\x80" +
	"\xf6\x00\xa6\x86\xe3\x98\xc4\xfe\x23\xb4\x75\x01\x83\x35\x8c\x01\xe6\x95\x05\x04\x88\xe5\xe3\x1a\x64\xfb\x19\xa0\x33\x7c\x39\x01" +
	"\x23\x34\x6c\x01\x4a\x85\xa6\x70\x06\x74\xe6\x64\x46\x69\xa6\x69\x06\x6a\xe2\x7a\x42\x7b\xa2\x7b\x02\x7c\xe2\x6c\x65\x61\x82\x80" +
	"\x01\x11\x06\xec\x22\xe8\x26\xe4\x4a\xe0\x2a\x84\x0c\x6d\xef\xb0\x8f\xa4\x0c\x6c\x2a\x89\x9d\xc9\x81\x44\x08\x70\x93\x95\x34\x00" +
	"\x2e\x95\x0c\x61\x01\x46\x33\x85\xc5\x00\x03\x45\x05\x00\x05\x06\x7d\xf9\x7d\x16\x22\x85\xef\xb0\xbf\x97\x2a\x86\x22\x85\xca\x85" +
	"\xef\xb0\x5f\xdc\x08\x6c\x85\x04\xe3\xe9\xa4\xfc\x4a\x85\xe2\x60\x42\x64\xa2\x64\x02\x69\x05\x61\x82\x80\x79\x71\x06\xf4\x22\xf0" +
	"\x26\xec\x4a\xe8\xae\x84\x2a\x89\x17\x25\x00\x00\x13\x06\x85\x24\x34\x00\x4a\x85\xef\xe0\x1f\x9f\x31\xc9\x83\x35\x89\x02\x17\x25" +
	"\x00\x00\x03\x35\xa5\xdf\xa1\xc5\x80\x61\x31\xc0\xc2\x04\xc1\x80\x83\xb2\x84\x00\x93\x88\x04\x01\x13\x08\xd0\x03\xa2\x86\x46\x87" +
	"\x16\x86\x63\x8c\x02\x00\x83\xc4\x06\x00\x83\x47\x07\x00\x63\x9b\xf4\x00\x7d\x16\x05\x07\x85\x06\x7d\xf6\x16\x94\x03\x46\x04\x00" +
	"\x63\x0d\x06\x01\x80\x65\xa1\x05\x71\xf8\x11\xa0\x22\x65\xa2\x70\x02\x74\xe2\x64\x42\x69\x45\x61\x82\x80\x93\x05\x14\x00\x05\x46" +
	"\x33\x05\xc4\x00\x03\x45\x05\x00\x05\x06\x7d\xf9\x79\x16\x4a\x85\xa2\x70\x02\x74\xe2\x64\x42\x69\x45\x61\x6f\xb0\x7f\x8b\x59\x71" +
	"\x86\xf4\xa2\xf0\xa6\xec\xca\xe8\xce\xe4\xd2\xe0\x56\xfc\x5a\xf8\x5e\xf4\x62\xf0\xaa\x84\x2a\xe0\x85\x45\x25\x46\xef\xd0\x8f\xa1" +
	"\x93\x09\x85\x00\x13\x05\x85\x04\xce\x85\x13\x86\x15\x00\x23\x80\x05\x00\xb2\x85\xe3\x1b\xa6\xfe\x01\x4a\x4e\xe4\x02\xe8\x13\x05" +
	"\x00\x04\x2a\xec\x13\x8c\x44\x07\x85\x6a\x1b\x89\x4a\x07\x26\x99\x85\x4b\x29\x4b\x8c\x7c\xa8\x60\x63\x9e\xa5\x02\xa8\x44\x25\xe5" +
	"\x01\x44\x90\x78\x63\x7c\xc4\x00\x88\x60\x14\x61\xb3\x05\x8c\x00\x01\x8e\x05\x45\x82\x96\x2a\x94\xe3\x45\xa0\xfe\x88\x60\x14\x65" +
	"\x23\xb8\x04\x02\x05\x66\x01\x45\xca\x85\x82\x96\x63\x5b\xa0\x02\x81\x45\xa8\xe0\x13\x85\x15\x00\x88\xfc\xd6\x95\xa6\x95\x03\xc4" +
	"\x45\x07\x63\x05\x64\x05\x0a\x85\x85\x45\xef\x00\xe0\x16\xa2\x69\x42\x6a\x81\x4b\x33\x85\x49\x01\x23\x00\x85\x00\x05\x0a\x52\xe8" +
	"\x51\xbf\x05\x45\xa8\xc4\x13\xf5\x1b\x00\x0d\xc1\x17\x25\x00\x00\x03\x35\x45\xc9\xa6\x70\x06\x74\xe6\x64\x46\x69\xa6\x69\x06\x6a" +
	"\xe2\x7a\x42\x7b\xa2\x7b\x02\x7c\x65\x61\x82\x80\x63\x0c\x0a\x00\x33\x85\x49\x01\x03\x45\xf5\xff\x4d\x15\x13\x35\x15\x00\x33\x06" +
	"\xaa\x40\x11\xa0\x01\x46\x02\x65\xce\x85\xa6\x70\x06\x74\xe6\x64\x46\x69\xa6\x69\x06\x6a\xe2\x7a\x42\x7b\xa2\x7b\x02\x7c\x65\x61" +
	"\x6f\xb0\x0f\xf9\x5d\x71\x86\xe4\xa2\xe0\x26\xfc\x4a\xf8\x4e\xf4\x52\xf0\x2e\x84\xaa\x89\x17\x25\x00\x00\x13\x06\xa5\xe9\x8a\x86" +
	"\x4e\x85\xef\xe0\x3f\x82\x45\xc9\x03\xb5\x09\x00\x10\x69\x42\x04\x13\x55\x04\x01\x41\x05\x81\x45\x02\x96\x17\x2a\x00\x00\x63\x43" +
	"\x05\x0a\x2a\x89\x4e\xe0\x85\x45\x13\x06\x10\x20\x4e\x85\xef\xd0\x6f\x8c\x93\x05\x85\x00\x05\x66\x21\x26\x32\x95\x2e\x86\x93\x06" +
	"\x16\x00\x23\x00\x06\x00\x36\x86\xe3\x9b\xa6\xfe\x2e\xe4\x02\xe8\x05\x65\x2a\xec\x0a\x85\x85\x65\xef\x00\x00\x08\x03\xb5\x09\x00" +
	"\x22\x64\xc2\x64\x62\x66\x14\x65\xb3\x05\x94\x00\x05\x8e\x4a\x85\x82\x96\x63\x44\x05\x04\x0d\xc5\x26\x95\x2a\xe8\x0a\x85\x85\x65" +
	"\xef\x00\x80\x05\x03\xb5\x09\x00\x22\x64\xc2\x64\x62\x66\x14\x65\xb3\x05\x94\x00\x05\x8e\x4a\x85\x82\x96\x63\x40\x05\x02\x69\xfd" +
	"\x03\xb5\x09\x00\x0c\x6d\x4a\x85\x82\x95\x02\x65\xa2\x85\x26\x86\xef\xb0\x0f\xec\x11\xa8\x02\x65\x01\xa8\x03\xb5\x09\x00\x0c\x6d" +
	"\x4a\x85\x82\x95\x03\x35\xea\xaf\xa6\x60\x06\x64\xe2\x74\x42\x79\xa2\x79\x02\x7a\x61\x61\x82\x80\x01\x11\x06\xec\x22\xe8\x26\xe4" +
	"\x2a\x84\x08\x69\x10\x6c\x2e\x95\x63\x7a\xa6\x02\x08\x60\x06\x06\xb3\x04\xb6\x00\xa6\x85\xef\xf0\xff\x83\x0c\x68\x91\xcd\x10\x64" +
	"\xaa\x95\xaa\x86\x03\x47\x06\x00\x05\x06\x93\x87\x16\x00\x23\x80\xe6\x00\xbe\x86\xe3\x98\xb7\xfe\x08\xe4\x04\xec\xe2\x60\x42\x64" +
	"\xa2\x64\x05\x61\x82\x80\x39\x71\x06\xfc\x22\xf8\x26\xf4\x4a\xf0\x4e\xec\x52\xe8\x56\xe4\x32\x89\xae\x84\x2a\x8a\x17\x25\x00\x00" +
	"\x13\x06\x15\xe0\x8a\x86\x52\x85\xef\xe0\xcf\xed\x35\xc9\x7d\x54\x41\x80\x52\x85\xca\x85\xef\xb0\x7f\xbb\x83\x35\x0a\x00\x90\x69" +
	"\xaa\x89\x33\xf5\x84\x00\x41\x05\x85\x45\x02\x96\x97\x25\x00\x00\x03\xb9\xc5\x9a\x63\x4d\x05\x04\xaa\x8a\xb3\xf9\x89\x00\x03\xb6" +
	"\x89\x00\x1d\xc2\x01\x44\x93\x84\x09\x01\x03\x35\x0a\x00\x14\x61\xb3\x85\x84\x00\x01\x8e\x56\x85\x82\x96\x63\x55\xa0\x02\x03\xb6" +
	"\x89\x00\x2a\x94\xe3\x63\xc4\xfe\x03\x35\x0a\x00\x0c\x6d\x56\x85\x82\x95\x03\xb5\x89\x00\xd3\x77\x35\xd2\x53\x89\x07\xe2\x01\xa8" +
	"\x02\x69\x31\xa0\x03\x35\x0a\x00\x0c\x6d\x56\x85\x82\x95\x4a\x85\xe2\x70\x42\x74\xa2\x74\x02\x79\xe2\x69\x42\x6a\xa2\x6a\x21\x61" +
	"\x82\x80\x8e\x05\xa1\x05\x6f\xf0\xef\xf4\xd3\x87\x05\xf2\x53\xa6\xf7\xa2\x11\xca\x41\x11\x06\xe4\xef\xd0\x7f\xd1\x53\x05\x05\xe2" +
	"\xa2\x60\x41\x01\x82\x80\x13\xd6\x05\x03\xc1\x76\x9d\x26\x36\x96\x89\x46\xe3\x61\xd6\xfe\x7d\x56\x93\x16\xf6\x03\xcd\x8e\x4e\x16" +
	"\xe3\x8a\xc6\xfc\x01\x45\x82\x80\x5d\x71\x86\xe4\xa2\xe0\x2e\x88\xaa\x82\x17\x05\x00\x00\x13\x05\x25\x0d\x2a\xe4\x17\x05\x00\x00" +
	"\x13\x05\x85\x0d\x2a\xe8\x17\x05\x00\x00\x13\x05\xe5\x0d\x2a\xec\x17\x05\x00\x00\x13\x05\x85\x0f\x2a\xf0\x17\x05\x00\x00\x13\x05" +
	"\x25\x10\x2a\xf4\x17\x05\x00\x00\x13\x05\x05\x11\x2a\xf8\x17\x05\x00\x00\x13\x05\x85\x12\x2a\xfc\x03\xb3\x02\x00\x93\x08\xe0\x0d" +
	"\x8d\x65\x0d\x46\x93\x06\x20\x02\x7d\x57\x81\x47\x01\x45\x73\x00\x00\x00\x2a\x84\x05\x65\x7d\x35\x22\x95\x31\x81\x39\xc1\x09\x65" +
	"\x1b\x05\x85\x07\x22\x95\xa2\x85\x13\x86\x15\x00\x23\x80\x05\x00\xb2\x85\xe3\x1b\xa6\xfe\xa1\x02\x13\x15\x33\x00\x16\x95\x21\x05" +
	"\x2c\x00\x0c\xe0\x23\x3c\x64\x00\x23\x30\x54\x02\x08\xf4\x22\x85\x02\x98\xaa\x85\x22\x85\xef\x90\x9f\x9e\xa6\x60\x06\x64\x61\x61" +
	"\x82\x80\x17\x25\x00\x00\x93\x05\x35\xc3\x93\x08\x00\x04\x4d\x46\x09\x45\x81\x46\x01\x47\x81\x47\x73\x00\x00\x00\x13\x05\x60\x04" +
	"\xef\x00\xc0\x05\x93\x08\x00\x04\x81\x46\x01\x47\x81\x47\x73\x00\x00\x00\x82\x80\x93\x08\xf0\x03\x81\x46\x01\x47\x81\x47\x73\x00" +
	"\x00\x00\x82\x80\x2a\x87\x13\xb5\x15\x00\x7d\x15\x13\x76\x15\x24\x93\x08\x80\x03\x93\x06\x40\x1a\x13\x05\xc0\xf9\xba\x85\x01\x47" +
	"\x81\x47\x73\x00\x00\x00\x82\x80\x93\x08\x90\x03\x81\x45\x01\x46\x81\x46\x01\x47\x81\x47\x73\x00\x00\x00\x82\x80\x2a\x88\x93\x08" +
	"\xe0\x05\x81\x45\x01\x46\x81\x46\x01\x47\x81\x47\x42\x85\x73\x00\x00\x00\xed\xbf\x93\x08\xe0\x0d\x0d\x46\x93\x06\x20\x02\x7d\x57" +
	"\xaa\x85\x81\x47\x01\x45\x73\x00\x00\x00\xfd\x75\xb3\xb5\xa5\x00\xfd\x15\x6d\x8d\x82\x80\x93\x08\x60\x11\x01\x46\x81\x46\x01\x47" +
	"\x81\x47\x73\x00\x00\x00\x82\x80\x13\x86\x05\x03\x90\xed\x05\x47\x98\xf1\x13\x56\x05\x03\xc1\x66\x9b\x87\xa6\xff\x98\xf9\x63\x01" +
	"\xf6\x02\xe5\x36\x63\x12\xd6\x04\x42\x05\x41\x81\x10\x65\x93\x16\x06\x02\x81\x92\x94\xe5\x41\x05\x88\xe1\x7d\x92\x90\xc9\x82\x80" +
	"\x42\x05\x41\x81\x10\x65\x93\x16\x06\x02\x13\xd7\x06\x02\x98\xe5\x41\x05\x88\xe1\x7d\x92\xf5\x82\x36\x95\x83\x66\x05\x00\x90\xc9" +
	"\x21\x05\x88\xed\x94\xf1\x82\x80\xd3\x07\x05\xf2\x53\x95\x27\xc2\x13\x56\xf5\x43\xb3\x46\xc5\x00\x91\x8e\x13\x86\x85\x02\x94\xf5" +
	"\x93\x56\xf5\x03\x90\xe1\x05\x46\x90\xe5\x94\xc9\x11\xc1\x82\x80\x23\xb4\x05\x00\x82\x80\x39\x71\x06\xfc\x22\xf8\x26\xf4\x4a\xf0" +
	"\x3a\x89\x36\x84\xae\x84\x14\x08\x0a\x87\xef\x00\xa0\x03\x62\x65\x11\xc1\x88\x48\xe2\x65\x42\x66\xa2\x66\x0c\xe4\x10\xe0\x08\xc8" +
	"\x99\xc2\x88\x48\x11\xa0\x01\x45\xa2\x65\x02\x66\x23\x34\xb9\x00\x23\x30\xc9\x00\x23\x28\xa9\x00\xe2\x70\x42\x74\xa2\x74\x02\x79" +
	"\x21\x61\x82\x80\x71\x71\x06\xf5\x22\xf1\x26\xed\x4a\xe9\x4e\xe5\x52\xe1\xd6\xfc\xda\xf8\xde\xf4\xe2\xf0\xe6\xec\xea\xe8\xee\xe4" +
	"\xba\x8a\x36\x84\xb2\x8c\x2e\x8c\x2a\x8b\x2e\x85\xb2\x85\xef\x00\x60\x3d\x63\x46\x05\x02\x83\xbd\x8c\x00\x93\x84\xfd\xff\x8d\xcc" +
	"\x03\xb5\x0c\x00\x13\x9a\x34\x00\x52\x95\x08\x61\x2d\xc9\x01\x49\x63\x49\x05\x06\x06\x05\x05\x29\xe3\x5e\x05\xfe\x9d\xa0\x23\x30" +
	"\x04\x00\x23\x34\x04\x00\x03\x35\x8c\x00\x23\xb4\xaa\x00\x03\x35\x0c\x00\x23\xb0\xaa\x00\x85\xae\x03\xb5\x0c\x00\x10\x61\x94\x00" +
	"\x5a\x85\xe2\x85\xef\x00\xe0\x3b\x08\xe0\x0c\xe4\x85\x45\x09\x46\x5a\x85\xef\xc0\x3f\xbe\x93\x05\x85\x00\x41\x05\x2e\x86\x93\x06" +
	"\x16\x00\x23\x00\x06\x00\x36\x86\xe3\x9b\xa6\xfe\x06\x65\x88\xe1\x33\x35\xa0\x00\x23\xb0\xba\x00\x23\xb4\xaa\x00\x2d\xa6\x13\x09" +
	"\x00\x04\x83\x39\x8c\x00\x13\xb5\x1d\x00\x6e\x95\x93\x15\x35\x00\x5a\x85\x2e\xf4\xef\xf0\x0f\xbe\x83\x35\x8c\x00\xaa\x8b\x85\x05" +
	"\x13\xb5\x15\x00\x2e\x95\x93\x15\x35\x00\x5a\x85\xef\xf0\x8f\xbc\xaa\x88\x03\xb5\x0c\x00\x93\x15\x09\x02\x13\xdd\x05\x02\x13\x98" +
	"\x3d\x00\x9d\xc8\x93\x05\x00\x04\xbb\x85\x25\x41\x93\x06\x88\xff\x33\x86\xdb\x00\xaa\x96\x63\x07\x09\x00\x03\xb7\x86\xff\x33\x57" +
	"\xb7\x00\x11\xa0\x01\x47\x9c\x62\xb3\x97\xa7\x01\x5d\x8f\x18\xe2\xfd\x14\x61\x16\xe1\x16\xe5\xf0\x08\x61\x33\x15\xa5\x01\x23\xb0" +
	"\xab\x00\x83\x35\x8c\x00\x03\x35\x0c\x00\x8e\x05\x22\xf8\x63\x0d\x09\x00\x33\x06\xb5\x00\x03\x36\x86\xff\x93\x06\x00\x04\xbb\x86" +
	"\x26\x41\x33\x56\xd6\x00\x11\xa0\x01\x46\x42\xfc\xc6\x95\x90\xe1\x83\x36\x8c\x00\x93\x85\xf6\xff\x33\x84\xb9\x41\x85\xcd\x13\x06" +
	"\x00\x04\x3b\x06\x26\x41\x8e\x06\x13\x87\x86\xff\xb3\x06\xe5\x00\x46\x97\x63\x07\x09\x00\x83\xb7\x86\xff\xb3\xd7\xc7\x00\x11\xa0" +
	"\x81\x47\x84\x62\xb3\x94\xa4\x01\xc5\x8f\x1c\xe3\xfd\x15\xe1\x16\x61\x17\xe5\xf1\x08\x61\x33\x15\xa5\x01\x23\xb0\xa8\x00\x13\x0c" +
	"\x14\x00\x13\x35\x1c\x00\x62\x95\x93\x15\x35\x00\x5a\x85\xc6\x84\xef\xf0\x4f\xae\x26\xf0\x63\x15\x0c\x00\x42\x76\xa2\x75\x61\xaa" +
	"\x5a\xe8\x56\xec\xe2\x75\xb3\x82\xb4\x00\x33\x83\x4b\x01\xb3\x88\xbb\x00\x8e\x09\xb3\x8f\xb9\x40\x7e\xe4\xa6\x9f\xfd\x59\x93\x0e" +
	"\xf0\x03\x85\x43\x22\x8f\x13\x1e\x34\x00\x33\x8a\xc2\x01\x83\x3a\x0a\x00\x03\x34\x03\x00\x83\x3c\x8a\xff\x63\xf2\x8a\x06\x01\x46" +
	"\x01\x47\x01\x4b\x93\x05\xf0\x07\x93\x90\x1a\x00\x93\x87\x05\xfc\x63\xc5\x07\x00\x33\xd8\xba\x00\x09\xa8\xb3\xd7\xbc\x00\x93\xc6" +
	"\xf5\xff\xb3\x96\xd0\x00\x33\xe8\xd7\x00\x93\x56\xf6\x03\x06\x07\x55\x8f\x06\x06\x93\x76\x18\x00\x55\x8e\xb3\x37\x86\x00\x93\x36" +
	"\x17\x00\xfd\x8e\x89\xea\x01\x8e\x1d\x8f\x63\xe6\xbe\x00\xb3\x96\xb3\x00\x33\x6b\xdb\x00\xfd\x15\xe3\x9a\x35\xfb\x09\xa8\x7d\x5b" +
	"\x63\x6b\x54\x03\x33\x86\x8c\x00\xb3\x35\x96\x01\x8d\xe5\x83\xb5\x08\xff\x33\xb7\x65\x03\xb2\x86\x63\x6a\xe6\x00\x63\x9d\xe6\x00" +
	"\x03\x36\x0a\xff\x33\x87\x65\x03\x63\x77\xe6\x00\x33\x86\x86\x00\x7d\x1b\xe3\x70\xd6\xfe\x63\x83\x0d\x04\x81\x4c\x01\x46\xfe\x86" +
	"\x5e\x87\xee\x87\x00\x63\xb3\x04\x64\x03\x33\x38\x64\x03\x8c\x62\xb2\x94\x33\xb6\xc4\x00\x42\x96\x33\x84\x95\x40\xb3\xb5\x95\x00" +
	"\xb3\x04\x94\x41\x33\x34\x94\x01\xb3\xec\x85\x00\x84\xe2\xfd\x17\x21\x07\xa1\x06\xe1\xfb\x83\x3a\x0a\x00\x19\xa0\x01\x46\x81\x4c" +
	"\x33\x87\xca\x40\xb3\x06\x97\x41\x23\x30\xda\x00\x63\xe4\xca\x00\x63\x7e\x97\x03\x01\x44\x63\x86\x0d\x02\x7e\x86\xde\x86\x6e\x87" +
	"\x1c\x62\x84\x62\xa6\x97\xb3\xb4\x97\x00\xb3\x85\x87\x00\x33\xb4\xf5\x00\x45\x8c\x0c\xe2\x7d\x17\xa1\x06\x21\x06\x75\xf3\x83\x36" +
	"\x0a\x00\x7d\x1b\xb3\x85\x86\x00\x23\x30\xba\x00\x2a\x9e\x23\x30\x6e\x01\x13\x04\xff\xff\xe1\x1f\xe3\x16\x0f\xea\x22\x68\x2a\x98" +
	"\xe2\x6a\x42\x6b\x42\x76\xa2\x75\x83\x36\x08\x00\x89\xe6\x7d\x1c\x61\x18\xe3\x1b\x0c\xfe\x08\xe2\x23\x34\x86\x01\x5a\x85\xef\xf0" +
	"\x6f\x93\x63\x8e\x0d\x04\x93\x85\x1d\x00\x13\x06\x00\x04\x3b\x08\x26\x41\xb3\x06\xb0\x41\x02\x77\x21\x07\x85\x48\xaa\x84\x05\x44" +
	"\xe2\x72\x01\x46\x63\x07\x09\x00\x63\x75\xb4\x00\x10\x63\x33\x16\x06\x01\x83\x37\x87\xff\xb3\xd7\xa7\x01\x5d\x8e\x90\xe0\x05\x04" +
	"\x33\x86\x86\x00\x21\x07\xa1\x04\xe3\x1d\x16\xfd\xb3\x85\xa2\x00\xe1\x15\x90\x61\x09\xe6\xfd\x1d\xe1\x15\xe3\x9c\x0d\xfe\x23\xb0" +
	"\xaa\x00\x23\xb4\xba\x01\xaa\x70\x0a\x74\xea\x64\x4a\x69\xaa\x69\x0a\x6a\xe6\x7a\x46\x7b\xa6\x7b\x06\x7c\xe6\x6c\x46\x6d\xa6\x6d" +
	"\x4d\x61\x82\x80\x14\x65\x90\x65\x63\x94\xc6\x02\x13\x86\x16\x00\x8e\x06\xe1\x16\x7d\x16\x05\xc6\x18\x61\x9c\x61\x36\x97\x18\x63" +
	"\xb6\x97\x9c\x63\xe1\x16\xe3\x07\xf7\xfe\x33\x35\xf7\x00\x19\xa0\x33\xb5\xc6\x00\x33\x05\xa0\x40\x13\x65\x15\x00\x82\x80\x01\x45" +
	"\x82\x80\x79\x71\x06\xf4\x22\xf0\x26\xec\x4a\xe8\x4e\xe4\xae\x89\x8c\x65\x36\x89\xb2\x84\x13\xb6\x15\x00\xb2\x95\x8e\x05\xef\xf0" +
	"\x6f\x85\x83\xb5\x89\x00\xd1\xcd\x01\x4f\x03\xb8\x09\x00\x7d\x5e\x93\x03\xf0\x03\x85\x48\x2e\x83\x7d\x13\x93\x12\x33\x00\x33\x06" +
	"\x58\x00\x83\x3e\x06\x00\x01\x46\x01\x47\x81\x4f\x93\x06\xf0\x07\x93\x19\x1f\x00\x93\x87\x06\xfc\x63\xc5\x07\x00\xb3\x57\xdf\x00" +
	"\x01\xa8\xb3\xd7\xde\x00\x13\xc4\xf6\xff\x33\x94\x89\x00\xc1\x8f\x13\x54\xf6\x03\x06\x07\x41\x8f\x06\x06\x85\x8b\x5d\x8e\xb3\x37" +
	"\x96\x00\x13\x34\x17\x00\x7d\x8c\x09\xe8\x05\x8e\x1d\x8f\x63\xe6\xd3\x00\xb3\x97\xd8\x00\xb3\xef\xff\x00\xfd\x16\xe3\x9c\xc6\xfb" +
	"\xaa\x92\x23\xb0\xf2\x01\x32\x8f\xe3\x18\x03\xf8\x81\xcd\x93\x96\x35\x00\xaa\x96\xe1\x16\x98\x62\x11\xe7\xfd\x15\xe1\x16\xe5\xfd" +
	"\x11\xa0\x01\x46\x23\x30\xc9\x00\xa2\x70\x02\x74\xe2\x64\x42\x69\xa2\x69\x45\x61\x82\x80\x79\x71\x06\xf4\x22\xf0\x26\xec\x4a\xe8" +
	"\x4e\xe4\x36\x84\xb2\x84\x10\x4a\x94\x4a\xae\x89\x2a\x89\x63\x18\xd6\x00\x4e\x85\xa6\x85\x22\x86\xef\x00\x40\x3a\x29\xa8\x26\x85" +
	"\xa2\x85\xef\xf0\x3f\xec\x15\xc5\x63\x5c\xa0\x02\x4e\x85\xa6\x85\x22\x86\xef\x00\x80\x43\x90\x48\x23\x30\xa9\x00\x23\x34\xb9\x00" +
	"\x23\x28\xc9\x00\xa2\x70\x02\x74\xe2\x64\x42\x69\xa2\x69\x45\x61\x82\x80\x23\x38\x09\x00\x23\x34\x09\x00\x23\x30\x09\x00\xdd\xb7" +
	"\x4e\x85\xa2\x85\x26\x86\xef\x00\x40\x40\x10\x48\xf1\xb7\x01\x11\x06\xec\x22\xe8\x26\xe4\x2e\x84\x8c\x65\xa1\xc5\x05\x46\x63\x92" +
	"\xc5\x02\x10\x60\x10\x62\x93\x56\x56\x03\x81\xee\x08\x48\xd3\x77\x26\xd2\x09\xc5\x53\x07\x00\xf2\xd3\x77\xf7\x0a\xd3\x85\x07\xe2" +
	"\x0d\xa0\x13\x86\x25\x00\x89\x45\xef\xc0\xcf\xea\xaa\x84\x21\x05\xa2\x85\xef\x00\xa0\x44\xc2\x04\xc1\x80\x65\x55\x42\x15\xb3\xe5" +
	"\xa4\x00\x2e\x85\xe2\x60\x42\x64\xa2\x64\x05\x61\x82\x80\x75\x71\x06\xe5\x22\xe1\xa6\xfc\xca\xf8\xce\xf4\x2e\x89\x8c\x65\x32\xec" +
	"\x36\xf0\x8d\xc1\xb6\x89\x32\x84\xaa\x84\x05\x45\x63\x9e\xa6\x00\x10\x60\x63\x0d\xa6\x08\x03\x35\x09\x00\xaa\xec\xae\xf0\xa2\xe4" +
	"\xce\xe8\x19\xa8\x01\x45\xd5\xa0\x03\x35\x09\x00\xaa\xec\xae\xf0\xa2\xe4\xce\xe8\x63\x85\x09\x02\xac\x08\xb0\x00\x34\x18\x38\x10" +
	"\x26\x85\xef\xf0\x3f\x9c\x42\x75\xc6\x65\x26\x66\xaa\xe8\x22\x75\xc6\x66\xae\xf0\xb2\xec\xaa\xe4\xe5\xf2\x66\x65\x86\x75\x2a\xe4" +
	"\x05\x46\x2e\xe8\x63\x95\xc5\x00\x08\x61\x63\x0a\xc5\x02\x30\x00\xb4\x08\xb8\x00\x26\x85\xca\x85\xef\xf0\xdf\x98\x06\x75\xe6\x65" +
	"\x23\x34\xa9\x00\x23\x30\xb9\x00\x2c\x08\x30\x00\xb4\x08\xb8\x00\x26\x85\xef\xf0\x3f\x97\x86\x79\x66\x64\x4e\xf0\x22\xec\x05\x45" +
	"\x63\x9f\xa9\x00\x0c\x60\x85\x49\x63\x9b\xa5\x00\x26\x85\xca\x85\xaa\x60\x0a\x64\xe6\x74\x46\x79\xa6\x79\x49\x61\xc9\xbd\x03\x35" +
	"\x89\x00\x4e\x95\x13\x06\x35\x00\x8d\x45\x26\x85\xef\xc0\x8f\xda\xaa\x84\x21\x05\xca\x85\xef\x00\x60\x34\x13\x96\x39\x00\x23\x30" +
	"\x35\x01\x19\xce\x93\x05\x85\x00\x33\x85\xc5\x00\x03\x46\x04\x00\x05\x04\x93\x86\x15\x00\x23\x80\xc5\x00\xb6\x85\xe3\x98\xa6\xfe" +
	"\xc2\x04\xc1\x80\x75\x55\x46\x15\x45\x8d\xaa\x60\x0a\x64\xe6\x74\x46\x79\xa6\x79\x49\x61\x82\x80\x79\x71\x06\xf4\x22\xf0\x26\xec" +
	"\x4a\xe8\x4e\xe4\x2e\x89\x8c\x65\xd5\xc5\xb2\x89\x10\x66\x4d\xc6\xb2\x95\x13\xb6\x15\x00\xb2\x95\x8e\x05\xef\xe0\xbf\xd7\x83\x36" +
	"\x89\x00\x03\xb6\x89\x00\xb3\x05\xd6\x00\xb5\xca\x81\x42\x2a\x88\x93\x98\x32\x00\x29\xc6\x03\x37\x09\x00\x83\xb7\x09\x00\x81\x46" +
	"\x81\x43\x33\x03\x17\x01\x42\x86\x83\x34\x03\x00\x98\x63\x00\x62\x33\x0e\x97\x02\x33\x37\x97\x02\x22\x9e\xb3\x34\x8e\x00\x26\x97" +
	"\xf2\x93\x33\xb4\xc3\x01\x23\x30\x76\x00\x83\xb4\x89\x00\xb3\x03\x87\x00\x85\x06\xa1\x07\x21\x06\xe3\xe8\x96\xfc\x19\xa0\x81\x43" +
	"\x81\x44\xaa\x98\x8e\x04\xa6\x98\x23\xb0\x78\x00\x03\x36\x89\x00\x85\x02\x63\xf6\xc2\x00\x03\xb6\x89\x00\x21\x08\x51\xbf\x99\xcd" +
	"\x13\x96\x35\x00\x2a\x96\x61\x16\x14\x62\x89\xea\xfd\x15\x61\x16\xe5\xfd\x29\xa0\x01\x45\x19\xa0\x01\x45\x81\x45\xa2\x70\x02\x74" +
	"\xe2\x64\x42\x69\xa2\x69\x45\x61\x82\x80\x19\x71\x86\xfc\xa2\xf8\xa6\xf4\xae\x84\x8c\x69\x2a\x84\x88\x64\xae\xf0\x8c\x60\x14\x6a" +
	"\xaa\xec\x08\x66\xae\xe8\xb6\xe4\x0c\x62\xaa\xe0\x08\x72\x14\x6e\x2e\xfc\x8c\x70\x2a\xf4\x36\xf0\x88\x6c\x2e\xe8\x0c\x72\x02\xd8" +
	"\x2a\xe4\x05\x45\x02\xcc\x63\x97\xa5\x00\x61\x06\x0c\x62\x8c\x61\x63\x80\xa5\x02\x8c\x08\x10\x10\x22\x85\xef\xf0\xff\xed\x06\x56" +
	"\x33\x36\xc0\x00\xb3\x36\xb0\x00\x75\x8e\xaa\xe8\xae\xec\xb2\xd0\x8c\x70\x05\x45\x63\x99\xa5\x00\xe1\x04\x8c\x60\x8c\x61\x63\x94" +
	"\xa5\x00\x26\x46\x31\xa8\x2c\x18\x30\x00\x22\x85\xef\xf0\xdf\xea\x26\x46\x33\x36\xc0\x00\xb3\x36\xb0\x00\x75\x8e\x2a\xfc\xae\xe0" +
	"\x06\x55\x63\x19\xc5\x02\x66\x65\x86\x65\x63\x1b\xb5\x02\xe2\x76\xc6\x65\x13\x17\x35\x00\x61\x17\xba\x96\xba\x95\x05\x05\x7d\x15" +
	"\x15\xc5\x98\x61\x9c\x62\xe1\x16\xe1\x15\xe3\x0a\xf7\xfe\x33\x35\xf7\x00\x09\xa8\x13\x35\x15\x00\x7d\x15\x13\x65\x15\x00\x11\xa8" +
	"\x33\x35\xb5\x00\x33\x05\xa0\x40\x13\x65\x15\x00\x19\xc2\x33\x05\xa0\x40\xe6\x70\x46\x74\xa6\x74\x09\x61\x82\x80\x79\x71\x06\xf4" +
	"\x22\xf0\x26\xec\x4a\xe8\x4e\xe4\x2e\x89\x8c\x65\x14\x66\x63\xe4\xd5\x00\xb2\x89\x19\xa0\xca\x89\x32\x89\x83\x35\x89\x00\x85\x05" +
	"\x13\xb6\x15\x00\xb2\x95\x8e\x05\xef\xe0\xdf\xba\x03\x38\x89\x00\x93\x05\x18\x00\x63\x0a\x08\x04\x83\x38\x09\x00\x81\x44\x01\x46" +
	"\x81\x47\x03\xb4\x89\x00\x63\xf7\x87\x00\x03\xb4\x09\x00\x26\x94\x00\x60\x11\xa0\x01\x44\xb3\x86\x98\x00\x94\x62\xa2\x96\xb3\xb2" +
	"\x86\x00\x36\x96\x33\x07\x95\x00\x10\xe3\x03\x34\x89\x00\x33\x36\xd6\x00\x33\xe6\xc2\x00\x85\x07\xa1\x04\xe3\xe4\x87\xfc\x0e\x04" +
	"\x2a\x94\x10\xe0\x81\xe5\x19\xa8\x23\x30\x05\x00\x13\x16\x38\x00\x2a\x96\x14\x62\x81\xe6\xfd\x15\x61\x16\xe5\xfd\xa2\x70\x02\x74" +
	"\xe2\x64\x42\x69\xa2\x69\x45\x61\x82\x80\x79\x71\x06\xf4\x22\xf0\x26\xec\x4a\xe8\x4e\xe4\x2e\x89\x8c\x65\xb2\x89\x13\xb6\x15\x00" +
	"\xb2\x95\x8e\x05\xef\xe0\x1f\xb1\x83\x35\x89\x00\xad\xc1\x03\x38\x09\x00\x01\x47\x81\x42\x81\x47\x03\xb4\x89\x00\x63\xf7\x87\x00" +
	"\x03\xb4\x09\x00\x3a\x94\x00\x60\x11\xa0\x01\x44\x33\x06\xe8\x00\x10\x62\xb3\x04\x86\x40\xb3\x88\x54\x40\xb3\x06\xe5\x00\x23\xb0" +
	"\x16\x01\x33\x36\x86\x00\x83\x36\x89\x00\xb3\xb4\x54\x00\xb3\x62\x96\x00\x85\x07\x21\x07\xe3\xe1\xd7\xfc\x91\xc9\x13\x96\x35\x00" +
	"\x2a\x96\x61\x16\x14\x62\x81\xe6\xfd\x15\x61\x16\xe5\xfd\xa2\x70\x02\x74\xe2\x64\x42\x69\xa2\x69\x45\x61\x82\x80\x90\x49\x94\x65" +
	"\x33\x36\xc0\x00\x7e\x16\x55\x8e\x10\xe1\x94\x65\x13\x97\x36\x00\x13\x08\x85\x00\x05\xc3\x94\x61\x3a\x95\x21\x05\x42\x87\x83\xc7" +
	"\x06\x00\x85\x06\x13\x06\x17\x00\x23\x00\xf7\x00\x32\x87\xe3\x18\xa6\xfe\x94\x65\x13\x95\x36\x00\x42\x95\x82\x80\x41\x11\x06\xe4" +
	"\x22\xa0\xd3\x07\xa5\x22\x53\x05\x00\xf2\x53\xa5\xa5\xa2\x97\x15\x00\x00\x19\xc5\x07\xb5\xa5\xc7\xa2\x60\x02\x24\x41\x01\x82\x80" +
	"\x53\x84\xb5\x22\x53\xa5\xa7\xa2\x09\xc9\x53\x15\x85\xa2\x6d\xf5\x17\x15\x00\x00\x07\x35\x85\xce\xc5\xb7\x17\x15\x00\x00\x07\x37" +
	"\xe5\xbd\x17\x15\x00\x00\x87\x36\xe5\xd2\x53\x16\x87\xa2\xd3\x16\xd4\xa2\x33\x77\xd6\x00\x53\x15\x24\xc2\x09\xe7\x53\x07\x84\x22" +
	"\x89\xe6\x89\xa8\x53\x77\x25\xd2\xb1\xc6\x29\xc6\x53\x26\x87\xa2\x31\xc2\x07\xb7\xa5\xc7\x53\x05\xe7\x22\x05\xc9\x87\xb6\xa5\xc7" +
	"\x93\x55\xf5\x43\x33\x46\xb5\x00\xb3\x05\xb6\x40\x53\x85\xd6\x22\x13\xf6\x15\x00\x53\x86\xd6\x22\x19\xc2\x53\x86\xf7\x22\x53\x75" +
	"\xc5\x12\x85\x81\xd3\xf7\xf7\x12\xe5\xf5\xe3\x57\x05\xf6\x53\x75\xa7\x1a\x9d\xb7\x53\x95\xa7\xa2\x11\xc5\x17\x15\x00\x00\x07\x35" +
	"\xe5\xc6\x99\xbf\x53\x85\xf7\x22\xef\xc0\x9f\x95\x53\x75\x85\x12\xa2\x60\x02\x24\x41\x01\x6f\xc0\x9f\x80\x10\x65\x15\xc2\x08\x61" +
	"\x93\x15\x36\x00\x2e\x95\x83\x35\x85\xff\x13\x15\x66\x00\x99\xc9\x01\x46\x63\xcb\x05\x00\x86\x05\x05\x06\xe3\xde\x05\xfe\x29\xa0" +
	"\x01\x45\x82\x80\x13\x06\x00\x04\x11\x8d\x82\x80\x41\x11\x06\xe4\x22\xe0\x2e\x84\x85\x45\x09\x46\xef\xc0\xcf\x8f\xaa\x85\x21\x05" +
	"\xc1\x05\x2a\x86\x93\x06\x16\x00\x23\x00\x06\x00\x36\x86\xe3\x9b\xb6\xfe\xb3\x35\x80\x00\x00\xe1\xa2\x60\x02\x64\x41\x01\x82\x80" +
	"\x01\x11\x06\xec\x22\xe8\x26\xe4\x2a\x84\x2e\x85\xef\xd0\xff\xb9\xaa\x84\x03\x45\x05\x00\x93\x05\x50\x06\x63\x07\xb5\x00\x17\x15" +
	"\x00\x00\x93\x05\x65\xd7\x29\xa0\x17\x15\x00\x00\x93\x05\x05\xfc\x01\x46\x33\x85\xc5\x00\x03\x45\x05\x00\x05\x06\x7d\xf9\x7d\x16" +
	"\x22\x85\xef\x90\xdf\xec\x01\x46\x33\x85\xc4\x00\x03\x45\x05\x00\x05\x06\x7d\xf9\x7d\x16\x22\x85\xa6\x85\xe2\x60\x42\x64\xa2\x64" +
	"\x05\x61\x6f\x90\xdf\xea\x93\x55\x05\x03\x41\x66\x6d\x36\x63\x9c\xc5\x02\x42\x05\x93\x56\x05\x01\x98\x66\x17\x15\x00\x00\x41\xcf" +
	"\x93\x85\x06\x01\x05\x46\x22\x16\x03\x35\xe5\xba\x13\x06\x36\x1b\xba\x96\xc1\x06\x03\xc7\x05\x00\x39\x8d\x85\x05\x33\x05\xc5\x02" +
	"\xe3\x9a\xd5\xfe\x82\x80\x41\x76\x1d\x26\xb2\x95\x05\x46\x63\x60\xb6\x04\x42\x05\x13\x56\x05\x01\x08\x62\x15\x81\x13\x77\x85\xff" +
	"\xa1\x45\x17\x15\x00\x00\x63\x0b\xb7\x04\x93\x05\x86\x00\x85\x46\x03\x35\x65\xb6\xa2\x16\x93\x86\x36\x1b\x3a\x96\x03\xc7\x05\x00" +
	"\x39\x8d\x85\x05\x33\x05\xd5\x02\xe3\x9a\xc5\xfe\x65\xbf\xfd\x55\xfe\x15\xa9\x8d\x93\xb5\x15\x00\xfd\x15\x17\x16\x00\x00\x03\x36" +
	"\x66\xb2\x6d\x8d\x93\x55\x15\x02\x2d\x8d\x33\x05\xc5\x02\x93\x55\x15\x02\x2d\x8d\x82\x80\x03\x35\xe5\xba\x82\x80\x03\x35\x65\xb6" +
	"\x82\x80\x69\x71\x06\xf6\x22\xf2\x26\xee\x4a\xea\x4e\xe6\x52\xe2\xd6\xfd\xda\xf9\xde\xf5\xe2\xf1\xe6\xed\xea\xe9\xee\xe5\xa2\xa1" +
	"\x26\xbd\xd3\x25\xa5\xa2\xaa\x84\x63\x81\x05\x64\x53\x04\xa5\x22\x53\x05\x05\xe2\x63\x41\x05\x04\x17\x15\x00\x00\x87\x37\x05\x9b" +
	"\x53\x25\xf4\xa2\x29\xcd\x17\x15\x00\x00\x93\x05\x35\xc8\x0d\x46\x26\x85\xb2\x70\x12\x74\xf2\x64\x52\x69\xb2\x69\x12\x6a\xee\x7a" +
	"\x4e\x7b\xae\x7b\x0e\x7c\xee\x6c\x4e\x6d\xae\x6d\x0e\x24\xea\x34\x55\x61\x6f\x90\xdf\xd7\xd3\x04\x00\xf2\x53\x24\x94\xa2\x85\x45" +
	"\x26\x85\xef\xe0\x7f\xf1\x88\x68\x8c\x64\x13\x06\x15\x00\x90\xe8\x2e\x95\x65\xc0\x93\x05\x00\x03\x23\x00\xb5\x00\x9d\xab\x17\x15" +
	"\x00\x00\x87\x37\x25\xa7\x53\x15\xf4\xa2\x1d\xc9\xd3\x15\x34\xc2\xd3\xf7\x35\xd2\x53\x25\xf4\xa2\x05\xc5\x26\x85\xb2\x70\x12\x74" +
	"\xf2\x64\x52\x69\xb2\x69\x12\x6a\xee\x7a\x4e\x7b\xae\x7b\x0e\x7c\xee\x6c\x4e\x6d\xae\x6d\x0e\x24\xea\x34\x55\x61\x6f\xc0\xef\x91" +
	"\x26\xe4\x83\xbd\x04\x00\x53\x05\x04\xe2\xfd\x55\xb1\x81\x33\x76\xb5\x00\x06\x05\x13\x54\x55\x03\x13\x35\x14\x00\x85\x05\x7d\x15" +
	"\x6d\x8d\xb3\x69\xa6\x00\x93\xfa\x19\x00\x85\x45\x09\x46\x6e\x85\xef\xb0\x5f\xea\x93\x05\x85\x00\x41\x05\x2e\x86\x93\x06\x16\x00" +
	"\x23\x00\x06\x00\x36\x86\xe3\x9b\xa6\xfe\x29\x45\x88\xe1\xae\xf4\x05\x45\xaa\xf8\x85\x45\x09\x46\x6e\x85\xef\xb0\xbf\xe7\x93\x05" +
	"\x85\x00\x41\x05\x2e\x86\x93\x06\x16\x00\x23\x00\x06\x00\x36\x86\xe3\x9b\xa6\xfe\x05\x45\x13\x16\x45\x03\x33\xc6\xc9\x00\x13\x36" +
	"\x16\x00\x93\x36\x24\x00\x93\xc4\xf6\xff\x19\xe8\x13\x04\xe0\xbc\x11\xa8\x93\x05\xd0\x02\x23\x00\xb5\x00\x53\xf4\x84\x0a\x6d\xbd" +
	"\x13\x04\xd4\xbc\xf1\x8c\x88\xe1\xae\xec\xaa\xf0\x6e\x85\xce\x85\xef\xf0\xdf\xd1\xaa\xe4\xae\xe8\x63\x45\x04\x04\xac\x08\x6e\x85" +
	"\x22\x86\xef\x00\xa0\x5c\x2a\xe8\x2e\xec\x33\x06\x94\x00\x05\x06\xac\x00\x6e\x85\xef\x00\x80\x5b\x2a\xf5\x2e\xf9\x91\x45\x91\xe0" +
	"\x89\x45\x6e\x85\xef\xf0\x9f\xce\x2a\x8a\x2e\x84\x2a\xed\x2e\xf1\xa1\xc8\x0c\x08\x05\x46\x6e\x85\xef\x00\x40\x59\x2a\xe5\x2e\xe9" +
	"\xa1\xa0\x93\x89\x14\x00\xac\x00\x6e\x85\x4e\x86\xef\x00\x00\x58\x2a\xf5\x2e\xf9\x33\x86\x84\x40\x05\x06\xac\x08\x6e\x85\xef\x00" +
	"\xe0\x56\x2a\x8a\x2e\x84\x2a\xed\x2e\xf1\x6e\x85\xce\x85\xef\xf0\xff\xc9\x66\x66\x86\x76\x2a\xe5\x2e\xe9\xb2\xfc\x36\xe1\x09\xa8" +
	"\x62\x65\xc2\x65\x2a\xe9\x2e\xe5\x62\x65\xc2\x65\x2a\xe1\xae\xfc\x53\x05\x84\x22\xef\xc0\xcf\xd8\x17\x05\x00\x00\x87\x37\x85\x7c" +
	"\x17\x15\x00\x00\x07\x37\x85\x80\xc3\x77\xe5\x7a\x53\x95\x07\xc2\xd3\x07\x00\xf2\xd3\x95\xa7\xa2\xbb\x09\xb5\x00\x63\x83\x09\x08" +
	"\x1b\xd5\xf9\x41\xb3\xc4\xa9\x00\x89\x9c\x63\xcc\x09\x00\x2c\x09\xb0\x10\x6e\x85\xef\xf0\x4f\xfe\x2a\x8a\x2e\x84\x2a\xed\x2e\xf1" +
	"\x35\xa0\x2c\x11\xb0\x10\x6e\x85\xef\xf0\x0f\xfd\x2a\xf5\x2e\xf9\x2c\x01\xb0\x10\x6e\x85\xef\xf0\x2f\xfc\x2a\xe5\x2e\xe9\xac\x18" +
	"\xb0\x10\x6e\x85\xef\xf0\x4f\xfb\xaa\xfc\x2e\xe1\xfd\x34\xd5\xfc\x0d\xa8\x63\x83\x0a\x0c\xfd\x39\x2c\x11\xb0\x10\x6e\x85\xef\xf0" +
	"\xaf\xf9\x2a\xf5\x2e\xf9\x2c\x01\xb0\x10\x6e\x85\xef\xf0\xcf\xf8\x2a\xe5\x2e\xe9\xac\x18\xb0\x10\x6e\x85\xef\xf0\xef\xf7\xaa\xfc" +
	"\x2e\xe1\x2c\x11\x30\x01\x6e\x85\xef\xf0\x5f\x93\x2a\xe8\x2e\xec\x63\x97\x85\x02\x93\x15\x34\x00\x33\x06\xba\x00\x61\x16\x2e\x95" +
	"\x93\x05\x85\xff\x13\x05\x14\x00\x7d\x15\x21\xc9\x94\x61\x18\x62\x61\x16\xe1\x15\xe3\x8a\xe6\xfe\x63\xe5\xe6\x00\x89\xa0\x63\xf0" +
	"\x85\x04\x0c\x08\xb0\x10\x6e\x85\xef\xf0\x0f\xf3\x63\x94\x85\x04\x93\x15\x34\x00\x33\x06\xba\x00\x61\x16\x2e\x95\x93\x05\x85\xff" +
	"\x13\x05\x14\x00\x7d\x15\x35\xd5\x94\x61\x18\x62\x61\x16\xe1\x15\xe3\x8a\xe6\xfe\xe3\xe1\xe6\xf6\x05\xa0\xe3\x94\x0a\xfc\x2c\x09" +
	"\xb0\x10\x6e\x85\xef\xf0\x4f\xef\x2a\x8a\x2e\x84\x2a\xed\x2e\xf1\x85\x29\x85\xbf\xe3\xe1\x85\xf4\x81\x44\x33\x3b\x50\x01\x7d\x1b" +
	"\x93\xca\x1a\x00\x93\x1b\x34\x00\x5e\x9a\x13\x0c\x8a\xff\x93\x0c\x14\x00\x26\x8a\x2c\x11\xb0\x10\x6e\x85\xef\xf0\xef\xeb\x2a\xf4" +
	"\x2e\xf8\x2c\x10\x30\x09\x34\x18\x38\x11\x6e\x85\xef\xe0\x9f\xf9\x2c\x01\xb0\x10\x6e\x85\xef\xf0\x2f\xea\x2a\xe5\x2e\xe9\xac\x18" +
	"\xb0\x10\x6e\x85\xef\xf0\x4f\xe9\x06\x66\xaa\xfc\x2e\xe1\x01\xc6\x62\x76\x04\x62\x11\xa0\x81\x44\x4a\x76\x63\x17\xb6\x02\xaa\x76" +
	"\x13\x97\x35\x00\x3a\x95\x13\x06\x85\xff\x33\x85\xe6\x00\x61\x15\x85\x05\xfd\x15\x8d\xc1\x14\x61\x18\x62\x61\x16\x61\x15\xe3\x8a" +
	"\xe6\xfe\x33\xb5\xe6\x00\x19\xa0\x33\x35\xb6\x00\x33\x05\xa0\x40\x13\x69\x15\x00\x11\xa0\x01\x49\x2c\x11\x30\x01\x6e\x85\xef\xf0" +
	"\xef\xff\x63\x92\x85\x02\x5e\x95\x93\x05\x85\xff\x66\x85\x62\x86\x7d\x15\x1d\xc1\x94\x61\x18\x62\x61\x16\xe1\x15\xe3\x8a\xe6\xfe" +
	"\x33\xb5\xe6\x00\x19\xa0\x33\xb5\x85\x00\x33\x05\xa0\x40\x13\x6d\x15\x00\x63\x46\x59\x01\x2d\xa8\x01\x4d\x63\x5b\x59\x03\x63\x59" +
	"\xab\x03\x2c\x11\x05\x46\x6e\x85\xef\x00\x40\x30\x63\x96\x85\x02\x5e\x95\x93\x05\x85\xff\x66\x85\x62\x86\x7d\x15\x05\xc1\x94\x61" +
	"\x18\x62\x61\x16\xe1\x15\xe3\x8a\xe6\xfe\x63\xf9\xe6\x00\x01\xa8\x33\x25\xab\x01\xaa\x94\x21\xa0\x63\xe3\x85\x00\x85\x04\x13\x85" +
	"\x04\x03\x93\x04\x1a\x00\x0c\x08\xd2\x95\x23\x80\xa5\x00\x63\x44\x59\x01\xe3\x50\xab\xef\x1b\x85\xf9\xfe\xad\x55\x63\xe1\xa5\x0a" +
	"\x83\x4a\x01\x01\x1b\x8a\x04\x00\x85\x45\x05\x49\x22\x64\x22\x85\xef\xe0\x9f\xac\x08\x68\x0c\x64\x13\x06\x15\x00\x10\xe8\x2e\x95" +
	"\x23\x00\x55\x01\x63\x59\x49\x03\x85\x45\x22\x85\xef\xe0\xdf\xaa\x08\x68\x0c\x64\x13\x06\x15\x00\x10\xe8\x2e\x95\x93\x05\xe0\x02" +
	"\x23\x00\xb5\x00\x93\x05\x11\x01\x82\x14\x13\xd6\x04\x02\x7d\x16\x22\x85\xef\x90\xdf\x8d\x85\x45\x22\x85\xef\xe0\xff\xa7\x08\x68" +
	"\x0c\x64\x13\x06\x15\x00\x10\xe8\x2e\x95\x93\x05\x50\x06\x23\x00\xb5\x00\x93\x04\xd0\x02\x63\x54\x30\x01\x93\x04\xb0\x02\x85\x45" +
	"\x22\x85\xef\xe0\x7f\xa5\x08\x68\x0c\x64\x13\x06\x15\x00\x10\xe8\x2e\x95\x23\x00\x95\x00\x63\x55\x30\x05\xfd\x39\xa1\xa0\x22\x64" +
	"\x63\x58\x30\x07\x0c\x08\x1b\x89\x04\x00\x63\xd5\x29\x0d\x13\x09\x01\x01\x22\x85\x4e\x86\xef\x90\x9f\x87\x85\x45\x22\x85\xef\xe0" +
	"\xbf\xa1\x08\x68\x0c\x64\x13\x06\x15\x00\x10\xe8\x2e\x95\x93\x05\xe0\x02\x23\x00\xb5\x00\xb3\x05\x39\x01\x3b\x86\x34\x41\xbd\xa0" +
	"\xbb\x09\x39\x41\x25\x45\x63\x40\x35\x03\x85\x45\x22\x85\xef\xe0\xbf\x9e\x08\x68\x0c\x64\x13\x06\x15\x00\x10\xe8\x2e\x95\x93\x05" +
	"\x00\x03\x23\x00\xb5\x00\x22\x85\xce\x85\xef\xb0\x1f\xc3\x91\xa0\x17\x05\x00\x00\x93\x05\x65\x71\x09\x46\x22\x85\xef\x90\x3f\x81" +
	"\x63\xd3\x09\x02\x13\x09\x00\x03\x85\x45\x22\x85\xef\xe0\xdf\x9a\x08\x68\x0c\x64\x13\x06\x15\x00\x10\xe8\x2e\x95\x85\x29\x23\x00" +
	"\x25\x01\xe3\x93\x09\xfe\x1b\x86\x04\x00\x0c\x08\x22\x85\xef\x90\x0f\xfe\xb2\x70\x12\x74\xf2\x64\x52\x69\xb2\x69\x12\x6a\xee\x7a" +
	"\x4e\x7b\xae\x7b\x0e\x7c\xee\x6c\x4e\x6d\xae\x6d\x0e\x24\xea\x34\x55\x61\x82\x80\x22\x85\x4a\x86\xef\x90\x6f\xfb\xe3\x5b\x39\xfd" +
	"\x13\x45\xfa\xff\xaa\x99\x93\x04\x00\x03\x85\x45\x22\x85\xef\xe0\xbf\x94\x08\x68\x0c\x64\x13\x06\x15\x00\x10\xe8\x2e\x95\xfd\x39" +
	"\x23\x00\x95\x00\xe3\x93\x09\xfe\x6d\xb7\x17\x15\x00\x00\x93\x05\x95\x81\xf1\xba\x59\x71\x86\xf4\xa2\xf0\xa6\xec\xca\xe8\xce\xe4" +
	"\xd2\xe0\x56\xfc\x5a\xf8\xb2\x84\x10\x66\x2e\x89\x31\xca\x2a\x8a\x13\x05\x00\x0a\xb3\x05\xa6\x02\xa1\x05\x52\x85\xef\xe0\x8f\x95" +
	"\x8c\x64\x90\x60\xaa\x89\x2e\xf4\x32\xf0\xa9\xcd\x17\x05\x00\x00\x83\x34\x45\x4a\xfd\x5a\x4e\x84\x0c\x10\x34\x00\x52\x85\x26\x86" +
	"\xef\xf0\x2f\x8c\x22\x66\x2a\xf0\x2e\xf4\x10\xe0\x85\x0a\x21\x04\xe5\xf5\x4a\x85\xb2\x85\xef\xb0\x5f\xb2\x63\x9b\x0a\x02\xad\xa8" +
	"\x85\x45\x4a\x85\xef\xe0\x5f\x8b\x03\x35\x09\x01\x83\x35\x89\x00\x13\x06\x15\x00\x23\x38\xc9\x00\x2e\x95\x93\x05\x00\x03\x23\x00" +
	"\xb5\x00\x99\xa8\x83\xb5\x89\xff\x4a\x85\xef\xb0\x1f\xaf\xfd\x5a\x17\x05\x00\x00\x83\x34\x05\x32\x13\x0a\xa1\x01\x13\x0b\x71\x00" +
	"\x29\x44\xfd\x1a\x13\x95\x3a\x00\x4e\x95\x0c\x61\x52\x85\x33\xb6\x95\x02\x0d\x82\xb3\x06\x86\x02\x95\x9d\x93\xe5\x05\x03\x23\x00" +
	"\xb5\x00\x7d\x15\xb2\x85\xe3\x14\x65\xff\x2c\x00\x4d\x46\x4a\x85\xef\x90\xef\xe9\xe3\x97\x0a\xfc\xa6\x70\x06\x74\xe6\x64\x46\x69" +
	"\xa6\x69\x06\x6a\xe2\x7a\x42\x7b\x65\x61\x82\x80\x79\x71\x06\xf4\x22\xf0\x26\xec\x4a\xe8\x4e\xe4\x52\xe0\x2e\x8a\x8c\x65\xc9\xc1" +
	"\xb2\x89\x13\x59\x66\x00\x93\x04\x19\x00\xa6\x95\x13\xb6\x15\x00\xb2\x95\x8e\x05\xef\xe0\x0f\x86\x03\x38\x8a\x00\xb3\x85\x04\x01" +
	"\x63\x05\x08\x04\x81\x46\x13\xf7\xf9\x03\x83\x37\x0a\x00\x93\x04\x00\x04\xb3\x88\xe4\x40\x13\x16\x39\x00\x2a\x96\x21\x06\x84\x63" +
	"\x03\x34\x86\xff\xb3\x94\xe4\x00\x45\x8c\x23\x3c\x86\xfe\x19\xc7\x84\x63\x00\x62\xb3\xd4\x14\x01\x45\x8c\x00\xe2\x83\x34\x8a\x00" +
	"\x85\x06\xa1\x07\x21\x06\xe3\xec\x96\xfc\x89\xcd\x4a\x98\x13\x16\x38\x00\x2a\x96\x14\x62\x99\xe6\xfd\x15\x61\x16\xe5\xfd\x19\xa0" +
	"\x03\x35\x0a\x00\xa2\x70\x02\x74\xe2\x64\x42\x69\xa2\x69\x02\x6a\x45\x61\x82\x80\x97\x05\x00\x00\x87\xb7\xc5\x30\x97\x05\x00\x00" +
	"\x07\xb6\x45\x26\x97\x05\x00\x00\x07\xb7\x45\x19\x97\x05\x00\x00\x87\xb6\x45\x2e\xd3\x77\xf5\x1a\xd3\xf5\xc7\x02\xd3\x15\xb7\xa2" +
	"\x53\x96\xd5\xa2\xf1\x8d\x81\xe5\xd3\x87\xb5\x22\x29\xa0\xd3\x95\x25\xc2\xd3\xf7\x25\xd2\x97\x05\x00\x00\x07\xb6\x25\x15\xd3\x95" +
	"\xf5\xa2\x99\xc1\xd3\xf7\xc7\x02\x97\x05\x00\x00\x87\xb5\x85\x1e\x43\xf5\xb7\x52\x97\x05\x00\x00\x87\xb5\xc5\x22\x97\x05\x00\x00" +
	"\x07\xb0\xc5\x29\x97\x05\x00\x00\xd3\xf5\xb7\x12\x53\x16\xb7\xa2\x07\xb7\xc5\x22\xd3\x95\xd5\xa2\xf1\x8d\xc3\xf6\x07\x52\x43\xf7" +
	"\xe7\x6a\x18\xa1\x81\xe5\x53\x87\xb5\x22\x29\xa0\x53\x95\x25\xc2\x53\x77\x25\xd2\x53\x95\xe5\xa2\x19\xc1\x53\x77\xc7\x02\x17\x05" +
	"\x00\x00\x87\x36\x25\x15\xc3\x77\xd7\x7a\x53\x95\x27\xc2\x01\x25\x82\x80\x01\x11\x06\xec\x22\xe8\x26\xe4\x4a\xe0\x2e\x89\x23\xb0" +
	"\x05\x00\x0c\x65\x8d\xc1\x10\x61\x93\x96\x35\x00\xb2\x96\x83\xb4\x86\xff\x89\xcc\x63\xcf\x04\x02\x01\x47\xa6\x87\x86\x07\x05\x07" +
	"\xe3\xde\x07\xfe\x31\xa0\x53\x05\x00\xf2\x99\xa8\x13\x07\x00\x04\x85\x47\xb3\x94\xe4\x00\x63\x81\xf5\x02\x93\x17\x07\x02\x83\xb6" +
	"\x06\xff\x81\x93\x13\x04\x00\x04\x19\x9c\x33\xd7\x86\x00\xd9\x8c\x89\xa0\x05\x47\x63\x9c\xe5\x02\x01\x44\xef\xf0\x0f\xd4\x13\x05" +
	"\x05\xfc\x45\x8c\x23\x30\xa9\x00\x63\x45\x04\x00\x53\x75\x24\xd2\x01\xa8\x85\x80\x05\x88\x45\x8c\xd3\x77\x24\xd2\x53\xf5\xf7\x02" +
	"\xe2\x60\x42\x64\xa2\x64\x02\x69\x05\x61\x82\x80\x83\xb6\x06\xff\x81\x47\xb3\x96\xf6\x00\x0d\x47\x33\x34\xd0\x00\xe3\xef\xe5\xfa" +
	"\xcd\xfe\x8d\x46\x18\x62\x33\x34\xe0\x00\xe3\xf8\xb6\xfa\x85\x06\x21\x06\x6d\xdb\x5d\xb7\x00\x00\x9a\x99\x99\x99\x99\x49\x87\xc0" +
	"\xcd\x3b\x7f\x66\x9e\xa0\xf6\x3f\x00\x00\x00\x00\x00\x00\xf0\xbf\x76\x3c\x79\x35\xef\x39\xea\xbd\x00\x00\x00\x00\x00\x00\x40\xc3" +
	"\x00\x00\x00\x00\x00\x00\x00\x40\x18\x2d\x44\x54\xfb\x21\xf9\xbf\x00\x00\x00\x00\x00\xc0\x72\x40\x00\x00\x6f\x69\x00\x00\xf8\x7f" +
	"\x00\x66\x76\x6f\x00\x00\xf8\x7f\x00\x00\x00\x00\x00\x00\xf0\x7f\x00\x00\xe0\xfe\x42\x2e\xe6\x3f\x65\x73\x2d\x38\x52\xc1\xe0\x3f" +
	"\xbb\xbd\xd7\xd9\xdf\x7c\xdb\xbd\x00\x00\x00\x00\x00\x00\xf0\x43\x00\x00\x00\x00\x00\x00\x10\xc0\x16\x55\xb5\xbb\xb1\x6b\x02\x40" +
	"\xaa\x4c\x58\xe8\x7a\xb6\xfb\x3f\x00\x00\x00\x00\x00\x00\xf0\x3f\xcd\xcc\xcc\xcc\xcc\xcc\xcc\xcc\x18\x2d\x44\x54\xfb\x21\x09\xc0" +
	"\x00\x00\x00\x00\x00\x00\xa0\x3c\x0d\xe5\x26\x15\x7b\xcb\xdb\x3f\x00\x00\x40\x54\xfb\x21\xf9\xbf\x00\x00\x00\x00\x00\x00\xe0\x43" +
	"\x00\x00\x00\x00\x00\x00\xf0\xff\x56\xcd\x9e\x5e\x14\x26\xd1\x3f\x76\x3c\x79\x35\xef\x39\xea\x3d\x00\x00\x00\x00\x00\x00\x24\x40" +
	"\x00\x00\x00\x00\x00\x00\xe0\x3f\x15\x7c\x4a\x7f\xb9\x79\x37\x9e\x00\x00\x00\x00\x00\x00\x50\x43\x95\xd6\x26\xe8\x0b\x2e\x11\x3e" +
	"\x00\x00\x00\x00\x00\x00\xd0\x3f\x66\x66\x66\x66\x66\x2e\x86\x40\x73\x70\x03\x2e\x8a\x19\xa3\xbb\x00\x30\x76\x64\x00\x00\xf8\x7f" +
	"\x00\x79\x65\x6b\x00\x00\xf8\x7f\x00\x00\x00\x00\x00\x00\xf8\x7f\x00\x00\xe0\xfe\x42\x2e\xe6\xbf\x00\x00\x00\x00\x00\x00\xe0\xc3" +
	"\x00\x66\x6f\x65\x00\x00\xf8\x7f\x00\x78\x64\x69\x00\x00\xf8\x7f\xef\x39\xfa\xfe\x42\x2e\xe6\x3f\x00\x66\x64\x75\x00\x00\xf8\x7f" +
	"\xcd\x8c\x55\xed\xd7\xaf\x51\xff\x83\x03\x9d\x73\xb0\x0f\x65\x14\x00\x00\x00\x00\x00\x00\x40\x43\x31\x63\x62\x1a\x61\xb4\xd0\xbd" +
	"\x18\x2d\x44\x54\xfb\x21\xf9\x3f\x00\x67\x72\x61\x00\x00\xf8\x7f\x00\x00\x00\x00\x00\xc0\x72\xc0\x00\x00\x00\x00\x00\x00\x70\x7e" +
	"\x00\x00\x00\x00\x00\x00\x70\x01\x18\x2d\x44\x54\xfb\x21\x09\x40\x00\x00\xe8\x89\x04\x23\xc7\x8a\x61\x73\x69\x6e\x00\x65\x78\x70" +
	"\x00\x74\x61\x6e\x00\x61\x63\x6f\x73\x00\x67\x63\x64\x20\x6e\x65\x65\x64\x73\x20\x69\x6e\x74\x65\x67\x65\x72\x73\x00\x70\x75\x73" +
	"\x68\x00\x65\x72\x72\x6f\x72\x3a\x20\x00\x6d\x61\x70\x00\x69\x6e\x64\x65\x78\x00\x20\x61\x72\x67\x75\x6d\x65\x6e\x74\x20\x62\x75" +
	"\x74\x20\x67\x6f\x74\x20\x00\x63\x65\x69\x6c\x00\x6d\x69\x6e\x00\x30\x31\x32\x33\x34\x35\x36\x37\x38\x39\x41\x42\x43\x44\x45\x46" +
	"\x00\x72\x65\x70\x6c\x61\x63\x65\x00\x73\x74\x61\x72\x74\x73\x5f\x77\x69\x74\x68\x00\x74\x72\x75\x6e\x63\x00\x6e\x6f\x74\x20\x61" +
	"\x20\x6e\x75\x6d\x62\x65\x72\x3a\x20\x00\x2c\x20\x00\x61\x62\x73\x00\x72\x6f\x75\x6e\x64\x00\x6e\x75\x6d\x00\x20\x6e\x65\x65\x64" +
	"\x73\x20\x61\x20\x6e\x75\x6d\x2c\x20\x6e\x6f\x74\x20\x00\x61\x73\x73\x69\x67\x6e\x20\x69\x6e\x74\x6f\x00\x65\x6e\x64\x73\x5f\x77" +
	"\x69\x74\x68\x00\x61\x64\x64\x00\x64\x69\x76\x69\x64\x65\x00\x63\x6f\x73\x00\x61\x74\x61\x6e\x00\x66\x69\x6e\x64\x00\x70\x6f\x70" +
	"\x20\x66\x72\x6f\x6d\x20\x61\x6e\x20\x65\x6d\x70\x74\x79\x20\x6c\x69\x73\x74\x00\x6d\x75\x6c\x74\x69\x70\x6c\x79\x00\x63\x6f\x6d" +
	"\x62\x69\x6e\x65\x20\x62\x69\x74\x73\x20\x6f\x66\x00\x5c\x5c\x00\x6f\x72\x64\x00\x61\x20\x00\x2e\x2e\x2e\x00\x3c\x66\x6e\x3e\x00" +
	"\x74\x69\x6d\x3a\x20\x00\x20\x6e\x65\x65\x64\x73\x20\x61\x20\x73\x74\x72\x2c\x20\x6e\x6f\x74\x20\x00\x79\x65\x73\x00\x61\x74\x20" +
	"\x6c\x65\x61\x73\x74\x20\x00\x20\x61\x72\x67\x75\x6d\x65\x6e\x74\x73\x20\x62\x75\x74\x20\x67\x6f\x74\x20\x00\x6d\x61\x78\x00\x73" +
	"\x69\x6e\x00\x61\x74\x61\x6e\x32\x00\x69\x6e\x66\x00\x74\x61\x6b\x65\x20\x74\x68\x65\x20\x6c\x65\x6e\x67\x74\x68\x20\x6f\x66\x00" +
	"\x75\x70\x70\x65\x72\x00\x30\x2e\x00\x5c\x72\x00\x73\x70\x6c\x69\x74\x00\x74\x72\x69\x6d\x00\x73\x6f\x72\x74\x20\x6b\x65\x79\x73" +
	"\x20\x64\x6f\x20\x6e\x6f\x74\x20\x6d\x61\x74\x63\x68\x20\x74\x68\x65\x20\x6c\x69\x73\x74\x00\x73\x75\x62\x74\x72\x61\x63\x74\x00" +
	"\x5c\x22\x00\x20\x61\x6e\x64\x20\x00\x72\x65\x61\x64\x20\x61\x20\x66\x69\x65\x6c\x64\x20\x6f\x66\x00\x63\x68\x72\x20\x6e\x65\x65" +
	"\x64\x73\x20\x61\x20\x63\x6f\x64\x65\x20\x70\x6f\x69\x6e\x74\x00\x72\x65\x61\x64\x5f\x66\x69\x6c\x65\x00\x70\x74\x72\x28\x30\x78" +
	"\x00\x20\x6f\x66\x20\x6e\x6f\x74\x68\x69\x6e\x67\x00\x5c\x78\x00\x73\x6c\x69\x63\x65\x00\x67\x63\x64\x00\x6c\x6f\x77\x65\x72\x00" +
	"\x6a\x6f\x69\x6e\x00\x74\x61\x6b\x65\x20\x74\x68\x65\x20\x72\x65\x6d\x61\x69\x6e\x64\x65\x72\x20\x6f\x66\x00\x73\x65\x61\x72\x63" +
	"\x68\x00\x70\x6f\x70\x00\x65\x72\x72\x6f\x72\x00\x73\x75\x6d\x00\x7a\x69\x70\x00\x72\x61\x69\x73\x65\x00\x0a\x00\x73\x71\x72\x74" +
	"\x00\x72\x65\x6d\x6f\x76\x65\x20\x66\x72\x6f\x6d\x00\x72\x65\x76\x65\x72\x73\x65\x00\x74\x69\x6d\x3a\x20\x6f\x75\x74\x20\x6f\x66" +
	"\x20\x6d\x65\x6d\x6f\x72\x79\x0a\x00\x66\x6f\x72\x6d\x61\x74\x20\x77\x69\x74\x68\x00\x6e\x6f\x00\x63\x61\x6c\x6c\x00\x77\x72\x69" +
	"\x74\x65\x5f\x66\x69\x6c\x65\x00\x63\x61\x6e\x6e\x6f\x74\x20\x00\x20\x6e\x65\x65\x64\x73\x20\x61\x20\x6c\x69\x73\x74\x2c\x20\x6e" +
	"\x6f\x74\x20\x00\x6e\x65\x67\x61\x74\x65\x00\x6c\x6f\x67\x31\x30\x00\x70\x74\x72\x00\x63\x61\x6e\x6e\x6f\x74\x20\x73\x6f\x72\x74" +
	"\x20\x76\x61\x6c\x75\x65\x73\x20\x6f\x66\x20\x64\x69\x66\x66\x65\x72\x65\x6e\x74\x20\x74\x79\x70\x65\x73\x00\x73\x65\x61\x72\x63" +
	"\x68\x20\x61\x20\x73\x74\x72\x20\x66\x6f\x72\x00\x66\x6c\x6f\x61\x74\x00\x74\x61\x6b\x65\x20\x74\x68\x65\x20\x6b\x65\x79\x73\x20" +
	"\x6f\x66\x00\x6e\x61\x6e\x00\x30\x31\x32\x33\x34\x35\x36\x37\x38\x39\x61\x62\x63\x64\x65\x66\x00\x5c\x74\x00\x73\x74\x72\x00\x63" +
	"\x6f\x6d\x70\x61\x72\x65\x00\x66\x75\x6e\x63\x74\x69\x6f\x6e\x20\x74\x61\x6b\x65\x73\x20\x00\x66\x6c\x6f\x6f\x72\x00\x72\x75\x6e" +
	"\x65\x73\x00\x73\x6f\x72\x74\x00\x61\x6e\x20\x00\x3a\x20\x00\x6f\x75\x74\x20\x6f\x66\x20\x6d\x65\x6d\x6f\x72\x79\x00\x66\x6e\x00" +
	"\x5c\x6e\x00\x6c\x69\x73\x74\x00\x63\x68\x72\x00\x6f\x72\x64\x20\x6f\x66\x20\x61\x6e\x20\x65\x6d\x70\x74\x79\x20\x73\x74\x72\x69" +
	"\x6e\x67\x00\x6d\x61\x6b\x65\x20\x61\x20\x72\x61\x6e\x67\x65\x20\x6f\x66\x00\x6c\x6f\x67\x00\x62\x79\x74\x65\x73\x00\x74\x61\x6b" +
	"\x65\x20\x74\x68\x65\x20\x76\x61\x6c\x75\x65\x73\x20\x6f\x66\x00\x65\x6e\x76\x00\x64\x76\x30\x00\x64\x69\x76\x69\x73\x69\x6f\x6e" +
	"\x20\x62\x79\x20\x7a\x65\x72\x6f\x00\x69\x64\x78\x00\x69\x6e\x64\x65\x78\x20\x6f\x75\x74\x20\x6f\x66\x20\x72\x61\x6e\x67\x65\x00" +
	"\x6b\x65\x79\x00\x6b\x65\x79\x20\x6e\x6f\x74\x20\x66\x6f\x75\x6e\x64\x00\x74\x79\x70\x00\x77\x72\x6f\x6e\x67\x20\x74\x79\x70\x65" +
	"\x00\x61\x72\x67\x00\x69\x6e\x76\x61\x6c\x69\x64\x20\x61\x72\x67\x75\x6d\x65\x6e\x74\x00\x6f\x76\x66\x00\x6e\x75\x6d\x62\x65\x72" +
	"\x20\x74\x6f\x6f\x20\x6c\x61\x72\x67\x65\x00\x69\x6f\x00\x69\x6e\x70\x75\x74\x2f\x6f\x75\x74\x70\x75\x74\x20\x65\x72\x72\x6f\x72" +
	"\x00\x65\x6f\x66\x00\x65\x6e\x64\x20\x6f\x66\x20\x69\x6e\x70\x75\x74\x00\x70\x72\x73\x00\x6e\x6f\x74\x20\x61\x20\x6e\x75\x6d\x62" +
	"\x65\x72\x00\x75\x64\x66\x00\x75\x6e\x64\x65\x66\x69\x6e\x65\x64\x00\x6e\x69\x6c\x00\x6e\x75\x6c\x6c\x20\x70\x6f\x69\x6e\x74\x65" +
	"\x72\x00\x6d\x65\x6d\x00\x6f\x75\x74\x20\x6f\x66\x20\x6d\x65\x6d\x6f\x72\x79\x00\x65\x72\x72\x00\x65\x72\x72\x6f\x72\x00\x00\x00" +
	"\x00\x00\x00\x00\x00\x00\x00\x00\x80\x00\x00\x00\x00\x00\x00\x00\x00\x08\x00\x00\x00\x00\x00\x00\x00\x00\x01\x00\x00\x00\x00\x00")
