// Code generated by runtime/build.sh; DO NOT EDIT.

package main

var rtLinuxAMD64Syms = map[string]int{
	"rt_abs":         0x00000000000057d4,
	"rt_acos":        0x00000000000062f3,
	"rt_arena_enter": 0x00000000000092c6,
	"rt_arena_exit":  0x0000000000009306,
	"rt_args":        0x0000000000008c78,
	"rt_asin":        0x0000000000006270,
	"rt_atan":        0x0000000000006348,
	"rt_atan2":       0x0000000000006744,
	"rt_binop":       0x0000000000000349,
	"rt_bound":       0x00000000000097be,
	"rt_bytes":       0x000000000000779d,
	"rt_c_flush":     0x000000000000a5ce,
	"rt_call_error":  0x000000000000542c,
	"rt_ceil":        0x000000000000599c,
	"rt_cell":        0x00000000000053ad,
	"rt_chr":         0x0000000000007599,
	"rt_closure":     0x0000000000004fe1,
	"rt_clz":         0x000000000000a3f3,
	"rt_concat":      0x000000000000353d,
	"rt_cos":         0x0000000000006089,
	"rt_cstr":        0x000000000000a54a,
	"rt_ctz":         0x000000000000a433,
	"rt_ends_with":   0x000000000000804a,
	"rt_enumerate":   0x0000000000008b78,
	"rt_env":         0x0000000000008cee,
	"rt_error":       0x00000000000056a4,
	"rt_errtext":     0x0000000000005700,
	"rt_exit":        0x000000000000018c,
	"rt_exp":         0x0000000000005b05,
	"rt_failed":      0x0000000000002195,
	"rt_ffi":         0x0000000000009806,
	"rt_field":       0x00000000000029d3,
	"rt_find":        0x00000000000080eb,
	"rt_float":       0x000000000000647f,
	"rt_floor":       0x0000000000005952,
	"rt_flush":       0x0000000000000123,
	"rt_fn_code":     0x00000000000053ea,
	"rt_gc":          0x00000000000097b1,
	"rt_gcd":         0x00000000000069ea,
	"rt_globals":     0x000000000000919b,
	"rt_in":          0x0000000000002d2d,
	"rt_index":       0x00000000000021e7,
	"rt_init":        0x000000000000007d,
	"rt_int":         0x000000000000a4a6,
	"rt_iter":        0x000000000000301d,
	"rt_join":        0x0000000000007bb7,
	"rt_keys":        0x00000000000082a2,
	"rt_len":         0x0000000000002ca1,
	"rt_list":        0x0000000000003399,
	"rt_log":         0x0000000000005ca2,
	"rt_log10":       0x0000000000005de3,
	"rt_lower":       0x000000000000794e,
	"rt_map":         0x00000000000033a3,
	"rt_max":         0x00000000000069d4,
	"rt_mem_read":    0x0000000000009ee2,
	"rt_mem_write":   0x000000000000a0a9,
	"rt_min":         0x0000000000006858,
	"rt_neg":         0x0000000000002080,
	"rt_num":         0x0000000000006c64,
	"rt_ord":         0x0000000000007629,
	"rt_pop":         0x000000000000822c,
	"rt_popcount":    0x000000000000a324,
	"rt_pow":         0x0000000000006843,
	"rt_print":       0x0000000000003e2c,
	"rt_printf":      0x0000000000004f7c,
	"rt_ptr":         0x000000000000a297,
	"rt_push":        0x00000000000081e3,
	"rt_random":      0x0000000000006b75,
	"rt_range":       0x0000000000002e9f,
	"rt_read_file":   0x0000000000008ef2,
	"rt_readln":      0x0000000000008da6,
	"rt_remove":      0x00000000000083ba,
	"rt_replace":     0x0000000000007e15,
	"rt_reverse":     0x00000000000088a6,
	"rt_round":       0x00000000000059e6,
	"rt_runes":       0x00000000000077e2,
	"rt_setindex":    0x0000000000002467,
	"rt_sin":         0x0000000000005f08,
	"rt_slice":       0x0000000000002a2a,
	"rt_sort":        0x0000000000008899,
	"rt_sort_by":     0x000000000000850a,
	"rt_split":       0x0000000000007a13,
	"rt_sprintf":     0x000000000000401f,
	"rt_sqrt":        0x0000000000005a7a,
	"rt_start":       0x000000000000a5dd,
	"rt_starts_with": 0x0000000000007fb5,
	"rt_str":         0x00000000000034a5,
	"rt_struct":      0x000000000000a24a,
	"rt_struct_n":    0x000000000000a4d1,
	"rt_sum":         0x00000000000089cd,
	"rt_tan":         0x000000000000620a,
	"rt_trim":        0x0000000000007961,
	"rt_trunc":       0x0000000000005a30,
	"rt_truthy":      0x0000000000002101,
	"rt_type":        0x00000000000074cd,
	"rt_upper":       0x000000000000789c,
	"rt_values":      0x00000000000083a4,
	"rt_wb":          0x00000000000091c8,
	"rt_write_file":  0x000000000000909f,
	"rt_zip":         0x0000000000008a41,
}

var rtLinuxAMD64 = []byte("" +
	"\x55\x48\x89\xe5\x48\x89\xf8\x48\x85\xd2\x74\x12\x31\xc9\x40\x8a\x3c\x0e\x40\x88\x3c\x08\x48\xff\xc1\x48\x39\xca\x75\xf0\x5d\xc3" +
	"\x55\x48\x89\xe5\x48\x89\xf8\x48\x39\xf7\x73\x19\x48\x85\xd2\x74\x2e\x31\xc9\x40\x8a\x3c\x0e\x40\x88\x3c\x08\x48\xff\xc1\x48\x39" +
	"\xca\x75\xf0\xeb\x1a\x48\x85\xd2\x74\x15\x48\x89\xd1\x40\x8a\x7c\x16\xff\x40\x88\x7c\x10\xff\x48\xff\xc9\x48\x89\xca\x75\xee\x5d" +
	"\xc3\x55\x48\x89\xe5\x48\x89\xf8\x48\x85\xd2\x74\x0e\x31\xc9\x40\x88\x34\x08\x48\xff\xc1\x48\x39\xca\x75\xf4\x5d\xc3\x55\x48\x89" +
	"\xe5\x41\x57\x41\x56\x41\x55\x41\x54\x53\x50\x48\x89\xcb\x49\x89\xd6\x49\x89\xf7\x49\x89\xfd\xbe\x00\xd0\x00\x00\xff\x57\x28\x49" +
	"\x89\xc4\x48\x85\xc0\x75\x24\x48\x8d\x15\x85\xce\x00\x00\xbe\x02\x00\x00\x00\xb9\x13\x00\x00\x00\x4c\x89\xef\x41\xff\x55\x00\xbe" +
	"\x46\x00\x00\x00\x4c\x89\xef\x41\xff\x55\x20\x31\xc0\x41\xc6\x04\x04\x00\x48\xff\xc0\x48\x3d\x18\xc4\x00\x00\x75\xf0\x4d\x89\x2c" +
	"\x24\x49\xc7\x84\x24\x78\xa3\x00\x00\x00\x00\x40\x00\x49\x8d\x46\xf8\x49\x89\x84\x24\x80\xa3\x00\x00\x4d\x89\xbc\x24\xb8\xa3\x00" +
	"\x00\x4d\x89\xb4\x24\xc0\xa3\x00\x00\x49\x89\x9c\x24\xc8\xa3\x00\x00\x4c\x89\xe0\x48\x83\xc4\x08\x5b\x41\x5c\x41\x5d\x41\x5e\x41" +
	"\x5f\x5d\xc3\x55\x48\x89\xe5\x5d\xe9\x00\x00\x00\x00\x55\x48\x89\xe5\x41\x57\x41\x56\x53\x50\x48\x89\xfb\x48\x8b\x87\xb0\xa3\x00" +
	"\x00\x48\x85\xc0\x74\x04\x31\xff\xff\xd0\x4c\x8d\xb3\x14\xa4\x00\x00\x45\x31\xff\x48\x8b\x8b\xd0\xa3\x00\x00\x4c\x29\xf9\x76\x16" +
	"\x48\x8b\x3b\x4b\x8d\x14\x3e\xbe\x01\x00\x00\x00\xff\x17\x49\x01\xc7\x48\x85\xc0\x7f\xde\x48\xc7\x83\xd0\xa3\x00\x00\x00\x00\x00" +
	"\x00\x48\x83\xc4\x08\x5b\x41\x5e\x41\x5f\x5d\xc3\x55\x48\x89\xe5\x41\x56\x53\x49\x89\xf6\x48\x89\xfb\xe8\x8f\xff\xff\xff\x66\x49" +
	"\x0f\x6e\xc6\x66\x0f\x2e\xc0\x7a\x1b\x48\x89\xdf\x4c\x89\xf6\xe8\x5d\x00\x00\x00\x48\x8b\x3b\x48\x8b\x4f\x20\x0f\xb6\xf0\x5b\x41" +
	"\x5e\x5d\xff\xe1\x4c\x89\xf0\x48\xc1\xe8\x30\x48\x8d\x88\x07\x00\xff\xff\x48\x83\xf9\x02\x72\xd1\x4c\x89\xf1\x48\x0f\xba\xe9\x3f" +
	"\x48\xba\x00\x00\x00\x00\x00\x00\xf8\xff\x48\x39\xd1\x74\xba\x48\x3d\xf8\x7f\x00\x00\x0f\x94\xc1\x49\xc1\xe6\x10\x0f\x95\xc2\x20" +
	"\xca\x48\x3d\xfc\x7f\x00\x00\x0f\x94\xc0\x08\xd0\x0f\xb6\xc0\xeb\xa3\x55\x48\x89\xe5\x41\x56\x53\x48\x83\xec\x70\x48\x89\xfb\x48" +
	"\x89\xf0\x48\xc1\xe8\x30\x48\x05\x07\x00\xff\xff\x48\x83\xf8\x02\x72\x3a\x66\x48\x0f\x6e\xc6\x66\x0f\x2e\x05\x81\xc8\x00\x00\xf2" +
	"\x48\x0f\x2c\xc0\x0f\x86\x95\x00\x00\x00\xf2\x0f\x10\x0d\x7e\xc9\x00\x00\x66\x0f\x2e\xc8\x0f\x86\x83\x00\x00\x00\x0f\x57\xc9\xf2" +
	"\x48\x0f\x2a\xc8\x66\x0f\x2e\xc1\x75\x75\x7a\x73\x4c\x8d\x75\x98\x48\x89\xf7\x4c\x89\xf6\xe8\xec\xa4\x00\x00\x49\x8b\x46\x10\x48" +
	"\x89\x45\xe0\x66\x41\x0f\x10\x06\x66\x0f\x29\x45\xd0\x49\x83\x7e\x20\x01\x75\x0a\x48\x8b\x45\xb0\x48\x83\x38\x01\x74\x18\x48\x8d" +
	"\x55\xb0\x48\x8d\x75\x98\x48\x8d\x4d\xd0\x4c\x8d\x45\x80\x48\x89\xdf\xe8\x81\xa5\x00\x00\x48\x83\x7d\xd8\x00\x74\x09\x48\x8b\x45" +
	"\xd0\x48\x8b\x08\xeb\x02\x31\xc9\x48\x89\xc8\x48\xf7\xd8\x83\x7d\xe0\x00\x48\x0f\x44\xc1\x48\x83\xc4\x70\x5b\x41\x5e\x5d\xc3\x66" +
	"\x0f\x2e\xc0\x7a\x60\x66\x0f\x2e\x05\x5b\xc8\x00\x00\x73\x1a\xf2\x0f\x10\x0d\xc9\xc8\x00\x00\x66\x0f\x2e\xc8\x76\xd9\x48\xb8\x00" +
	"\x00\x00\x00\x00\x00\x00\x80\xeb\xcd\xf2\x48\x0f\x2c\xc0\x48\x89\xc1\x66\x0f\x28\xc8\xf2\x0f\x5c\x0d\x2b\xc8\x00\x00\x48\xc1\xf9" +
	"\x3f\xf2\x48\x0f\x2c\xd1\x48\x21\xca\x48\x09\xc2\xf2\x0f\x10\x0d\xcc\xc7\x00\x00\x66\x0f\x2e\xc8\x48\xc7\xc0\xff\xff\xff\xff\x48" +
	"\x0f\x47\xc2\xeb\x91\x31\xc0\xeb\x8d\x55\x48\x89\xe5\x41\x57\x41\x56\x41\x55\x41\x54\x53\x48\x83\xec\x68\x49\x89\xc9\x49\x89\xd4" +
	"\x49\x89\xf5\x49\xb8\xff\xff\xff\xff\xff\xff\x00\x00\x48\x89\xce\x48\xc1\xee\x30\x48\x81\xfe\xf8\x7f\x00\x00\x0f\x94\xc0\x4c\x21" +
	"\xc1\x48\x89\x4d\xb0\x0f\x95\xc1\x20\xc1\x48\x81\xfe\xfc\x7f\x00\x00\x0f\x94\xc0\x08\xc8\x88\x45\xd4\x66\x49\x0f\x6e\xd1\x66\x0f" +
	"\x2e\xd2\x0f\x9b\xc0\x4c\x89\xc9\x48\x0f\xba\xf1\x3f\x48\xba\x00\x00\x00\x00\x00\x00\xf8\x7f\x48\x39\xd1\x41\x0f\x94\xc2\x48\x8d" +
	"\x8e\x07\x00\xff\xff\x48\x89\x4d\x80\x48\x83\xf9\x02\x0f\x92\xc1\x89\xc2\x08\xca\x88\x55\xd7\x48\x89\xf2\x48\x89\x75\xb8\x48\x8d" +
	"\x96\x05\x00\xff\xff\x48\x83\xfa\xfe\x40\x0f\x92\xc6\xf2\x48\x0f\x2c\xd2\xf2\x48\x0f\x2a\xc2\x66\x0f\x2e\xd0\x0f\x9a\xc2\x41\x0f" +
	"\x95\xc6\x41\x08\xd6\xf2\x0f\x10\x0d\xc3\xc7\x00\x00\x66\x0f\x28\xc2\x66\x0f\xc2\xc1\x05\xf2\x0f\x10\x0d\xa2\xc6\x00\x00\x66\x0f" +
	"\xc2\xca\x05\x66\x0f\x56\xc8\x66\x0f\x7e\xca\x41\x08\xd6\x66\x0f\x57\xc0\x31\xd2\x66\x0f\x2e\xd0\x0f\x97\xc2\x0f\x29\x95\x70\xff" +
	"\xff\xff\x66\x0f\x2e\xc2\x41\xbb\xff\xff\xff\xff\x41\x0f\x47\xd3\x89\x55\xac\x41\x08\xca\x41\x08\xc2\x44\x20\xf6\x40\x88\x75\xd6" +
	"\x41\x80\xf6\x01\x41\x08\xce\x41\x80\xf2\x01\x44\x88\x55\xd5\x4c\x89\x4d\xc8\x48\x89\x7d\xc0\x49\x8d\x45\xf5\x48\x83\xf8\x01\x0f" +
	"\x86\x36\x03\x00\x00\x4d\x89\xe7\x49\xc1\xef\x30\x49\x81\xff\xf8\x7f\x00\x00\x0f\x94\xc0\x4c\x89\xe3\x4c\x21\xc3\x0f\x95\xc1\x20" +
	"\xc1\x49\x81\xff\xfc\x7f\x00\x00\x0f\x94\xc0\x08\xc8\x89\xc1\x0a\x4d\xd4\x0f\x85\x28\x03\x00\x00\x41\x81\xff\xff\xff\x00\x00\x75" +
	"\x39\x49\x8d\x45\xff\x48\x83\xf8\x02\x0f\x93\xc0\x0a\x45\xd5\x0f\x84\x48\x03\x00\x00\x81\x7d\xb8\xff\xff\x00\x00\x75\x0a\x49\x83" +
	"\xfd\x02\x0f\x84\x77\x03\x00\x00\x66\x49\x0f\x6e\xc4\xb0\x01\x66\x0f\x2e\xc0\x7b\x16\xe9\x9f\x02\x00\x00\x66\x49\x0f\x6e\xc4\xb0" +
	"\x01\x66\x0f\x2e\xc0\x0f\x8a\xe8\x01\x00\x00\x80\x7d\xd7\x00\x75\x1b\x4c\x89\xc9\x48\x0f\xba\xe9\x3f\x48\xba\x00\x00\x00\x00\x00" +
	"\x00\xf8\xff\x48\x39\xd1\x0f\x85\x65\x03\x00\x00\x49\x83\xfd\x0d\x0f\x83\xb5\x02\x00\x00\x66\x0f\x2e\xc0\x0f\x8a\x62\x01\x00\x00" +
	"\x31\xc0\x66\x0f\x28\x8d\x70\xff\xff\xff\x66\x0f\x2e\xc9\x0f\x8a\x64\x01\x00\x00\x31\xc9\x08\xc1\xf6\xc1\x01\x0f\x85\xa6\x02\x00" +
	"\x00\x49\x81\xc7\x07\x00\xff\xff\x49\x83\xff\x02\x73\x16\x41\xf6\xc6\x01\x75\x56\x4c\x89\xee\x4c\x89\xe2\x4c\x89\xc9\xe8\x83\x13" +
	"\x00\x00\xeb\x54\x66\x0f\x28\xc8\xf2\x0f\x10\x15\x40\xc6\x00\x00\x66\x0f\xc2\xca\x01\xf2\x0f\x10\x15\x23\xc5\x00\x00\x66\x0f\xc2" +
	"\xd0\x01\x66\x0f\x54\xd1\xf2\x48\x0f\x2c\xc0\x0f\x57\xc9\xf2\x48\x0f\x2a\xc8\x66\x0f\x7e\xd0\x66\x0f\x2e\xc1\x0f\x9b\xc1\x0f\x94" +
	"\xc2\x20\xca\x20\xc2\x44\x84\xf2\x74\xaa\x4c\x89\xee\x4c\x89\xe2\x4c\x89\xc9\xe8\x09\x0a\x00\x00\x49\x89\xc4\x49\x83\xfd\x05\x49" +
	"\xb8\xff\xff\xff\xff\xff\xff\x00\x00\x0f\x85\xb9\x04\x00\x00\x4c\x89\xe0\x48\xc1\xe8\x30\x48\x3d\xf8\x7f\x00\x00\x0f\x94\xc2\x4c" +
	"\x89\xe1\x4c\x21\xc1\x40\x0f\x95\xc6\x48\x3d\xfc\x7f\x00\x00\x0f\x84\x93\x04\x00\x00\x40\x20\xf2\x0f\x85\x8a\x04\x00\x00\x48\x05" +
	"\x07\x00\xff\xff\x48\x83\xf8\x01\x77\x18\x48\x8b\x49\x08\x31\xc0\x85\xc9\x0f\x95\xc0\x48\x85\xc9\xb9\xff\xff\xff\xff\x0f\x48\xc1" +
	"\xeb\x1e\x66\x49\x0f\x6e\xc4\x31\xc0\x66\x0f\x57\xc9\x66\x0f\x2e\xc1\x0f\x97\xc0\x66\x0f\x2e\xc8\xb9\xff\xff\xff\xff\x0f\x47\xc1" +
	"\x4c\x8b\x4d\xc8\x48\x8b\x7d\xc0\x8b\x4d\xac\x48\x83\x7d\x80\x01\x77\x1a\x48\x8b\x4d\xb0\x48\x8b\x51\x08\x31\xc9\x85\xd2\x0f\x95" +
	"\xc1\x48\x85\xd2\xba\xff\xff\xff\xff\x0f\x48\xca\x0f\xaf\xc8\x41\xbd\x01\x00\x00\x00\x85\xc9\x0f\x88\xda\xfd\xff\xff\xe9\x06\x04" +
	"\x00\x00\x49\x8d\x8f\x07\x00\xff\xff\x84\xc0\x74\x66\x48\x83\xf9\x02\x73\x7d\xe9\xbb\x00\x00\x00\x66\x83\x7d\xb8\xf9\x0f\x84\xbf" +
	"\x00\x00\x00\x0f\xb7\x4d\xb8\x81\xf9\xfa\xff\x00\x00\x74\x1c\x48\x8b\x4d\xc8\x48\x0f\xba\xe9\x3f\x48\xba\x00\x00\x00\x00\x00\x00" +
	"\xf8\xff\x48\x39\xd1\x0f\x85\x97\x00\x00\x00\x8a\x4d\xd6\xe9\x91\x00\x00\x00\x49\x8d\x87\x07\x00\xff\xff\x48\x83\xf8\x02\x0f\x83" +
	"\x8d\x00\x00\x00\x31\xc0\x4c\x8b\x4d\xc8\x48\x8b\x7d\xc0\xe9\xf8\xfd\xff\xff\x48\x83\xf9\x02\x72\x5a\x4c\x89\xe0\x48\x0f\xba\xe8" +
	"\x3f\x48\xb9\x00\x00\x00\x00\x00\x00\xf8\xff\x48\x39\xc8\x75\x43\x66\x0f\x28\xc8\xf2\x0f\x10\x15\x94\xc4\x00\x00\x66\x0f\xc2\xca" +
	"\x05\xf2\x0f\x10\x15\x77\xc3\x00\x00\x66\x0f\xc2\xd0\x05\x66\x0f\x56\xd1\x66\x0f\x7e\xd1\xf2\x48\x0f\x2c\xc0\x0f\x57\xc9\xf2\x48" +
	"\x0f\x2a\xc8\x66\x0f\x2e\xc1\x0f\x9a\xc2\x0f\x95\xc0\x08\xd0\x08\xc8\xeb\x02\x31\xc0\x4c\x8b\x4d\xc8\x48\x8b\x7d\xc0\xe9\xc0\xfd" +
	"\xff\xff\x31\xc9\x4c\x8b\x4d\xc8\x48\x8b\x7d\xc0\xe9\xc5\xfd\xff\xff\x4c\x8b\x4d\xc8\x48\x8b\x7d\xc0\x4c\x89\xe0\x48\x0f\xba\xe8" +
	"\x3f\x48\xb9\x00\x00\x00\x00\x00\x00\xf8\xff\x48\x39\xc8\x0f\x85\xdd\x00\x00\x00\x31\xc0\xe9\x50\xfd\xff\xff\x31\xdb\x49\x83\xfd" +
	"\x0b\x0f\x94\xc3\x4c\x89\xe6\x4c\x89\xca\xe8\xb4\x03\x00\x00\x39\xd8\x0f\x84\xc4\x02\x00\x00\x66\x0f\x57\xc0\xe9\xc3\x02\x00\x00" +
	"\x84\xc0\x4d\x0f\x44\xe1\xe9\xbd\x02\x00\x00\x4c\x89\xee\x4c\x89\xe2\x4c\x89\xc9\x48\x83\xc4\x68\x5b\x41\x5c\x41\x5d\x41\x5e\x41" +
	"\x5f\x5d\xe9\xff\x06\x00\x00\xa8\x01\x4d\x0f\x45\xcc\x45\x31\xe4\x49\x83\xfd\x07\x4d\x0f\x42\xe1\xe9\x8b\x02\x00\x00\x4c\x89\xce" +
	"\xe8\xec\xf9\xff\xff\x31\xc9\x41\x81\xff\xff\xff\x00\x00\x48\x0f\x43\xcb\x48\x89\xc2\x48\xf7\xda\x49\x83\xfd\x01\x48\x0f\x44\xd0" +
	"\x48\x01\xca\x49\xbc\xff\xff\xff\xff\xff\xff\xfe\xff\x49\xff\xc4\x49\x09\xd4\x48\x85\xd2\x4c\x0f\x44\xe2\xe9\x49\x02\x00\x00\x31" +
	"\xc0\xb9\xff\xff\x00\x00\x41\x39\xcf\x48\x0f\x42\xd8\x39\x4d\xb8\x48\x8b\x4d\xb0\x48\x0f\x42\xc8\x48\x29\xcb\x48\x89\xde\x48\x83" +
	"\xc4\x68\x5b\x41\x5c\x41\x5d\x41\x5e\x41\x5f\x5d\xe9\x0a\x06\x00\x00\x49\x8d\x45\xf9\x48\x83\xf8\x03\x77\x54\x48\x8d\x5d\x88\xc7" +
	"\x03\x01\x00\x00\x00\x49\x89\xff\x4c\x89\xe6\x4c\x89\xca\x48\x89\xd9\x4d\x89\xce\xe8\x0c\x12\x00\x00\x83\x3b\x00\x0f\x84\xf6\x00" +
	"\x00\x00\x49\x83\xfd\x09\x0f\x84\xee\x01\x00\x00\x49\x83\xfd\x08\x0f\x84\xbd\x01\x00\x00\x49\x83\xfd\x07\x0f\x85\xe4\x01\x00\x00" +
	"\xc1\xe8\x1f\x0f\x57\xc0\xf2\x0f\x2a\xc0\xe9\xb4\x01\x00\x00\x49\x83\xfd\x01\x0f\x85\x8e\x00\x00\x00\x81\x7d\xb8\xfb\xff\x00\x00" +
	"\x0f\x85\x81\x00\x00\x00\x41\x81\xff\xfb\xff\x00\x00\x75\x78\x48\x8b\x43\x08\x4c\x8b\x65\xb0\x49\x8b\x4c\x24\x08\x4c\x8d\x3c\x08" +
	"\x49\xff\xc7\x4c\x8d\x75\x88\x49\x89\x3e\x4c\x89\xfe\xe8\xaa\x7d\x00\x00\x49\x89\x46\x08\x49\xc7\x46\x10\x00\x00\x00\x00\x4d\x89" +
	"\x7e\x18\x48\x8b\x53\x08\x48\x83\xc3\x10\x4c\x89\xf7\x48\x89\xde\xe8\x37\x15\x00\x00\x49\x8b\x54\x24\x08\x49\x83\xc4\x10\x4c\x89" +
	"\xf7\x4c\x89\xe6\xe8\x23\x15\x00\x00\x49\x8b\x3e\x49\x8b\x76\x08\x49\x8b\x56\x10\x48\x83\xc4\x68\x5b\x41\x5c\x41\x5d\x41\x5e\x41" +
	"\x5f\x5d\xe9\xb5\x22\x00\x00\x49\x83\xfd\x01\x75\x48\x81\x7d\xb8\xfc\xff\x00\x00\x75\x3f\x41\x81\xff\xfc\xff\x00\x00\x75\x36\x4c" +
	"\x89\xe6\x4c\x89\xca\x48\x83\xc4\x68\x5b\x41\x5c\x41\x5d\x41\x5e\x41\x5f\x5d\xe9\x23\x15\x00\x00\x48\x8d\x35\x4b\xc6\x00\x00\x4c" +
	"\x89\xff\x4c\x89\xe2\x4c\x89\xf1\xe8\xbb\x13\x00\x00\x49\x89\xc4\xe9\xd3\x00\x00\x00\x49\x83\xfd\x03\x0f\x85\xef\x00\x00\x00\x49" +
	"\x8d\x87\x05\x00\xff\xff\x48\x83\xf8\x01\x0f\x87\xde\x00\x00\x00\x80\x7d\xd7\x00\x75\x1b\x4c\x89\xc8\x48\x0f\xba\xe8\x3f\x48\xb9" +
	"\x00\x00\x00\x00\x00\x00\xf8\xff\x48\x39\xc8\x0f\x85\xbd\x00\x00\x00\x49\x89\xfc\x4c\x89\xce\xe8\xf5\xf7\xff\xff\x49\x89\xc6\x45" +
	"\x31\xed\x48\x85\xc0\x4c\x0f\x4f\xe8\x41\x81\xff\xfb\xff\x00\x00\x0f\x85\xc5\x00\x00\x00\x4c\x0f\xaf\x6b\x08\x49\xff\xc5\x4c\x89" +
	"\x65\x88\x4c\x89\xe7\x4c\x89\xee\xe8\x8f\x7c\x00\x00\x48\x89\x45\x90\x48\xc7\x45\x98\x00\x00\x00\x00\x4c\x89\x6d\xa0\x4d\x85\xf6" +
	"\x0f\x8e\x10\x01\x00\x00\x4c\x8d\x7b\x10\x4c\x8d\x65\x88\x48\x8b\x53\x08\x4c\x89\xe7\x4c\x89\xfe\xe8\x0f\x14\x00\x00\x49\xff\xce" +
	"\x75\xec\x48\x8b\x7d\x88\x48\x8b\x45\x90\x48\x8b\x55\x98\xe9\xe8\x00\x00\x00\x85\xc0\x0f\x8f\x3c\xfd\xff\xff\xf2\x0f\x10\x05\x7d" +
	"\xc0\x00\x00\x66\x49\x0f\x7e\xc4\x4c\x89\xe0\x48\x83\xc4\x68\x5b\x41\x5c\x41\x5d\x41\x5e\x41\x5f\x5d\xc3\x85\xc0\x0f\x8e\x15\xfd" +
	"\xff\xff\xeb\xd7\x85\xc0\x0f\x88\x0b\xfd\xff\xff\xeb\xcd\x49\x89\xfe\x4c\x89\xef\x4c\x89\xcb\xe8\x1e\x15\x00\x00\x4c\x89\xf7\x48" +
	"\x89\xc6\x4c\x89\xe2\x48\x89\xd9\x48\x83\xc4\x68\x5b\x41\x5c\x41\x5d\x41\x5e\x41\x5f\x5d\xe9\x8d\x12\x00\x00\x48\x8b\x73\x08\x49" +
	"\x0f\xaf\xf5\x4c\x89\xe7\xe8\x7f\x14\x00\x00\x49\x89\xc4\x49\xba\xff\xff\xff\xff\xff\xff\x00\x00\x49\x21\xc2\x4d\x85\xf6\x7e\x48" +
	"\x31\xc0\x31\xc9\x48\x8b\x7b\x08\x48\x8d\x14\xfd\x00\x00\x00\x00\x48\x85\xd2\x74\x27\x48\x8b\x73\x18\x4d\x8b\x42\x18\x48\x0f\xaf" +
	"\xf8\x4c\x01\xc7\x48\x83\xc7\x08\x45\x31\xc0\x46\x8a\x4c\x06\x08\x46\x88\x0c\x07\x49\xff\xc0\x4c\x39\xc2\x75\xef\x48\xff\xc1\x48" +
	"\x83\xc0\x08\x4c\x39\xf1\x75\xbc\x4c\x0f\xaf\x6b\x08\x4d\x89\x6a\x08\xe9\x32\xff\xff\xff\x31\xd2\x4c\x89\xe7\x48\x89\xc6\xe9\xf1" +
	"\xfd\xff\xff\x55\x48\x89\xe5\x41\x57\x41\x56\x41\x54\x53\x48\x83\xec\x10\x48\x89\xf3\x48\x39\xd6\x0f\x85\x87\x00\x00\x00\x66\x48" +
	"\x0f\x6e\xc3\xb0\x01\x66\x0f\x2e\xc0\x0f\x8b\xd8\x02\x00\x00\x48\x89\xd9\x48\xc1\xe9\x30\x48\x81\xc1\x07\x00\xff\xff\x48\x83\xf9" +
	"\x02\x0f\x82\xc0\x02\x00\x00\x48\x0f\xba\xeb\x3f\x48\xb9\x00\x00\x00\x00\x00\x00\xf8\xff\x48\x39\xcb\x0f\x85\xa8\x02\x00\x00\xf2" +
	"\x0f\x10\x0d\xe9\xbf\x00\x00\x66\x0f\x28\xd0\x66\x0f\xc2\xd1\x01\xf2\x0f\x10\x0d\xc8\xbe\x00\x00\x66\x0f\xc2\xc8\x01\x66\x0f\x54" +
	"\xca\x66\x0f\x7e\xc9\xf2\x48\x0f\x2c\xc0\x0f\x57\xc9\xf2\x48\x0f\x2a\xc8\x66\x0f\x2e\xc1\x0f\x9b\xc2\x0f\x94\xc0\x20\xd0\x20\xc8" +
	"\xe9\x62\x02\x00\x00\x49\x89\xd6\x49\x89\xff\x48\x89\xd8\x48\xc1\xe8\x30\x48\x89\xd1\x48\xc1\xe9\x30\x66\x48\x0f\x6e\xcb\x48\x8d" +
	"\xb0\x07\x00\xff\xff\x66\x0f\x2e\xc9\x7b\x21\x48\x83\xfe\x02\x72\x1b\x48\x89\xda\x48\x0f\xba\xea\x3f\x48\xbf\x00\x00\x00\x00\x00" +
	"\x00\xf8\xff\x48\x39\xfa\x0f\x85\xdf\x00\x00\x00\x66\x49\x0f\x6e\xc6\x48\x8d\x91\x07\x00\xff\xff\x66\x0f\x2e\xc0\x7b\x21\x48\x83" +
	"\xfa\x02\x72\x1b\x4c\x89\xf7\x48\x0f\xba\xef\x3f\x49\xb8\x00\x00\x00\x00\x00\x00\xf8\xff\x4c\x39\xc7\x0f\x85\xac\x00\x00\x00\x48" +
	"\x83\xfe\x02\x72\x3d\x66\x0f\x2e\x0d\x13\xbe\x00\x00\x0f\x86\x12\x01\x00\x00\xf2\x0f\x10\x15\x15\xbf\x00\x00\x66\x0f\x2e\xd1\x0f" +
	"\x86\x00\x01\x00\x00\xf2\x48\x0f\x2c\xc1\x0f\x57\xd2\xf2\x48\x0f\x2a\xd0\x66\x0f\x2e\xca\x0f\x85\xe9\x00\x00\x00\x0f\x8a\xe3\x00" +
	"\x00\x00\x48\x83\xfa\x02\x72\x3d\x66\x0f\x2e\x05\xd0\xbd\x00\x00\x0f\x86\xcf\x00\x00\x00\xf2\x0f\x10\x0d\xd2\xbe\x00\x00\x66\x0f" +
	"\x2e\xc8\x0f\x86\xbd\x00\x00\x00\xf2\x48\x0f\x2c\xc0\x0f\x57\xc9\xf2\x48\x0f\x2a\xc8\x66\x0f\x2e\xc1\x0f\x85\xa6\x00\x00\x00\x0f" +
	"\x8a\xa0\x00\x00\x00\xbe\x0b\x00\x00\x00\x4c\x89\xff\x48\x89\xda\x4c\x89\xf1\xe8\xa9\x02\x00\x00\x66\x48\x0f\x6e\xc0\xf2\x0f\xc2" +
	"\x05\xda\xbd\x00\x00\x00\xe9\x9b\x00\x00\x00\x48\x39\xc8\x0f\x85\x31\x01\x00\x00\x48\x3d\xfc\x7f\x00\x00\x0f\x84\xe5\x00\x00\x00" +
	"\x3d\xfc\xff\x00\x00\x0f\x84\x88\x00\x00\x00\x3d\xfb\xff\x00\x00\x0f\x85\x0f\x01\x00\x00\x48\xb8\xff\xff\xff\xff\xff\xff\x00\x00" +
	"\x48\x21\xc3\x48\x8b\x4b\x08\x49\x21\xc6\x49\x3b\x4e\x08\x0f\x85\xf1\x00\x00\x00\x48\x85\xc9\x0f\x84\xfa\x00\x00\x00\x48\xff\xc9" +
	"\x31\xd2\x8a\x44\x13\x10\x41\x3a\x44\x16\x10\x0f\x94\xc0\x0f\x85\xd3\x00\x00\x00\x48\x8d\x72\x01\x48\x39\xd1\x48\x89\xf2\x75\xe2" +
	"\xe9\xc2\x00\x00\x00\x4c\x89\xff\x48\x89\xde\xe8\xf3\x56\x00\x00\xf2\x0f\x11\x45\xd8\x4c\x89\xff\x4c\x89\xf6\xe8\xe3\x56\x00\x00" +
	"\xf2\x0f\xc2\x45\xd8\x00\x66\x48\x0f\x7e\xc0\x83\xe0\x01\xe9\x94\x00\x00\x00\x48\xb9\xff\xff\xff\xff\xff\xff\x00\x00\x48\x21\xcb" +
	"\x48\x8b\x43\x08\x49\x21\xce\x49\x3b\x46\x08\x75\x78\x48\x85\xc0\x0f\x84\x81\x00\x00\x00\x45\x31\xe4\x48\x8b\x43\x18\x4a\x8b\x74" +
	"\xe0\x08\x49\x8b\x46\x18\x4a\x8b\x54\xe0\x08\x4c\x89\xff\xe8\x50\xfd\xff\xff\x85\xc0\x0f\x95\xc0\x74\x4d\x49\xff\xc4\x4c\x3b\x63" +
	"\x08\x72\xd6\xeb\x42\x48\xb8\xff\xff\xff\xff\xff\xff\x00\x00\x48\x21\xc3\x49\x21\xc6\x48\x8b\x4b\x08\x49\x3b\x4e\x08\x75\x26\x48" +
	"\x85\xc9\x74\x33\x48\xff\xc9\x31\xd2\x8a\x44\x13\x10\x41\x3a\x44\x16\x10\x0f\x94\xc0\x75\x10\x48\x8d\x72\x01\x48\x39\xd1\x48\x89" +
	"\xf2\x75\xe6\xeb\x02\x31\xc0\x0f\xb6\xc0\x48\x83\xc4\x10\x5b\x41\x5c\x41\x5e\x41\x5f\x5d\xc3\xb0\x01\xeb\xec\x55\x48\x89\xe5\x41" +
	"\x56\x53\x48\x83\xec\x20\x48\x89\xf3\x48\xb8\xff\xff\xff\xff\xff\xff\x1f\x00\x48\x01\xf0\x48\xb9\xfe\xff\xff\xff\xff\xff\x3f\x00" +
	"\x48\x39\xc8\x77\x0c\xf2\x48\x0f\x2a\xc3\x66\x48\x0f\x7e\xc0\xeb\x2c\x49\x89\xfe\x48\x89\xde\x48\xf7\xde\x48\x0f\x48\xf3\xe8\x56" +
	"\x9e\x00\x00\x48\x8d\x75\xd8\x48\x89\x06\x48\x89\x56\x08\x48\xc1\xeb\x3f\x89\x5e\x10\x4c\x89\xf7\xe8\x6b\x9e\x00\x00\x48\x83\xc4" +
	"\x20\x5b\x41\x5e\x5d\xc3\x55\x48\x89\xe5\x41\x57\x41\x56\x41\x54\x53\x49\x89\xcc\x49\x89\xf7\x48\x89\xfb\x48\x89\xd6\xe8\xef\xf2" +
	"\xff\xff\x49\x89\xc6\x48\x89\xdf\x4c\x89\xe6\xe8\xe1\xf2\xff\xff\x31\xf6\x49\x83\xff\x10\x7f\x1b\x49\x83\xff\x0e\x7f\x3c\x49\x83" +
	"\xff\x0d\x74\x66\x49\x83\xff\x0e\x0f\x85\x83\x00\x00\x00\x4c\x21\xf0\xeb\x71\x49\x83\xff\x12\x7f\x3e\x49\x83\xff\x11\x74\x50\x49" +
	"\x83\xff\x12\x75\x6c\x31\xc9\x49\x0f\xa3\xc6\x0f\x92\xc1\x31\xf6\x48\x83\xf8\x40\x48\x0f\x42\xf1\xeb\x57\x49\x83\xff\x0f\x74\x41" +
	"\x49\x83\xff\x10\x75\x4b\x89\xc1\x49\xd3\xe6\x31\xf6\x48\x83\xf8\x40\x49\x0f\x42\xf6\xeb\x3a\x49\x83\xff\x13\x74\x2c\x49\x83\xff" +
	"\x14\x75\x2e\x89\xc1\x49\xd3\xce\xeb\x24\x4c\x09\xf0\xeb\x15\x48\x83\xf8\x3f\xb9\x3f\x00\x00\x00\x48\x0f\x42\xc8\x49\xd3\xfe\xeb" +
	"\x0d\x4c\x31\xf0\x48\x89\xc6\xeb\x08\x89\xc1\x49\xd3\xc6\x4c\x89\xf6\x48\x89\xdf\x5b\x41\x5c\x41\x5e\x41\x5f\x5d\xe9\xba\xfe\xff" +
	"\xff\x55\x48\x89\xe5\x41\x57\x41\x56\x41\x55\x41\x54\x53\x48\x81\xec\xe8\x01\x00\x00\x49\x89\xce\x49\x89\xf4\x48\x89\x7d\xd0\x48" +
	"\xbb\x00\x30\x76\x64\x00\x00\xf8\x7f\x4c\x8d\xbd\x48\xff\xff\xff\x48\x89\xd7\x4c\x89\xfe\xe8\x4c\x97\x00\x00\x4c\x8d\xad\x10\xff" +
	"\xff\xff\x4c\x89\xf7\x4c\x89\xee\xe8\x3a\x97\x00\x00\x41\x0f\x10\x47\x18\x0f\x29\x85\x80\xfe\xff\xff\x31\xc0\x89\x85\x90\xfe\xff" +
	"\xff\x66\x41\x0f\x10\x45\x18\x66\x0f\x29\x85\xc0\xfe\xff\xff\x89\x85\xd0\xfe\xff\xff\x48\x8d\x83\x00\x37\xfc\xfc\x49\x83\xfc\x06" +
	"\x0f\x8f\xc8\x00\x00\x00\x4c\x8d\xb5\x60\xff\xff\xff\x4c\x8d\xbd\x28\xff\xff\xff\x49\x83\xfc\x03\x0f\x8f\xfc\x00\x00\x00\x49\x8d" +
	"\x4c\x24\xff\x48\x83\xf9\x02\x0f\x83\x4c\x02\x00\x00\x48\x8b\x85\x20\xff\xff\xff\x48\x89\x45\xc0\x66\x0f\x10\x85\x10\xff\xff\xff" +
	"\x66\x0f\x29\x45\xb0\x49\x83\xfc\x02\x75\x17\x48\x83\x7d\xb8\x00\x0f\x95\xc0\x83\x7d\xc0\x00\x0f\x94\xc1\x20\xc1\x0f\xb6\xc1\x89" +
	"\x45\xc0\x48\x83\xbd\x68\xff\xff\xff\x01\x0f\x85\x56\x01\x00\x00\x48\x8b\x85\x60\xff\xff\xff\x48\x83\x38\x01\x0f\x85\x45\x01\x00" +
	"\x00\x48\x83\xbd\x30\xff\xff\xff\x01\x0f\x85\x37\x01\x00\x00\x48\x8b\x85\x28\xff\xff\xff\x48\x83\x38\x01\x0f\x85\x26\x01\x00\x00" +
	"\x4c\x8d\x75\x88\x48\x8d\x95\x48\xff\xff\xff\x48\x8d\x4d\xb0\x4c\x89\xf7\x48\x8b\x5d\xd0\x48\x89\xde\xe8\xfd\x9c\x00\x00\x48\x89" +
	"\xdf\x4c\x89\xf6\xe8\x3f\x9c\x00\x00\xe9\x27\x05\x00\x00\x49\x83\xfc\x08\x0f\x8e\xb2\x00\x00\x00\x49\x83\xfc\x09\x0f\x84\xe1\x03" +
	"\x00\x00\x49\x83\xfc\x0a\x0f\x84\x28\x02\x00\x00\x49\x83\xfc\x0b\x0f\x85\xff\x04\x00\x00\x48\x8d\xb5\x48\xff\xff\xff\x48\x8d\x95" +
	"\x10\xff\xff\xff\x48\x8b\x7d\xd0\xe8\x3a\xa0\x00\x00\x85\xc0\x0f\x85\xa8\x00\x00\x00\xe9\x19\x02\x00\x00\x49\x83\xfc\x04\x0f\x84" +
	"\xc3\x03\x00\x00\x49\x83\xfc\x05\x0f\x84\x12\x02\x00\x00\x49\x83\xfc\x06\x0f\x85\xbd\x04\x00\x00\x48\x83\xbd\x30\xff\xff\xff\x01" +
	"\x0f\x85\x24\x04\x00\x00\x48\x8b\x85\x28\xff\xff\xff\x48\x83\x38\x01\x0f\x85\x13\x04\x00\x00\x48\x8b\x8d\x18\xff\xff\xff\x48\x8d" +
	"\xb3\x00\x36\x00\x0b\x48\x83\xf9\x01\x0f\x84\x98\x04\x00\x00\x48\x89\xf0\x48\x85\xc9\x0f\x85\x7a\x04\x00\x00\x48\xb8\x00\x00\x00" +
	"\x00\x00\x00\xf0\x3f\xe9\x6b\x04\x00\x00\x49\x83\xfc\x07\x0f\x84\x5a\x01\x00\x00\x49\x83\xfc\x08\x0f\x85\x57\x04\x00\x00\x48\x8d" +
	"\xb5\x48\xff\xff\xff\x48\x8d\x95\x10\xff\xff\xff\x48\x8b\x7d\xd0\xe8\x92\x9f\x00\x00\x85\xc0\x0f\x8e\x76\x01\x00\x00\x66\x0f\x57" +
	"\xc0\xe9\x2a\x04\x00\x00\x4c\x8d\xad\x48\xff\xff\xff\x48\x8d\x95\xc0\xfe\xff\xff\x48\x8b\x5d\xd0\x48\x89\xdf\x4c\x89\xee\xe8\x80" +
	"\x9e\x00\x00\x4c\x8d\x65\x88\x49\x89\x04\x24\x49\x89\x54\x24\x08\x41\x83\x7d\x10\x00\x0f\x95\xc0\x48\x85\xd2\x0f\x95\xc1\x20\xc1" +
	"\x0f\xb6\xc1\x41\x89\x44\x24\x10\x4c\x8d\x6d\xb0\x48\x8d\x95\x80\xfe\xff\xff\x48\x89\xdf\x4c\x89\xee\xe8\x45\x9e\x00\x00\x48\x8d" +
	"\x8d\xe0\xfe\xff\xff\x48\x89\x01\x48\x89\x51\x08\x41\x83\x7d\x10\x00\x0f\x95\xc0\x48\x85\xd2\x0f\x95\xc2\x20\xc2\x0f\xb6\xc2\x89" +
	"\x41\x10\x4c\x8d\xad\x10\xfe\xff\xff\x4c\x89\xef\x48\x89\xde\x4c\x89\xe2\xe8\x64\x9b\x00\x00\x48\x89\xdf\x4c\x89\xf6\x4c\x89\xfa" +
	"\xe8\xfe\x9d\x00\x00\x49\x8b\x4d\x10\x48\x89\x4c\x24\x10\x66\x41\x0f\x10\x45\x00\xe9\xdc\x02\x00\x00\x49\x83\xfc\x03\x0f\x85\x72" +
	"\x03\x00\x00\x4c\x8d\xa5\x48\xff\xff\xff\x48\x8b\x5d\xd0\x48\x89\xdf\x4c\x89\xe6\x4c\x89\xea\xe8\xc7\x9d\x00\x00\x48\x89\x85\xa0" +
	"\xfe\xff\xff\x48\x89\x95\xa8\xfe\xff\xff\x41\x8b\x44\x24\x10\x41\x3b\x45\x10\x0f\x95\xc0\x48\x85\xd2\x0f\x95\xc1\x20\xc1\x0f\xb6" +
	"\xc1\x89\x85\xb0\xfe\xff\xff\x48\x89\xdf\x4c\x89\xf6\x4c\x89\xfa\xe8\x8e\x9d\x00\x00\x48\x8b\x8d\xb0\xfe\xff\xff\x48\x89\x4c\x24" +
	"\x10\x66\x0f\x10\x85\xa0\xfe\xff\xff\xe9\x67\x02\x00\x00\x48\x8d\xb5\x48\xff\xff\xff\x48\x8d\x95\x10\xff\xff\xff\x48\x8b\x7d\xd0" +
	"\xe8\x42\x9e\x00\x00\xc1\xe8\x1f\x0f\x57\xc0\xf2\x0f\x2a\xc0\xe9\xdc\x02\x00\x00\x48\x8d\xb5\x48\xff\xff\xff\x48\x8d\x95\x10\xff" +
	"\xff\xff\x48\x8b\x7d\xd0\xe8\x1c\x9e\x00\x00\x85\xc0\x0f\x88\x8a\xfe\xff\xff\xf2\x0f\x10\x05\x85\xb7\x00\x00\xe9\xb0\x02\x00\x00" +
	"\x48\x83\xbd\x18\xff\xff\xff\x00\x48\x89\xd8\x0f\x84\xa4\x02\x00\x00\x48\x8d\xb5\x48\xff\xff\xff\x48\x8d\x95\xc0\xfe\xff\xff\x4c" +
	"\x8b\x75\xd0\x4c\x89\xf7\x49\x89\xf7\xe8\xf5\x9c\x00\x00\x4c\x8d\x65\xb0\x49\x89\x04\x24\x49\x89\x54\x24\x08\x48\x85\xd2\x0f\x95" +
	"\xc3\x4c\x89\xf7\x48\x8d\xb5\x60\xff\xff\xff\x4c\x89\xea\xe8\xd0\x9c\x00\x00\x48\x8d\x8d\x70\xfe\xff\xff\x48\x89\x01\x48\x89\x51" +
	"\x08\x41\x8b\x47\x10\x41\x3b\x45\x10\x0f\x95\xc0\x20\xd8\x0f\xb6\xc0\x41\x89\x44\x24\x10\x4c\x8d\x7d\x88\x4c\x8d\x85\xe0\xfe\xff" +
	"\xff\x4c\x89\xf7\x4c\x89\xe6\x48\x89\xca\x4c\x89\xf9\xe8\x05\x94\x00\x00\x4c\x89\xf7\x4c\x89\xfe\x4c\x89\xea\xe8\x83\x9c\x00\x00" +
	"\x4c\x8d\xa5\xf8\xfe\xff\xff\x49\x89\x04\x24\x49\x89\x54\x24\x08\x41\x8b\x47\x10\x41\x3b\x45\x10\x0f\x95\xc0\x48\x85\xd2\x0f\x95" +
	"\xc1\x20\xc1\x0f\xb6\xd9\x41\x89\x5c\x24\x10\x4c\x89\xf7\x4c\x8d\xbd\x48\xff\xff\xff\x4c\x89\xfe\x48\x8d\x95\xc0\xfe\xff\xff\xe8" +
	"\x3f\x9c\x00\x00\x4c\x8d\xad\x28\xfe\xff\xff\x49\x89\x45\x00\x49\x89\x55\x08\x41\x83\x7f\x10\x00\x0f\x95\xc0\x48\x85\xd2\x0f\x95" +
	"\xc1\x20\xc1\x0f\xb6\xc1\x41\x89\x45\x10\x48\x8d\x95\x80\xfe\xff\xff\x4c\x89\xf7\x4c\x89\xe6\xe8\x07\x9c\x00\x00\x48\x85\xd2\x40" +
	"\x0f\x95\xc6\x48\x8d\x8d\x40\xfe\xff\xff\x48\x89\x01\x48\x89\x51\x08\x80\xf3\x01\x40\x20\xf3\x0f\xb6\xc3\x89\x41\x10\x4c\x8d\xbd" +
	"\x58\xfe\xff\xff\x4c\x89\xff\x4c\x89\xf6\x4c\x89\xea\xe8\x29\x99\x00\x00\x4c\x89\xf7\x48\x8d\xb5\x60\xff\xff\xff\x48\x8d\x95\x28" +
	"\xff\xff\xff\xe8\xbb\x9b\x00\x00\x49\x8b\x4f\x10\x48\x89\x4c\x24\x10\x66\x41\x0f\x10\x07\x66\x0f\x11\x04\x24\x4c\x89\xf7\xe9\x9a" +
	"\x00\x00\x00\x48\x8d\xb5\x48\xff\xff\xff\x48\x8d\x95\x10\xff\xff\xff\x48\x8b\x7d\xd0\xe8\x6d\x9c\x00\x00\x85\xc0\x0f\x8e\xdb\xfc" +
	"\xff\xff\xe9\x4c\xfe\xff\xff\x48\x83\xbd\x18\xff\xff\xff\x00\x48\x89\xd8\x0f\x84\xfd\x00\x00\x00\x4c\x8d\xbd\x48\xff\xff\xff\x48" +
	"\x8d\x95\xc0\xfe\xff\xff\x48\x8b\x5d\xd0\x48\x89\xdf\x4c\x89\xfe\xe8\x4e\x9b\x00\x00\x48\x89\x45\xb0\x48\x89\x55\xb8\x41\x8b\x47" +
	"\x10\x48\x85\xd2\x0f\x95\xc1\x48\x8d\x95\x10\xff\xff\xff\x3b\x42\x10\x0f\x95\xc0\x20\xc8\x0f\xb6\xc0\x89\x45\xc0\x48\x89\xdf\x4c" +
	"\x89\xf6\xe8\x1c\x9b\x00\x00\x48\x8b\x4d\xc0\x48\x89\x4c\x24\x10\x66\x0f\x10\x45\xb0\x66\x0f\x11\x04\x24\x48\x89\xdf\x48\x89\xc6" +
	"\xe8\xf5\x98\x00\x00\xe9\x8b\x00\x00\x00\x48\x8b\xb5\x60\xff\xff\xff\x48\x8b\x95\x68\xff\xff\xff\x48\x8b\x85\x58\xff\xff\xff\x48" +
	"\x89\x44\x24\x10\x0f\x10\x85\x48\xff\xff\xff\x0f\x11\x04\x24\x48\x8b\x5d\xd0\x48\x89\xdf\xe8\xbf\x98\x00\x00\x48\x89\xdf\x48\x89" +
	"\xc6\xe8\xbd\x4e\x00\x00\xf2\x0f\x11\x45\xa0\x48\x8b\xb5\x28\xff\xff\xff\x48\x8b\x95\x30\xff\xff\xff\x48\x8b\x85\x20\xff\xff\xff" +
	"\x48\x89\x44\x24\x10\x0f\x10\x85\x10\xff\xff\xff\x0f\x11\x04\x24\x48\x89\xdf\xe8\x82\x98\x00\x00\x48\x89\xdf\x48\x89\xc6\xe8\x80" +
	"\x4e\x00\x00\x0f\x28\xc8\xf2\x0f\x10\x45\xa0\xe8\xc5\x9d\x00\x00\x66\x48\x0f\x7e\xc0\x48\x81\xc4\xe8\x01\x00\x00\x5b\x41\x5c\x41" +
	"\x5d\x41\x5e\x41\x5f\x5d\xc3\x48\x8b\x85\x10\xff\xff\xff\x4c\x8b\x20\x48\x8b\x85\x48\xff\xff\xff\x48\x8b\x8d\x50\xff\xff\xff\x8b" +
	"\xbd\x58\xff\xff\xff\x44\x8b\xb5\x5c\xff\xff\xff\x48\x8b\x95\x60\xff\xff\xff\x4c\x8b\xad\x68\xff\xff\xff\x83\xbd\x20\xff\xff\xff" +
	"\x00\x74\x14\x48\x89\x55\xa8\x49\x89\xc1\x49\x89\xca\x48\x89\xd8\x48\x85\xc9\x75\x0f\xeb\x9e\x49\x89\xd1\x4d\x89\xea\x48\x89\x45" +
	"\xa8\x49\x89\xcd\x4d\x85\xed\x74\x4d\x4c\x89\xe9\x48\xc1\xe1\x06\x48\x8b\x45\xa8\x4a\x8b\x44\xe8\xf8\x48\x85\xc0\x74\x0a\x48\x0f" +
	"\xbd\xc0\x48\x83\xf0\x3f\xeb\x05\xb8\x40\x00\x00\x00\x48\x89\xca\x48\x29\xc2\x48\x83\xfa\x02\x72\x1d\x48\xf7\xd0\x48\x01\xc1\xb8" +
	"\x00\x00\x40\x00\x31\xd2\x48\xf7\xf1\x49\x39\xc4\x76\x08\x48\x89\xf0\xe9\x3f\xff\xff\xff\x4d\x85\xd2\x74\x4b\x4c\x89\xd1\x48\xc1" +
	"\xe1\x06\x4b\x8b\x44\xd1\xf8\x48\x85\xc0\x74\x0a\x48\x0f\xbd\xc0\x48\x83\xf0\x3f\xeb\x05\xb8\x40\x00\x00\x00\x48\x89\xca\x48\x29" +
	"\xc2\x48\x83\xfa\x02\x72\x1f\x48\xf7\xd0\x48\x01\xc1\xb8\x00\x00\x40\x00\x31\xd2\x48\xf7\xf1\x48\x89\xc1\x48\x89\xf0\x49\x39\xcc" +
	"\x0f\x87\xef\xfe\xff\xff\xba\x02\x00\x00\x00\x4c\x8b\x7d\xd0\x89\x7d\x84\x4c\x89\xff\xbe\x01\x00\x00\x00\x4c\x89\xcb\x4c\x89\x95" +
	"\xb8\xfe\xff\xff\xe8\xca\x38\x00\x00\xb9\x01\x00\x00\x00\x48\x89\x48\x08\x48\x83\xc0\x08\x48\x89\x45\xb0\x48\x89\x4d\xb8\x31\xc0" +
	"\x89\x45\xc0\xba\x02\x00\x00\x00\x4c\x89\xff\xbe\x01\x00\x00\x00\xe8\x9e\x38\x00\x00\xba\x01\x00\x00\x00\x48\x89\x50\x08\x48\x83" +
	"\xc0\x08\x48\x89\x45\xa0\x48\x89\x85\xe0\xfe\xff\xff\x48\x89\x95\xe8\xfe\xff\xff\x48\x8b\x45\xa8\x48\x89\x45\x88\x4c\x89\x6d\x90" +
	"\x44\x89\x75\x9c\x48\x89\x9d\xf8\xfe\xff\xff\x48\x8b\x85\xb8\xfe\xff\xff\x48\x89\x85\x00\xff\xff\xff\x83\x7d\x84\x00\x0f\x95\xc0" +
	"\x44\x89\xe1\x20\xc1\x31\xc0\x89\x45\x98\x4d\x85\xe4\x0f\x84\xc8\x00\x00\x00\x88\x4d\xa8\x41\xbe\x01\x00\x00\x00\x4c\x8b\x7d\xd0" +
	"\x41\xf6\xc4\x01\x74\x4e\x48\x8b\x5d\xd0\x48\x89\xdf\x48\x8d\x75\xb0\x48\x8d\x55\x88\xe8\x89\x98\x00\x00\x49\x89\xd6\x48\x89\x45" +
	"\xb0\x48\x89\x55\xb8\xc7\x45\xc0\x00\x00\x00\x00\x48\x89\xdf\x48\x8d\xb5\xe0\xfe\xff\xff\x48\x8d\x95\xf8\xfe\xff\xff\xe8\x61\x98" +
	"\x00\x00\x48\x89\x45\xa0\x48\x89\x85\xe0\xfe\xff\xff\x48\x89\x95\xe8\xfe\xff\xff\x49\x83\xfc\x01\x74\x56\x4c\x89\xe3\x48\xd1\xeb" +
	"\x4c\x89\xff\x48\x8d\x75\x88\x49\x89\xd5\x48\x89\xf2\xe8\x31\x98\x00\x00\x48\x89\x45\x88\x48\x89\x55\x90\xc7\x45\x98\x00\x00\x00" +
	"\x00\x4c\x89\xff\x48\x8d\x95\xf8\xfe\xff\xff\x48\x89\xd6\xe8\x10\x98\x00\x00\x48\x89\x85\xf8\xfe\xff\xff\x48\x89\x95\x00\xff\xff" +
	"\xff\x4c\x89\xea\x4d\x85\xe4\x49\x89\xdc\x0f\x85\x50\xff\xff\xff\x4d\x85\xf6\x0f\x95\xc0\x8a\x4d\xa8\xeb\x02\xb0\x01\x20\xc1\x0f" +
	"\xb6\xc1\x89\x45\xc0\x48\x8b\x45\xc0\x48\x89\x44\x24\x10\x66\x0f\x10\x45\xb0\x66\x0f\x11\x04\x24\x48\x8b\x7d\xd0\x48\x8b\x75\xa0" +
	"\xe9\xbb\xfc\xff\xff\x55\x48\x89\xe5\x41\x57\x41\x56\x41\x54\x53\x48\x83\xec\x10\x49\x89\xce\x48\x89\xf3\x49\x89\xff\x49\xbc\x00" +
	"\x30\x76\x64\x00\x00\xf8\x7f\x48\x89\xd6\xe8\x94\x4b\x00\x00\x66\x0f\x29\x45\xd0\x4c\x89\xff\x4c\x89\xf6\xe8\x84\x4b\x00\x00\x66" +
	"\x0f\x28\xc8\x49\x8d\x84\x24\x00\x37\xfc\xfc\x48\x83\xfb\x05\x0f\x8f\x9a\x00\x00\x00\x48\x83\xfb\x02\x0f\x8e\xbb\x00\x00\x00\x48" +
	"\x83\xfb\x03\x0f\x84\xfb\x00\x00\x00\x48\x83\xfb\x04\x0f\x84\x14\x01\x00\x00\x48\x83\xfb\x05\x0f\x85\x3b\x01\x00\x00\x66\x0f\x57" +
	"\xc0\x66\x0f\x2e\xc8\x4c\x89\xe0\x75\x06\x0f\x8b\x28\x01\x00\x00\x66\x0f\x28\x6d\xd0\x66\x0f\x28\xc5\xf2\x0f\x5e\xc1\xf2\x48\x0f" +
	"\x2c\xc0\xf2\x48\x0f\x2a\xd0\x66\x0f\x28\xd8\xf2\x0f\xc2\x1d\x1c\xb2\x00\x00\x01\x66\x0f\x28\xe3\x66\x0f\x55\xe0\x66\x0f\x54\xda" +
	"\x66\x0f\x56\xdc\xf2\x0f\x10\x15\xf4\xb0\x00\x00\xf2\x0f\xc2\xd0\x01\x66\x0f\x54\xda\x66\x0f\x55\xd0\x66\x0f\x56\xd3\xf2\x0f\x59" +
	"\xd1\xf2\x0f\x5c\xea\x66\x48\x0f\x7e\xe8\xe9\xc9\x00\x00\x00\x48\x83\xfb\x07\x7e\x40\x48\x83\xfb\x08\x74\x74\x48\x83\xfb\x09\x0f" +
	"\x84\x9c\x00\x00\x00\x48\x83\xfb\x0a\x0f\x85\xa9\x00\x00\x00\xf2\x0f\xc2\x4d\xd0\x02\xe9\x8d\x00\x00\x00\x48\x83\xfb\x01\x74\x2d" +
	"\x48\x83\xfb\x02\x0f\x85\x8e\x00\x00\x00\x66\x0f\x28\x45\xd0\xf2\x0f\x5c\xc1\xeb\x7e\x48\x83\xfb\x06\x74\x1d\x48\x83\xfb\x07\x75" +
	"\x77\x66\x0f\x28\x55\xd0\xf2\x0f\xc2\xd1\x01\xeb\x2c\x66\x0f\x28\x45\xd0\xf2\x0f\x58\xc1\xeb\x5b\x66\x0f\x28\x45\xd0\xe8\xb3\x99" +
	"\x00\x00\xeb\x4f\x66\x0f\x28\x45\xd0\xf2\x0f\x59\xc1\xeb\x44\x66\x0f\x28\x55\xd0\xf2\x0f\xc2\xd1\x02\xf2\x0f\x10\x05\x9f\xb0\x00" +
	"\x00\x66\x0f\x54\xc2\xeb\x2c\x66\x0f\x57\xc0\x66\x0f\x2e\xc8\x4c\x89\xe0\x75\x02\x7b\x22\x66\x0f\x28\x45\xd0\xf2\x0f\x5e\xc1\xeb" +
	"\x12\xf2\x0f\xc2\x4d\xd0\x01\xf2\x0f\x10\x05\x71\xb0\x00\x00\x66\x0f\x54\xc1\x66\x48\x0f\x7e\xc0\x48\x83\xc4\x10\x5b\x41\x5c\x41" +
	"\x5e\x41\x5f\x5d\xc3\x55\x48\x89\xe5\x41\x57\x41\x56\x41\x55\x41\x54\x53\x48\x83\xec\x78\x49\x89\xcc\x48\x89\xd3\x49\x89\xf6\x49" +
	"\x89\xff\x66\x48\x0f\x6e\xce\x66\x0f\x2e\xc9\x0f\x8a\x0c\x01\x00\x00\x66\x48\x0f\x6e\xc3\x66\x0f\x2e\xc0\x0f\x8a\x39\x01\x00\x00" +
	"\x4c\x89\xf0\x48\xc1\xe8\x30\x48\x05\x07\x00\xff\xff\x48\x83\xf8\x02\x72\x35\x66\x0f\x2e\x0d\xa5\xaf\x00\x00\x0f\x86\x98\x00\x00" +
	"\x00\xf2\x0f\x10\x15\xa7\xb0\x00\x00\x66\x0f\x2e\xd1\x0f\x86\x86\x00\x00\x00\xf2\x48\x0f\x2c\xc1\x0f\x57\xd2\xf2\x48\x0f\x2a\xd0" +
	"\x66\x0f\x2e\xca\x75\x73\x7a\x71\x48\x89\xd8\x48\xc1\xe8\x30\x48\x05\x07\x00\xff\xff\x48\x83\xf8\x02\x72\x2d\x66\x0f\x2e\x05\x5d" +
	"\xaf\x00\x00\x76\x54\xf2\x0f\x10\x0d\x63\xb0\x00\x00\x66\x0f\x2e\xc8\x76\x46\xf2\x48\x0f\x2c\xc0\x0f\x57\xc9\xf2\x48\x0f\x2a\xc8" +
	"\x66\x0f\x2e\xc1\x75\x33\x7a\x31\x4c\x8d\xa5\x60\xff\xff\xff\x4c\x89\xf7\x4c\x89\xe6\xe8\xcd\x8b\x00\x00\x4c\x8d\x75\x98\x48\x89" +
	"\xdf\x4c\x89\xf6\xe8\xbe\x8b\x00\x00\x4c\x89\xff\x4c\x89\xe6\x4c\x89\xf2\xe8\xf0\x95\x00\x00\xeb\x35\x4c\x89\xff\x4c\x89\xf6\xe8" +
	"\xff\x48\x00\x00\xf2\x0f\x11\x45\xd0\x4c\x89\xff\x48\x89\xde\xe8\xef\x48\x00\x00\x31\xc9\xf2\x0f\x10\x4d\xd0\x66\x0f\x2e\xc8\x0f" +
	"\x97\xc1\x66\x0f\x2e\xc1\xb8\xff\xff\xff\xff\x0f\x46\xc1\x48\x83\xc4\x78\x5b\x41\x5c\x41\x5d\x41\x5e\x41\x5f\x5d\xc3\x4c\x89\xf1" +
	"\x48\xc1\xe9\x30\x48\x8d\x81\x07\x00\xff\xff\x48\x83\xf8\x02\x0f\x82\xdc\xfe\xff\xff\x4c\x89\xf0\x48\x0f\xba\xe8\x3f\x48\xba\x00" +
	"\x00\x00\x00\x00\x00\xf8\xff\x48\x39\xd0\x0f\x84\xc1\xfe\xff\xff\x48\x89\xd8\x48\xc1\xe8\x30\xeb\x3a\x48\x89\xd8\x48\xc1\xe8\x30" +
	"\x48\x8d\x88\x07\x00\xff\xff\x48\x83\xf9\x02\x0f\x82\xaf\xfe\xff\xff\x48\x89\xd9\x48\x0f\xba\xe9\x3f\x48\xba\x00\x00\x00\x00\x00" +
	"\x00\xf8\xff\x48\x39\xd1\x0f\x84\x94\xfe\xff\xff\x4c\x89\xf1\x48\xc1\xe9\x30\x81\xf9\xfb\xff\x00\x00\x75\x54\x3d\xfb\xff\x00\x00" +
	"\x75\x4d\x48\xb8\xff\xff\xff\xff\xff\xff\x00\x00\x49\x21\xc6\x49\x8b\x4e\x08\x48\x21\xc3\x48\x8b\x53\x08\x48\x39\xd1\x48\x89\xd0" +
	"\x48\x0f\x42\xc1\x48\x85\xc0\x0f\x84\xa4\x00\x00\x00\x31\xf6\x41\x8a\x7c\x36\x10\x44\x8a\x44\x33\x10\x44\x38\xc7\x0f\x85\xb7\x00" +
	"\x00\x00\x48\xff\xc6\x48\x39\xf0\x75\xe5\xe9\x82\x00\x00\x00\x81\xf9\xfc\xff\x00\x00\x0f\x85\x8f\x00\x00\x00\x3d\xfc\xff\x00\x00" +
	"\x0f\x85\x84\x00\x00\x00\x48\xb8\xff\xff\xff\xff\xff\xff\x00\x00\x49\x21\xc6\x49\x8b\x4e\x08\x48\x21\xc3\x48\x8b\x53\x08\x48\x39" +
	"\xd1\x48\x89\xd0\x48\x0f\x42\xc1\x48\x89\x45\xd0\x48\x85\xc0\x74\x40\x45\x31\xed\x49\x8b\x46\x18\x4a\x8b\x74\xe8\x08\x48\x8b\x43" +
	"\x18\x4a\x8b\x54\xe8\x08\x4c\x89\xff\x4c\x89\xe1\xe8\x94\xfd\xff\xff\x85\xc0\x0f\x85\xb5\xfe\xff\xff\x41\x83\x3c\x24\x00\x74\x32" +
	"\x49\xff\xc5\x4c\x39\x6d\xd0\x75\xcb\x49\x8b\x4e\x08\x48\x8b\x53\x08\xb8\xff\xff\xff\xff\x48\x39\xd1\x0f\x82\x8f\xfe\xff\xff\x0f" +
	"\x97\xc0\x0f\xb6\xc0\xe9\x84\xfe\xff\xff\x41\xc7\x04\x24\x00\x00\x00\x00\x31\xc0\xe9\x75\xfe\xff\xff\x31\xc0\x44\x38\xc7\x19\xc0" +
	"\x83\xc8\x01\xe9\x66\xfe\xff\xff\x55\x48\x89\xe5\x41\x57\x41\x56\x41\x55\x41\x54\x53\x48\x83\xec\x28\x49\x89\xce\x49\x89\xd7\x49" +
	"\x89\xf4\x48\x89\xfb\x48\x89\x7d\xb8\xba\x09\x00\x00\x00\xbe\x01\x00\x00\x00\xe8\x9b\x32\x00\x00\x48\x83\xc0\x08\x31\xc9\x0f\x57" +
	"\xc0\x0f\x11\x04\x08\x48\x83\xc1\x10\x48\x83\xf9\x40\x75\xf2\x48\x8d\x7d\xb8\x48\x89\x47\x08\x48\xc7\x47\x10\x00\x00\x00\x00\x48" +
	"\xc7\x47\x18\x40\x00\x00\x00\x48\x8d\x35\x78\xb1\x00\x00\xba\x07\x00\x00\x00\xe8\x94\x00\x00\x00\x48\xc7\xc2\xff\xff\xff\xff\x41" +
	"\x80\x7c\x14\x01\x00\x48\x8d\x52\x01\x75\xf4\x4c\x8d\x6d\xb8\x4c\x89\xef\x4c\x89\xe6\xe8\x72\x00\x00\x00\xbe\x01\x00\x00\x00\x4c" +
	"\x89\xef\xe8\x23\x72\x00\x00\x49\x8b\x45\x08\x49\x8b\x4d\x10\x48\x8d\x51\x01\x49\x89\x55\x10\xc6\x04\x08\x20\x4c\x89\xef\x4c\x89" +
	"\xfe\xe8\x1b\x97\x00\x00\x4d\x85\xf6\x74\x23\x48\x8d\x35\xfb\xaf\x00\x00\x4c\x8d\x7d\xb8\xba\x05\x00\x00\x00\x4c\x89\xff\xe8\x29" +
	"\x00\x00\x00\x4c\x89\xff\x4c\x89\xf6\xe8\xf3\x96\x00\x00\x48\x8b\x75\xc0\x48\x8b\x55\xc8\x48\x89\xdf\x48\x83\xc4\x28\x5b\x41\x5c" +
	"\x41\x5d\x41\x5e\x41\x5f\x5d\xe9\x98\x37\x00\x00\x55\x48\x89\xe5\x41\x57\x41\x56\x53\x50\x48\x89\xd3\x49\x89\xf7\x49\x89\xfe\x48" +
	"\x89\xd6\xe8\xa3\x71\x00\x00\x49\x8b\x46\x10\x48\x85\xdb\x74\x19\x49\x03\x46\x08\x31\xc9\x41\x8a\x14\x0f\x88\x14\x08\x48\xff\xc1" +
	"\x48\x39\xcb\x75\xf1\x49\x8b\x46\x10\x48\x01\xd8\x49\x89\x46\x10\x48\x83\xc4\x08\x5b\x41\x5e\x41\x5f\x5d\xc3\x55\x48\x89\xe5\x41" +
	"\x57\x41\x56\x53\x50\x48\x89\xd3\x49\x89\xf6\x49\xbf\xff\xff\xff\xff\xff\xff\x00\x00\x4d\x21\xfe\x4c\x21\xfb\x48\x8b\x73\x08\x49" +
	"\x03\x76\x08\xe8\x82\x00\x00\x00\x49\x21\xc7\x49\x8b\x4f\x18\x49\x8b\x56\x08\x48\x8d\x34\xd5\x00\x00\x00\x00\x48\x85\xf6\x74\x20" +
	"\x49\x8b\x56\x18\x31\xff\x44\x8a\x44\x3a\x08\x44\x88\x44\x39\x08\x48\xff\xc7\x48\x39\xfe\x75\xee\x49\x8b\x4f\x18\x49\x8b\x56\x08" +
	"\x48\x8b\x7b\x08\x48\x8d\x34\xfd\x00\x00\x00\x00\x48\x85\xf6\x74\x27\x48\x8b\x7b\x18\x48\x8d\x0c\xd1\x48\x83\xc1\x08\x31\xd2\x44" +
	"\x8a\x44\x17\x08\x44\x88\x04\x11\x48\xff\xc2\x48\x39\xd6\x75\xef\x49\x8b\x56\x08\x48\x8b\x7b\x08\x48\x01\xd7\x49\x89\x7f\x08\x48" +
	"\x83\xc4\x08\x5b\x41\x5e\x41\x5f\x5d\xc3\x55\x48\x89\xe5\x41\x57\x41\x56\x53\x50\x48\x89\xf3\x49\x89\xfe\xba\x04\x00\x00\x00\xbe" +
	"\x05\x00\x00\x00\xe8\xaa\x30\x00\x00\x49\x89\xc7\x48\x83\xfb\x01\x48\x83\xd3\x00\x48\x8d\x53\x01\x4c\x89\xf7\xbe\x09\x00\x00\x00" +
	"\xe8\x8e\x30\x00\x00\x49\xc7\x47\x08\x00\x00\x00\x00\x49\x89\x5f\x10\x49\x89\x47\x18\x48\xb9\xff\xff\xff\xff\xff\xff\x00\x00\x4c" +
	"\x21\xf9\x48\xb8\x00\x00\x00\x00\x00\x00\xfc\xff\x48\x09\xc8\x48\x83\xc4\x08\x5b\x41\x5e\x41\x5f\x5d\xc3\x55\x48\x89\xe5\x48\x83" +
	"\xff\x04\x7f\x1b\x48\x83\xff\x02\x7f\x28\x48\x83\xff\x01\x74\x4c\x48\x83\xff\x02\x75\x58\x48\x8d\x05\x24\xae\x00\x00\xeb\x5f\x48" +
	"\x8d\x47\xf9\x48\x83\xf8\x04\x73\x1e\x48\x8d\x05\xda\xaf\x00\x00\xeb\x4c\x48\x83\xff\x03\x74\x2d\x48\x83\xff\x04\x75\x30\x48\x8d" +
	"\x05\x0d\xad\x00\x00\xeb\x37\x48\x83\xff\x05\x74\x2a\x48\x83\xff\x06\x75\x1b\x48\x8d\x05\xb8\xae\x00\x00\xeb\x22\x48\x8d\x05\xeb" +
	"\xac\x00\x00\xeb\x19\x48\x8d\x05\x12\xad\x00\x00\xeb\x10\x48\x8d\x05\x12\xad\x00\x00\xeb\x07\x48\x8d\x05\x3a\xae\x00\x00\x5d\xc3" +
	"\x55\x48\x89\xe5\x48\x89\xf0\x48\x89\xf1\x48\xc1\xe9\x30\x48\x81\xf9\xf8\x7f\x00\x00\x0f\x94\xc2\x48\xc1\xe6\x10\x40\x0f\x95\xc6" +
	"\x48\x81\xf9\xfc\x7f\x00\x00\x74\x44\x40\x20\xf2\x75\x3f\x66\x48\x0f\x6e\xc0\x66\x0f\x2e\xc0\x7b\x24\x48\x81\xc1\x07\x00\xff\xff" +
	"\x48\x83\xf9\x02\x72\x17\x48\x89\xc1\x48\x0f\xba\xe9\x3f\x48\xba\x00\x00\x00\x00\x00\x00\xf8\xff\x48\x39\xd1\x75\x12\xbe\x02\x00" +
	"\x00\x00\x31\xd2\x48\x89\xc1\x5d\xe9\x5c\xe2\xff\xff\x5d\xc3\x48\x8d\x35\x99\xae\x00\x00\x48\x89\xc2\x31\xc9\x5d\xe9\x87\xfc\xff" +
	"\xff\x55\x48\x89\xe5\x48\x89\xf1\x48\xc1\xe9\x30\x48\x81\xf9\xf8\x7f\x00\x00\x41\x0f\x94\xc0\x48\xba\xff\xff\xff\xff\xff\xff\x00" +
	"\x00\x48\x21\xf2\x40\x0f\x95\xc7\x31\xc0\x48\x81\xf9\xfc\x7f\x00\x00\x74\x5d\x41\x20\xf8\x75\x58\xb0\x01\x81\xf9\xfc\xff\x00\x00" +
	"\x7f\x1d\x8d\xb9\x07\x00\xff\xff\x83\xff\x02\x72\x43\x81\xf9\xfb\xff\x00\x00\x74\x33\x81\xf9\xfc\xff\x00\x00\x74\x2b\xeb\x1a\x81" +
	"\xf9\xfd\xff\x00\x00\x74\x21\x81\xf9\xfe\xff\x00\x00\x74\x21\x89\xf8\x81\xf9\xff\xff\x00\x00\x74\x17\x66\x48\x0f\x6e\xc6\x66\x0f" +
	"\x57\xc9\x66\x0f\x2e\xc1\xeb\x05\x48\x83\x7a\x08\x00\x0f\x95\xc0\x0f\xb6\xc0\x5d\xc3\x55\x48\x89\xe5\x48\x89\xf0\x48\xc1\xe8\x30" +
	"\x48\x3d\xf8\x7f\x00\x00\x0f\x94\xc1\x48\x89\xf2\x48\xc1\xe2\x10\x0f\x95\xc2\x20\xca\x48\x3d\xfc\x7f\x00\x00\x0f\x94\xc0\x48\x8d" +
	"\x0c\x75\x00\x00\x00\x00\x48\x85\xc9\x0f\x94\xc1\x08\xc1\x08\xd1\x48\xb8\x00\x00\x00\x00\x00\x00\xff\xff\x48\x39\xc6\x0f\x94\xc0" +
	"\x08\xc8\x0f\xb6\xc0\x5d\xc3\x55\x48\x89\xe5\x53\x50\x48\x89\xf3\x48\x89\xf0\x48\xc1\xe8\x30\x48\x3d\xfb\xff\x00\x00\x74\x7c\x3d" +
	"\xfd\xff\x00\x00\x74\x45\x3d\xfc\xff\x00\x00\x0f\x85\xa2\x00\x00\x00\x48\xb8\xff\xff\xff\xff\xff\xff\x00\x00\x48\x21\xc3\x48\x8b" +
	"\x43\x08\x48\x8d\x4d\xf0\x48\x89\xd6\x48\x89\xc2\xe8\xdf\x00\x00\x00\x85\xc0\x0f\x84\xb0\x00\x00\x00\x48\x8b\x43\x18\x48\x8b\x4d" +
	"\xf0\x48\x8b\x5c\xc8\x08\xe9\xbb\x00\x00\x00\x48\x89\xde\xe8\x63\x01\x00\x00\x48\x85\xc0\x0f\x88\x99\x00\x00\x00\x48\xb9\xff\xff" +
	"\xff\xff\xff\xff\x00\x00\x48\x21\xcb\x48\x8b\x4b\x20\x48\xc1\xe0\x04\x48\x8b\x5c\x01\x10\xe9\x8b\x00\x00\x00\x48\xb8\xff\xff\xff" +
	"\xff\xff\xff\x00\x00\x48\x21\xc3\x48\x8b\x43\x08\x48\x8d\x4d\xf0\x48\x89\xd6\x48\x89\xc2\xe8\x75\x00\x00\x00\x85\xc0\x74\x4a\x48" +
	"\x8b\x45\xf0\x0f\xb6\x44\x03\x10\xf2\x0f\x2a\xc0\x66\x48\x0f\x7e\xc3\xeb\x53\x48\x3d\xf8\x7f\x00\x00\x0f\x94\xc1\x48\x89\xda\x48" +
	"\xc1\xe2\x10\x0f\x95\xc2\x48\x3d\xfc\x7f\x00\x00\x74\x38\x20\xd1\x75\x34\x48\x8d\x35\xbd\xa9\x00\x00\x48\x89\xda\x31\xc9\x48\x83" +
	"\xc4\x08\x5b\x5d\xe9\x9f\xfa\xff\xff\x48\xbb\x00\x78\x64\x69\x00\x00\xf8\x7f\xeb\x11\x48\xbb\x00\x78\x64\x69\x00\x00\xf8\x7f\x48" +
	"\x81\xcb\x00\x01\x01\x02\x48\x89\xd8\x48\x83\xc4\x08\x5b\x5d\xc3\x55\x48\x89\xe5\x41\x56\x53\x48\x89\xcb\x49\x89\xd6\x66\x48\x0f" +
	"\x6e\xc6\x48\x89\xf0\x48\xc1\xe8\x30\x48\x05\x07\x00\xff\xff\x66\x0f\x2e\xc0\x7a\x60\x48\x83\xf8\x02\x72\x2f\x31\xc0\x66\x0f\x2e" +
	"\x05\x7b\xa7\x00\x00\x76\x49\xf2\x0f\x10\x0d\x81\xa8\x00\x00\x66\x0f\x2e\xc8\x76\x3b\xf2\x48\x0f\x2c\xc8\x0f\x57\xc9\xf2\x48\x0f" +
	"\x2a\xc9\x66\x0f\x2e\xc1\x75\x28\x7a\x26\xe8\xa2\xde\xff\xff\x48\x89\xc1\x48\x89\xc2\x48\xc1\xfa\x3f\x4c\x21\xf2\x31\xc0\x48\x01" +
	"\xca\x78\x0d\x4c\x39\xf2\x73\x08\x48\x89\x13\xb8\x01\x00\x00\x00\x5b\x41\x5e\x5d\xc3\x48\x83\xf8\x02\x72\xcf\x48\x89\xf0\x48\x0f" +
	"\xba\xe8\x3f\x48\xb9\x00\x00\x00\x00\x00\x00\xf8\xff\x48\x39\xc8\x74\x89\x31\xc0\xeb\xda\x55\x48\x89\xe5\x41\x57\x41\x56\x41\x55" +
	"\x41\x54\x53\x48\x83\xec\x18\x48\x89\x7d\xc8\x48\xbb\xff\xff\xff\xff\xff\xff\x00\x00\x48\x21\xf3\x4c\x8b\x7b\x20\x4c\x8b\x73\x28" +
	"\x48\x89\x55\xc0\x48\x89\xd7\xe8\xdb\x91\x00\x00\x49\x89\xc4\x48\x89\x5d\xd0\x48\x8b\x53\x30\x49\x21\xd4\x43\x8b\x1c\xa6\x48\xc7" +
	"\xc0\xff\xff\xff\xff\x85\xdb\x74\x4f\x49\xbd\xff\x00\x00\x00\x00\x00\xf8\x7f\x8d\x0c\x5d\xfe\xff\xff\xff\x49\x8b\x74\xcf\x08\x4c" +
	"\x39\xee\x74\x19\x48\x8b\x7d\xc8\x48\x8b\x55\xc0\xe8\x52\xe7\xff\xff\x85\xc0\x75\x1f\x48\x8b\x45\xd0\x48\x8b\x50\x30\x49\xff\xc4" +
	"\x49\x21\xd4\x43\x8b\x1c\xa6\x85\xdb\x75\xc8\x48\xc7\xc0\xff\xff\xff\xff\xeb\x04\xff\xcb\x89\xd8\x48\x83\xc4\x18\x5b\x41\x5c\x41" +
	"\x5d\x41\x5e\x41\x5f\x5d\xc3\x55\x48\x89\xe5\x41\x57\x41\x56\x41\x55\x41\x54\x53\x48\x83\xec\x18\x48\x89\xcb\x49\x89\xf7\x49\x89" +
	"\xfe\x48\x89\xf0\x48\xc1\xe8\x30\x48\x3d\xfd\xff\x00\x00\x0f\x84\xa3\x00\x00\x00\x3d\xfc\xff\x00\x00\x0f\x85\xab\x00\x00\x00\x48" +
	"\xb8\xff\xff\xff\xff\xff\xff\x00\x00\x49\x21\xc7\x49\x8b\x47\x08\x48\x8d\x4d\xc8\x4c\x89\xf7\x48\x89\xd6\x48\x89\xc2\xe8\x4e\xfe" +
	"\xff\xff\x85\xc0\x0f\x84\xa2\x00\x00\x00\x49\x8b\x47\x18\x48\x8b\x4d\xc8\x48\x89\x5c\xc8\x08\x49\x8b\x46\x08\x48\x85\xc0\x0f\x84" +
	"\x0f\x01\x00\x00\x4d\x8b\x67\x18\x41\x8b\x0c\x24\xc1\xe9\x04\x83\xe1\x07\x48\x39\xc1\x0f\x83\xf8\x00\x00\x00\x4d\x8b\xae\x28\x01" +
	"\x00\x00\x48\xc1\xe0\x05\x4d\x3b\x6c\x06\x38\x76\x12\x49\x8b\x86\x20\x01\x00\x00\x4e\x39\x64\xe8\xf8\x0f\x84\xd4\x00\x00\x00\x49" +
	"\x8b\x86\x30\x01\x00\x00\x4c\x39\xe8\x76\x4d\x4d\x8b\xbe\x20\x01\x00\x00\xe9\xad\x00\x00\x00\x4c\x89\xf7\x4c\x89\xfe\x48\x89\xd9" +
	"\xe8\xc0\x00\x00\x00\xe9\xa9\x00\x00\x00\x48\x8d\x35\xe7\xa7\x00\x00\x4c\x89\xf7\x4c\x89\xfa\x31\xc9\x48\x83\xc4\x18\x5b\x41\x5c" +
	"\x41\x5d\x41\x5e\x41\x5f\x5d\xe9\x1c\xf8\xff\xff\x48\xbb\x00\x78\x64\x69\x00\x00\xf8\x7f\xeb\x7b\x48\x8d\x0c\x00\x48\x85\xc0\xb8" +
	"\x00\x10\x00\x00\x48\x0f\x45\xc1\x49\x8b\x3e\x48\x89\x45\xd0\x48\x8d\x34\xc5\x00\x00\x00\x00\xff\x57\x28\x49\x89\xc7\x48\x85\xc0" +
	"\x75\x08\x4c\x89\xf7\xe8\x15\x91\x00\x00\x49\xc1\xe5\x03\x4d\x85\xed\x74\x18\x49\x8b\x86\x20\x01\x00\x00\x31\xc9\x8a\x14\x08\x41" +
	"\x88\x14\x0f\x48\xff\xc1\x49\x39\xcd\x75\xf1\x4d\x89\xbe\x20\x01\x00\x00\x48\x8b\x45\xd0\x49\x89\x86\x30\x01\x00\x00\x4d\x8b\xae" +
	"\x28\x01\x00\x00\x49\x8d\x45\x01\x49\x89\x86\x28\x01\x00\x00\x4f\x89\x24\xef\x48\x89\xd8\x48\x83\xc4\x18\x5b\x41\x5c\x41\x5d\x41" +
	"\x5e\x41\x5f\x5d\xc3\x55\x48\x89\xe5\x41\x57\x41\x56\x41\x55\x41\x54\x53\x48\x83\xec\x18\x49\x89\xcc\x49\x89\xd7\x49\x89\xf6\x48" +
	"\x89\xfb\x49\xbd\xff\xff\xff\xff\xff\xff\x00\x00\xe8\x85\xfd\xff\xff\x4d\x21\xee\x48\x85\xc0\x78\x70\x49\x8b\x4e\x20\x48\xc1\xe0" +
	"\x04\x4c\x89\x64\x01\x10\x48\x8b\x43\x08\x48\x85\xc0\x0f\x84\x71\x03\x00\x00\x4d\x8b\x7e\x20\x41\x8b\x0f\xc1\xe9\x04\x83\xe1\x07" +
	"\x48\x39\xc1\x0f\x83\x5b\x03\x00\x00\x4c\x8b\xa3\x28\x01\x00\x00\x48\xc1\xe0\x05\x4c\x3b\x64\x03\x38\x76\x12\x48\x8b\x83\x20\x01" +
	"\x00\x00\x4e\x39\x7c\xe0\xf8\x0f\x84\x37\x03\x00\x00\x48\x8b\x83\x30\x01\x00\x00\x4c\x39\xe0\x0f\x86\x00\x01\x00\x00\x4c\x8b\xb3" +
	"\x20\x01\x00\x00\xe9\x59\x01\x00\x00\x4c\x89\x65\xc0\x4d\x8b\x66\x10\x4d\x3b\x66\x18\x0f\x85\xd4\x01\x00\x00\x4c\x89\x7d\xd0\x49" +
	"\x8b\x46\x08\x4d\x8b\x7e\x20\x48\x8d\x34\x45\x04\x00\x00\x00\x48\x89\x5d\xc8\x48\x89\xdf\xe8\x17\x0d\x00\x00\x49\x89\xc5\x4d\x85" +
	"\xe4\x74\x2f\x49\x83\xc7\x10\x48\xbb\xff\x00\x00\x00\x00\x00\xf8\x7f\x49\x8b\x57\xf8\x48\x39\xda\x74\x0f\x49\x8b\x0f\x48\x8b\x7d" +
	"\xc8\x4c\x89\xee\xe8\xfc\xfe\xff\xff\x49\x83\xc7\x10\x49\xff\xcc\x75\xdf\x48\xb8\xff\xff\xff\xff\xff\xff\x00\x00\x49\x21\xc5\xb8" +
	"\x08\x00\x00\x00\x41\x8a\x4c\x05\x00\x41\x88\x0c\x06\x48\xff\xc0\x48\x83\xf8\x38\x75\xee\x48\x8b\x5d\xc8\x48\x8b\x43\x08\x48\x85" +
	"\xc0\x4c\x8b\x7d\xd0\x0f\x84\x44\x01\x00\x00\x41\x8b\x0e\xc1\xe9\x04\x83\xe1\x07\x48\x39\xc1\x0f\x83\x32\x01\x00\x00\x4c\x8b\xab" +
	"\x28\x01\x00\x00\x48\xc1\xe0\x05\x4c\x3b\x6c\x03\x38\x76\x12\x48\x8b\x83\x20\x01\x00\x00\x4e\x39\x74\xe8\xf8\x0f\x84\x0e\x01\x00" +
	"\x00\x48\x8b\x83\x30\x01\x00\x00\x4c\x39\xe8\x0f\x86\x86\x00\x00\x00\x4c\x8b\xa3\x20\x01\x00\x00\xe9\xe3\x00\x00\x00\x48\x8d\x0c" +
	"\x00\x48\x85\xc0\x41\xbd\x00\x10\x00\x00\x4c\x0f\x45\xe9\x48\x8b\x3b\x4a\x8d\x34\xed\x00\x00\x00\x00\xff\x57\x28\x49\x89\xc6\x48" +
	"\x85\xc0\x75\x08\x48\x89\xdf\xe8\xf3\x8e\x00\x00\x49\xc1\xe4\x03\x4d\x85\xe4\x74\x18\x48\x8b\x83\x20\x01\x00\x00\x31\xc9\x8a\x14" +
	"\x08\x41\x88\x14\x0e\x48\xff\xc1\x49\x39\xcc\x75\xf1\x4c\x89\xb3\x20\x01\x00\x00\x4c\x89\xab\x30\x01\x00\x00\x4c\x8b\xa3\x28\x01" +
	"\x00\x00\x49\x8d\x44\x24\x01\x48\x89\x83\x28\x01\x00\x00\x4f\x89\x3c\xe6\xe9\xad\x01\x00\x00\x48\x8d\x0c\x00\x48\x85\xc0\x41\xbf" +
	"\x00\x10\x00\x00\x4c\x0f\x45\xf9\x48\x8b\x3b\x4a\x8d\x34\xfd\x00\x00\x00\x00\xff\x57\x28\x49\x89\xc4\x48\x85\xc0\x75\x08\x48\x89" +
	"\xdf\xe8\x79\x8e\x00\x00\x49\xc1\xe5\x03\x4d\x85\xed\x74\x18\x48\x8b\x83\x20\x01\x00\x00\x31\xc9\x8a\x14\x08\x41\x88\x14\x0c\x48" +
	"\xff\xc1\x49\x39\xcd\x75\xf1\x4c\x89\xa3\x20\x01\x00\x00\x4c\x89\xbb\x30\x01\x00\x00\x4c\x8b\xab\x28\x01\x00\x00\x4c\x8b\x7d\xd0" +
	"\x49\x8d\x45\x01\x48\x89\x83\x28\x01\x00\x00\x4f\x89\x34\xec\x49\x8b\x46\x10\x49\x8b\x4e\x20\x4c\x8d\x60\x01\x4d\x89\x66\x10\x48" +
	"\xc1\xe0\x04\x4c\x89\x7c\x01\x08\x49\x8b\x4e\x20\x48\x8b\x55\xc0\x48\x89\x54\x01\x10\x48\x8b\x43\x08\x48\x85\xc0\x0f\x84\xda\x00" +
	"\x00\x00\x49\x8b\x56\x20\x8b\x0a\xc1\xe9\x04\x83\xe1\x07\x48\x39\xc1\x0f\x83\xc5\x00\x00\x00\x4c\x8b\xab\x28\x01\x00\x00\x48\xc1" +
	"\xe0\x05\x4c\x3b\x6c\x03\x38\x76\x12\x48\x8b\x83\x20\x01\x00\x00\x4a\x39\x54\xe8\xf8\x0f\x84\xa1\x00\x00\x00\x4c\x89\x65\xc8\x48" +
	"\x8b\x83\x30\x01\x00\x00\x4c\x39\xe8\x76\x09\x4c\x8b\xa3\x20\x01\x00\x00\xeb\x75\x48\x89\x55\xc0\x4c\x89\x7d\xd0\x48\x8d\x0c\x00" +
	"\x48\x85\xc0\x41\xbf\x00\x10\x00\x00\x4c\x0f\x45\xf9\x48\x8b\x3b\x4a\x8d\x34\xfd\x00\x00\x00\x00\xff\x57\x28\x49\x89\xc4\x48\x85" +
	"\xc0\x75\x08\x48\x89\xdf\xe8\x74\x8d\x00\x00\x49\xc1\xe5\x03\x4d\x85\xed\x74\x18\x48\x8b\x83\x20\x01\x00\x00\x31\xc9\x8a\x14\x08" +
	"\x41\x88\x14\x0c\x48\xff\xc1\x49\x39\xcd\x75\xf1\x4c\x89\xa3\x20\x01\x00\x00\x4c\x89\xbb\x30\x01\x00\x00\x4c\x8b\xab\x28\x01\x00" +
	"\x00\x4c\x8b\x7d\xd0\x48\x8b\x55\xc0\x49\x8d\x45\x01\x48\x89\x83\x28\x01\x00\x00\x4b\x89\x14\xec\x4c\x8b\x65\xc8\x49\xff\x46\x08" +
	"\x49\x8b\x5e\x28\x4c\x89\xff\xe8\x1b\x8c\x00\x00\x49\x8b\x4e\x30\x48\x89\xc2\x48\x21\xca\x48\x8d\x42\x01\x83\x3c\x93\x00\x75\xf0" +
	"\x44\x89\x24\x93\x48\x83\xc4\x18\x5b\x41\x5c\x41\x5d\x41\x5e\x41\x5f\x5d\xc3\x55\x48\x89\xe5\x48\x89\xf0\x48\x89\xf1\x48\xc1\xe9" +
	"\x30\x48\x81\xf9\xfd\xff\x00\x00\x75\x09\x48\x89\xc6\x5d\xe9\xf4\xf7\xff\xff\x48\x81\xf9\xf8\x7f\x00\x00\x0f\x94\xc2\x48\x89\xc6" +
	"\x48\xc1\xe6\x10\x40\x0f\x95\xc6\x48\x81\xf9\xfc\x7f\x00\x00\x74\x17\x40\x20\xf2\x75\x12\x48\x8d\x35\x36\xa4\x00\x00\x48\x89\xc2" +
	"\x31\xc9\x5d\xe9\x60\xf3\xff\xff\x5d\xc3\x55\x48\x89\xe5\x41\x57\x41\x56\x41\x54\x53\x48\x83\xec\x20\x49\x89\xf6\x48\x89\xfb\x48" +
	"\xb8\xff\xff\xff\xff\xff\xff\x00\x00\x48\xc1\xee\x30\x48\x81\xfe\xfb\xff\x00\x00\x74\x60\x81\xfe\xfc\xff\x00\x00\x0f\x85\xa4\x00" +
	"\x00\x00\x49\x21\xc6\x49\x8b\x46\x08\x4c\x8d\x65\xd8\x4c\x89\x24\x24\x4c\x8d\x7d\xd0\x48\x89\xdf\x48\x89\xd6\x48\x89\xca\x4c\x89" +
	"\xc1\x49\x89\xc0\x4d\x89\xf9\xe8\xc7\x00\x00\x00\x49\x8b\x46\x18\x49\x8b\x0f\x48\x8d\x34\xc8\x48\x83\xc6\x08\x49\x8b\x14\x24\x48" +
	"\x29\xca\x48\x89\xdf\x48\x83\xc4\x20\x5b\x41\x5c\x41\x5e\x41\x5f\x5d\xe9\x37\x01\x00\x00\x49\x21\xc6\x49\x8b\x46\x08\x4c\x8d\x65" +
	"\xd8\x4c\x89\x24\x24\x4c\x8d\x7d\xd0\x48\x89\xdf\x48\x89\xd6\x48\x89\xca\x4c\x89\xc1\x49\x89\xc0\x4d\x89\xf9\xe8\x73\x00\x00\x00" +
	"\x49\x8b\x07\x49\x8d\x34\x06\x48\x83\xc6\x10\x49\x8b\x14\x24\x48\x29\xc2\x48\x89\xdf\x48\x83\xc4\x20\x5b\x41\x5c\x41\x5e\x41\x5f" +
	"\x5d\xe9\x36\x01\x00\x00\x48\x81\xfe\xf8\x7f\x00\x00\x0f\x94\xc1\x49\x85\xc6\x0f\x95\xc0\x48\x81\xfe\xfc\x7f\x00\x00\x74\x24\x20" +
	"\xc1\x75\x20\x48\x8d\x35\x70\xa3\x00\x00\x48\x89\xdf\x4c\x89\xf2\x31\xc9\x48\x83\xc4\x20\x5b\x41\x5c\x41\x5e\x41\x5f\x5d\xe9\x45" +
	"\xf2\xff\xff\x4c\x89\xf0\x48\x83\xc4\x20\x5b\x41\x5c\x41\x5e\x41\x5f\x5d\xc3\x55\x48\x89\xe5\x41\x57\x41\x56\x41\x55\x41\x54\x53" +
	"\x50\x4c\x89\x4d\xd0\x4d\x89\xc6\x48\x89\xcb\x49\x89\xd7\x49\x89\xfd\xf6\xc3\x01\x75\x05\x45\x31\xe4\xeb\x0b\x4c\x89\xef\xe8\x8e" +
	"\xd6\xff\xff\x49\x89\xc4\x48\x8b\x75\x10\x4c\x89\xf0\xf6\xc3\x02\x74\x11\x4c\x89\xef\x48\x89\xf3\x4c\x89\xfe\xe8\x71\xd6\xff\xff" +
	"\x48\x89\xde\x4c\x89\xe1\x48\xc1\xf9\x3f\x4c\x21\xf1\x4c\x01\xe1\x48\x89\xc2\x48\xc1\xfa\x3f\x4c\x21\xf2\x48\x01\xc2\x31\xc0\x48" +
	"\x85\xc9\x48\x0f\x4f\xc1\x4c\x39\xf2\x49\x0f\x4d\xd6\x48\x39\xc2\x48\x0f\x4e\xd0\x48\x8b\x4d\xd0\x48\x89\x01\x48\x89\x16\x48\x83" +
	"\xc4\x08\x5b\x41\x5c\x41\x5d\x41\x5e\x41\x5f\x5d\xc3\x55\x48\x89\xe5\x41\x56\x53\x48\x89\xd3\x49\x89\xf6\x48\x89\xd6\xe8\x88\xf3" +
	"\xff\xff\x48\xb9\xff\xff\xff\xff\xff\xff\x00\x00\x48\x21\xc1\x48\x8d\x14\xdd\x00\x00\x00\x00\x48\x85\xd2\x74\x17\x48\x8b\x71\x18" +
	"\x31\xff\x45\x8a\x04\x3e\x44\x88\x44\x3e\x08\x48\xff\xc7\x48\x39\xfa\x75\xef\x48\x89\x59\x08\x5b\x41\x5e\x5d\xc3\x55\x48\x89\xe5" +
	"\x41\x56\x53\x48\x89\xd3\x49\x89\xf6\x48\x83\xc2\x08\x48\xc1\xea\x03\x48\x83\xc2\x02\xbe\x04\x00\x00\x00\xe8\xf4\x23\x00\x00\x48" +
	"\x89\x58\x08\x48\x85\xdb\x74\x12\x31\xc9\x41\x8a\x14\x0e\x88\x54\x08\x10\x48\xff\xc1\x48\x39\xcb\x75\xf0\xc6\x44\x18\x10\x00\x48" +
	"\xb9\xff\xff\xff\xff\xff\xff\x00\x00\x48\x21\xc8\x48\xb9\x00\x00\x00\x00\x00\x00\xfb\xff\x48\x09\xc1\x48\x89\xc8\x5b\x41\x5e\x5d" +
	"\xc3\x55\x48\x89\xe5\x48\x89\xf0\x48\xb9\xff\xff\xff\xff\xff\xff\x00\x00\x48\x89\xf2\x48\xc1\xea\x30\x48\x81\xfa\xfb\xff\x00\x00" +
	"\x74\x10\x81\xfa\xfd\xff\x00\x00\x74\x08\x81\xfa\xfc\xff\x00\x00\x75\x2a\x48\x21\xc8\xf2\x0f\x10\x40\x08\x0f\x14\x05\x3f\x9f\x00" +
	"\x00\x66\x0f\x5c\x05\x27\x9f\x00\x00\x66\x0f\x28\xc8\x66\x0f\x15\xc8\xf2\x0f\x58\xc8\x66\x48\x0f\x7e\xc8\x5d\xc3\x48\x81\xfa\xf8" +
	"\x7f\x00\x00\x40\x0f\x94\xc6\x48\x85\xc8\x0f\x95\xc1\x48\x81\xfa\xfc\x7f\x00\x00\x74\xe4\x40\x20\xce\x75\xdf\x48\x8d\x35\xd5\xa0" +
	"\x00\x00\x48\x89\xc2\x31\xc9\x5d\xe9\x5b\xf0\xff\xff\x55\x48\x89\xe5\x41\x57\x41\x56\x41\x55\x41\x54\x53\x50\x49\x89\xd6\x48\x89" +
	"\xf3\x49\x89\xff\x48\x89\xd0\x48\xc1\xe8\x30\x48\x3d\xfb\xff\x00\x00\x74\x65\x3d\xfd\xff\x00\x00\x74\x4e\x3d\xfc\xff\x00\x00\x75" +
	"\x7d\x48\xb8\xff\xff\xff\xff\xff\xff\x00\x00\x49\x21\xc6\x49\x83\x7e\x08\x00\x74\x2e\x49\xbc\x00\x00\x00\x00\x00\x00\xf0\x3f\x45" +
	"\x31\xed\x49\x8b\x46\x18\x4a\x8b\x54\xe8\x08\x4c\x89\xff\x48\x89\xde\xe8\xed\xdd\xff\xff\x85\xc0\x75\x60\x49\xff\xc5\x4d\x3b\x6e" +
	"\x08\x72\xdf\x45\x31\xe4\xeb\x52\x4c\x89\xff\x4c\x89\xf6\x48\x89\xda\xe8\x00\xf6\xff\xff\xeb\x1b\x48\x89\xd8\x48\xc1\xe8\x30\x3d" +
	"\xfb\xff\x00\x00\x75\x46\x4c\x89\xf7\x48\x89\xde\x31\xd2\xe8\x5b\x00\x00\x00\x48\x85\xc0\x79\x15\x66\x0f\xef\xc0\xeb\x17\x48\x8d" +
	"\x35\xe9\xa0\x00\x00\x4c\x89\xff\x4c\x89\xf2\xeb\x2c\xf3\x0f\x7e\x05\x2b\x9d\x00\x00\x66\x49\x0f\x7e\xc4\x4c\x89\xe0\x48\x83\xc4" +
	"\x08\x5b\x41\x5c\x41\x5d\x41\x5e\x41\x5f\x5d\xc3\x48\x8d\x35\xb3\xa1\x00\x00\x4c\x89\xff\x48\x89\xda\x31\xc9\x48\x83\xc4\x08\x5b" +
	"\x41\x5c\x41\x5d\x41\x5e\x41\x5f\x5d\xe9\x5a\xef\xff\xff\x55\x48\x89\xe5\x48\xb8\xff\xff\xff\xff\xff\xff\x00\x00\x48\x21\xc7\x48" +
	"\x8b\x4f\x08\x48\x21\xc6\x4c\x8b\x46\x08\x4d\x8d\x0c\x10\x48\xc7\xc0\xff\xff\xff\xff\x49\x39\xc9\x77\x3e\x48\x01\xd7\x48\x83\xc7" +
	"\x10\x49\x89\xd1\x4d\x85\xc0\x74\x31\x45\x31\xd2\x46\x8a\x1c\x17\x46\x3a\x5c\x16\x10\x75\x0a\x49\xff\xc2\x4d\x39\xd0\x75\xed\xeb" +
	"\x14\x4f\x8d\x14\x01\x49\xff\xc2\x49\xff\xc1\x48\xff\xc7\x49\x39\xca\x76\xd1\xeb\x03\x4c\x89\xc8\x5d\xc3\x48\x89\xd0\xeb\xf9\x55" +
	"\x48\x89\xe5\x41\x57\x41\x56\x41\x55\x41\x54\x53\x50\x49\x89\xcf\x49\x89\xd6\x48\x89\xfb\x66\x48\x0f\x6e\xc6\x66\x0f\x2e\xc0\x0f" +
	"\x8a\x8f\x00\x00\x00\x66\x49\x0f\x6e\xce\x66\x0f\x2e\xc9\x0f\x8a\xe3\x00\x00\x00\x48\x89\xdf\xe8\x35\xd3\xff\xff\x49\x89\xc4\x48" +
	"\x89\xdf\x4c\x89\xf6\xe8\x27\xd3\xff\xff\x49\x83\xff\x01\x48\x83\xd8\xff\x45\x31\xf6\x4c\x29\xe0\x4c\x0f\x4f\xf0\x48\x89\xdf\x4c" +
	"\x89\xf6\xe8\x83\xf0\xff\xff\x49\xbd\xff\xff\xff\xff\xff\xff\x00\x00\x48\x89\x45\xd0\x49\x21\xc5\x4d\x85\xf6\x74\x20\x45\x31\xff" +
	"\x4b\x8d\x34\x3c\x48\x89\xdf\xe8\x6f\xdf\xff\xff\x49\x8b\x4d\x18\x4a\x89\x44\xf9\x08\x49\xff\xc7\x4d\x39\xf7\x72\xe3\x4d\x89\x75" +
	"\x08\x48\x8b\x45\xd0\x48\x83\xc4\x08\x5b\x41\x5c\x41\x5d\x41\x5e\x41\x5f\x5d\xc3\x48\x89\xf0\x48\xc1\xe8\x30\x48\x8d\x88\x07\x00" +
	"\xff\xff\x48\x83\xf9\x02\x0f\x82\x59\xff\xff\xff\x48\x89\xf1\x48\x0f\xba\xe9\x3f\x48\xba\x00\x00\x00\x00\x00\x00\xf8\xff\x48\x39" +
	"\xd1\x0f\x84\x3e\xff\xff\xff\x3d\xf9\xff\x00\x00\x74\x61\x48\xb9\x00\x00\x00\x00\x00\x00\xf8\xff\x48\x39\xce\x74\x52\x3d\xfa\xff" +
	"\x00\x00\x74\x4b\x48\xb8\x00\x00\x00\x00\x00\x00\xf8\x7f\x48\x39\xc6\x4c\x0f\x45\xf6\xeb\x38\x4c\x89\xf0\x48\xc1\xe8\x30\x48\x05" +
	"\x07\x00\xff\xff\x48\x83\xf8\x02\x0f\x82\x06\xff\xff\xff\x4c\x89\xf0\x48\x0f\xba\xe8\x3f\x48\xb9\x00\x00\x00\x00\x00\x00\xf8\xff" +
	"\x48\x39\xc8\x0f\x84\xeb\xfe\xff\xff\x66\x0f\x2e\xc0\x7a\x22\x48\x8d\x35\x78\xa0\x00\x00\x48\x89\xdf\x4c\x89\xf2\x31\xc9\x48\x83" +
	"\xc4\x08\x5b\x41\x5c\x41\x5d\x41\x5e\x41\x5f\x5d\xe9\x77\xed\xff\xff\x48\x89\xf0\x48\xc1\xe8\x30\xe9\x6a\xff\xff\xff\x55\x48\x89" +
	"\xe5\x41\x57\x41\x56\x41\x55\x41\x54\x53\x50\x48\x89\xf3\x48\x89\x7d\xd0\x48\x89\xf0\x48\xc1\xe8\x30\x48\x3d\xfd\xff\x00\x00\x74" +
	"\x67\x3d\xfc\xff\x00\x00\x0f\x84\xe6\x00\x00\x00\x3d\xfb\xff\x00\x00\x0f\x85\xb6\x00\x00\x00\x49\xbf\xff\xff\xff\xff\xff\xff\x00" +
	"\x00\x4c\x21\xfb\x48\x8b\x73\x08\x48\x8b\x7d\xd0\xe8\x19\xef\xff\xff\x48\x83\x7b\x08\x00\x0f\x84\xaa\x00\x00\x00\x49\x21\xc7\x31" +
	"\xd2\x0f\xb6\x4c\x13\x10\x0f\x57\xc0\xf2\x0f\x2a\xc1\x49\x8b\x4f\x18\xf2\x0f\x11\x44\xd1\x08\x48\xff\xc2\x48\x8b\x4b\x08\x48\x39" +
	"\xca\x72\xde\xe9\x83\x00\x00\x00\x48\xb8\xff\xff\xff\xff\xff\xff\x00\x00\x48\x21\xc3\x48\x8b\x73\x08\x48\x8b\x7d\xd0\xe8\xc8\xee" +
	"\xff\xff\x49\x89\xc7\x48\x8b\x43\x10\x48\x85\xc0\x74\x3a\x4c\x8b\x63\x20\x49\x83\xc4\x08\x45\x31\xed\x49\xbe\xff\x00\x00\x00\x00" +
	"\x00\xf8\x7f\x49\x8b\x14\x24\x4c\x39\xf2\x74\x10\x48\x8b\x7d\xd0\x4c\x89\xfe\xe8\x4c\x00\x00\x00\x48\x8b\x43\x10\x49\xff\xc5\x49" +
	"\x83\xc4\x10\x49\x39\xc5\x72\xdb\x4c\x89\xfb\xeb\x25\x48\x8b\x7d\xd0\x31\xf6\x48\x83\xc4\x08\x5b\x41\x5c\x41\x5d\x41\x5e\x41\x5f" +
	"\x5d\xe9\x64\xee\xff\xff\x49\x21\xc7\x31\xc9\x49\x89\x4f\x08\x48\x89\xc3\x48\x89\xd8\x48\x83\xc4\x08\x5b\x41\x5c\x41\x5d\x41\x5e" +
	"\x41\x5f\x5d\xc3\x55\x48\x89\xe5\x41\x57\x41\x56\x41\x55\x41\x54\x53\x50\x49\x89\xd6\x48\x89\xfb\x49\xbc\xff\xff\xff\xff\xff\xff" +
	"\x00\x00\x49\x21\xf4\x4d\x8b\x7c\x24\x08\x49\x8b\x44\x24\x10\x49\xff\xc7\x4c\x39\xf8\x0f\x83\x25\x01\x00\x00\x48\x8d\x04\x45\x04" +
	"\x00\x00\x00\x4c\x39\xf8\x4c\x0f\x47\xf8\x49\x8d\x57\x01\x48\x89\xdf\xbe\x09\x00\x00\x00\xe8\xb8\x1e\x00\x00\x49\x8b\x4c\x24\x08" +
	"\x48\xc1\xe1\x03\x48\x85\xc9\x74\x19\x49\x8b\x54\x24\x18\x31\xf6\x40\x8a\x7c\x32\x08\x40\x88\x7c\x30\x08\x48\xff\xc6\x48\x39\xf1" +
	"\x75\xee\x4d\x89\x7c\x24\x10\x49\x89\x44\x24\x18\x48\x8b\x43\x08\x48\x85\xc0\x0f\x84\xc7\x00\x00\x00\x41\x8b\x0c\x24\xc1\xe9\x04" +
	"\x83\xe1\x07\x48\x39\xc1\x0f\x83\xb4\x00\x00\x00\x4c\x8b\xab\x28\x01\x00\x00\x48\xc1\xe0\x05\x4c\x3b\x6c\x03\x38\x76\x12\x48\x8b" +
	"\x83\x20\x01\x00\x00\x4e\x39\x64\xe8\xf8\x0f\x84\x90\x00\x00\x00\x48\x8b\x83\x30\x01\x00\x00\x4c\x39\xe8\x76\x09\x4c\x8b\xbb\x20" +
	"\x01\x00\x00\xeb\x6c\x48\x8d\x0c\x00\x48\x85\xc0\xb8\x00\x10\x00\x00\x48\x0f\x45\xc1\x48\x8b\x3b\x48\x89\x45\xd0\x48\x8d\x34\xc5" +
	"\x00\x00\x00\x00\xff\x57\x28\x49\x89\xc7\x48\x85\xc0\x75\x08\x48\x89\xdf\xe8\x68\x84\x00\x00\x49\xc1\xe5\x03\x4d\x85\xed\x74\x18" +
	"\x48\x8b\x83\x20\x01\x00\x00\x31\xc9\x8a\x14\x08\x41\x88\x14\x0f\x48\xff\xc1\x49\x39\xcd\x75\xf1\x4c\x89\xbb\x20\x01\x00\x00\x48" +
	"\x8b\x45\xd0\x48\x89\x83\x30\x01\x00\x00\x4c\x8b\xab\x28\x01\x00\x00\x49\x8d\x45\x01\x48\x89\x83\x28\x01\x00\x00\x4f\x89\x24\xef" +
	"\x49\x8b\x44\x24\x08\x49\x8b\x4c\x24\x18\x48\x8d\x50\x01\x49\x89\x54\x24\x08\x4c\x89\x74\xc1\x08\x48\x8b\x43\x08\x48\x85\xc0\x0f" +
	"\x84\xc5\x00\x00\x00\x4d\x8b\x7c\x24\x18\x41\x8b\x0f\xc1\xe9\x04\x83\xe1\x07\x48\x39\xc1\x0f\x83\xae\x00\x00\x00\x4c\x8b\xa3\x28" +
	"\x01\x00\x00\x48\xc1\xe0\x05\x4c\x3b\x64\x03\x38\x76\x12\x48\x8b\x83\x20\x01\x00\x00\x4e\x39\x7c\xe0\xf8\x0f\x84\x8a\x00\x00\x00" +
	"\x48\x8b\x83\x30\x01\x00\x00\x4c\x39\xe0\x76\x09\x4c\x8b\xb3\x20\x01\x00\x00\xeb\x65\x48\x8d\x0c\x00\x48\x85\xc0\x41\xbd\x00\x10" +
	"\x00\x00\x4c\x0f\x45\xe9\x48\x8b\x3b\x4a\x8d\x34\xed\x00\x00\x00\x00\xff\x57\x28\x49\x89\xc6\x48\x85\xc0\x75\x08\x48\x89\xdf\xe8" +
	"\x7b\x83\x00\x00\x49\xc1\xe4\x03\x4d\x85\xe4\x74\x18\x48\x8b\x83\x20\x01\x00\x00\x31\xc9\x8a\x14\x08\x41\x88\x14\x0e\x48\xff\xc1" +
	"\x49\x39\xcc\x75\xf1\x4c\x89\xb3\x20\x01\x00\x00\x4c\x89\xab\x30\x01\x00\x00\x4c\x8b\xa3\x28\x01\x00\x00\x49\x8d\x44\x24\x01\x48" +
	"\x89\x83\x28\x01\x00\x00\x4f\x89\x3c\xe6\x48\x83\xc4\x08\x5b\x41\x5c\x41\x5d\x41\x5e\x41\x5f\x5d\xc3\x55\x48\x89\xe5\x5d\xe9\x4a" +
	"\xf8\xff\xff\x55\x48\x89\xe5\x41\x57\x41\x56\x41\x54\x53\x48\x89\xd3\x49\x89\xf6\x49\x89\xff\x48\x89\xd6\xe8\x33\x00\x00\x00\x49" +
	"\x89\xc4\x48\x85\xdb\x74\x1f\x49\x83\xc6\x08\x49\x8b\x56\xf8\x49\x8b\x0e\x4c\x89\xff\x4c\x89\xe6\xe8\x28\xf2\xff\xff\x49\x83\xc6" +
	"\x10\x48\xff\xcb\x75\xe5\x4c\x89\xe0\x5b\x41\x5c\x41\x5e\x41\x5f\x5d\xc3\x55\x48\x89\xe5\x41\x57\x41\x56\x41\x55\x41\x54\x53\x50" +
	"\x48\x89\xfb\x48\x83\xfe\x05\x41\xbd\x04\x00\x00\x00\x4c\x0f\x43\xee\x4e\x8d\x34\x6d\x00\x00\x00\x00\xb8\x08\x00\x00\x00\x49\x89" +
	"\xc4\x48\x01\xc0\x4d\x39\xf4\x72\xf5\xba\x07\x00\x00\x00\x48\x89\xdf\xbe\x06\x00\x00\x00\xe8\x18\x1c\x00\x00\x49\x89\xc7\x0f\x57" +
	"\xc0\x0f\x11\x40\x08\x4c\x89\x68\x18\x49\x83\xce\x01\x48\x89\xdf\xbe\x09\x00\x00\x00\x4c\x89\xf2\xe8\xf6\x1b\x00\x00\x49\x89\x47" +
	"\x20\x4a\x8d\x34\xa5\x00\x00\x00\x00\x48\x89\xdf\xe8\x6b\x52\x00\x00\x49\x89\x47\x28\x49\xff\xcc\x4d\x89\x67\x30\x48\xb9\xff\xff" +
	"\xff\xff\xff\xff\x00\x00\x4c\x21\xf9\x48\xb8\x00\x00\x00\x00\x00\x00\xfd\xff\x48\x09\xc8\x48\x83\xc4\x08\x5b\x41\x5c\x41\x5d\x41" +
	"\x5e\x41\x5f\x5d\xc3\x55\x48\x89\xe5\x5d\xe9\x00\x00\x00\x00\x55\x48\x89\xe5\x41\x57\x41\x56\x53\x48\x83\xec\x28\x48\x89\xf3\x48" +
	"\x89\xf0\x48\xc1\xe8\x30\x3d\xfb\xff\x00\x00\x74\x62\x49\x89\xff\x4c\x8d\x75\xc8\x49\x89\x3e\xba\x05\x00\x00\x00\xbe\x01\x00\x00" +
	"\x00\xe8\x6d\x1b\x00\x00\x48\x8d\x48\x08\x0f\x57\xc0\x0f\x11\x40\x08\x0f\x11\x40\x18\x49\x89\x4e\x08\x49\xc7\x46\x10\x00\x00\x00" +
	"\x00\x49\xc7\x46\x18\x20\x00\x00\x00\x4c\x89\xff\x4c\x89\xf6\x48\x89\xda\x31\xc9\x45\x31\xc0\xe8\xfe\x00\x00\x00\x49\x8b\x3e\x49" +
	"\x8b\x76\x08\x49\x8b\x56\x10\xe8\x10\xf7\xff\xff\x48\x89\xc3\x48\x89\xd8\x48\x83\xc4\x28\x5b\x41\x5e\x41\x5f\x5d\xc3\x55\x48\x89" +
	"\xe5\x41\x57\x41\x56\x41\x55\x41\x54\x53\x48\x83\xec\x28\x49\x89\xd6\x49\x89\xf7\x48\x89\xfb\x48\x89\x7d\xb8\xba\x09\x00\x00\x00" +
	"\xbe\x01\x00\x00\x00\xe8\xe9\x1a\x00\x00\x48\x83\xc0\x08\x31\xc9\x0f\x57\xc0\x0f\x11\x04\x08\x48\x83\xc1\x10\x48\x83\xf9\x40\x75" +
	"\xf2\x48\x89\x45\xc0\x48\xc7\x45\xc8\x00\x00\x00\x00\x48\xc7\x45\xd0\x40\x00\x00\x00\x4d\x85\xf6\x74\x64\x45\x31\xed\x4c\x8d\x65" +
	"\xb8\x4b\x8b\x14\xef\x48\x89\xd0\x48\xc1\xe8\x30\x3d\xfb\xff\x00\x00\x75\x25\x48\xb8\xff\xff\xff\xff\xff\xff\x00\x00\x48\x21\xc2" +
	"\x48\x8b\x42\x08\x48\x83\xc2\x10\x4c\x89\xe7\x48\x89\xd6\x48\x89\xc2\xe8\xb6\xe8\xff\xff\xeb\x10\x48\x89\xdf\x4c\x89\xe6\x31\xc9" +
	"\x45\x31\xc0\xe8\x32\x00\x00\x00\x49\xff\xc5\x4d\x39\xee\x75\xb1\x48\x8b\x5d\xb8\x48\x8b\x45\xc0\x48\x8b\x55\xc8\xeb\x02\x31\xd2" +
	"\x48\x89\xdf\x48\x89\xc6\xe8\x31\xf6\xff\xff\x48\x83\xc4\x28\x5b\x41\x5c\x41\x5d\x41\x5e\x41\x5f\x5d\xc3\x55\x48\x89\xe5\x41\x57" +
	"\x41\x56\x41\x55\x41\x54\x53\x48\x81\xec\xf8\x00\x00\x00\x48\x89\xf3\x41\x83\xf8\x41\x7c\x11\x48\x8d\x35\x69\x97\x00\x00\xba\x03" +
	"\x00\x00\x00\xe9\x9b\x01\x00\x00\x49\x89\xfe\x49\xbd\xff\xff\xff\xff\xff\xff\x00\x00\x48\x89\xd0\x48\xc1\xe8\x30\x48\x3d\xf8\x7f" +
	"\x00\x00\x40\x0f\x94\xc6\x49\x89\xd7\x4d\x21\xef\x40\x0f\x95\xc7\x48\x3d\xfc\x7f\x00\x00\x74\x7b\x40\x20\xfe\x75\x76\x45\x89\xc4" +
	"\x3d\xfc\xff\x00\x00\x0f\x8e\x71\x01\x00\x00\x3d\xfd\xff\x00\x00\x0f\x84\x11\x02\x00\x00\x3d\xfe\xff\x00\x00\x0f\x84\xa8\x03\x00" +
	"\x00\x3d\xff\xff\x00\x00\x0f\x85\xd2\x03\x00\x00\x48\x8d\x35\xd1\x97\x00\x00\xba\x06\x00\x00\x00\x48\x89\xdf\xe8\xcc\xe7\xff\xff" +
	"\x48\x89\xdf\x4c\x89\xfe\x31\xd2\xe8\x95\x17\x00\x00\xbe\x01\x00\x00\x00\x48\x89\xdf\xe8\x70\x59\x00\x00\x48\x8b\x43\x08\x48\x8b" +
	"\x4b\x10\x48\x8d\x51\x01\x48\x89\x53\x10\xc6\x04\x08\x29\xe9\x27\x07\x00\x00\x4c\x89\xf7\x48\x89\xd6\xe8\x74\x20\x00\x00\x49\x89" +
	"\xc6\xbe\x07\x00\x00\x00\x48\x89\xdf\xe8\x3c\x59\x00\x00\x48\x8b\x43\x08\x48\x03\x43\x10\x31\xc9\x48\x8d\x15\x6b\x95\x00\x00\x40" +
	"\x8a\x34\x11\x40\x88\x34\x08\x48\xff\xc1\x48\x83\xf9\x07\x75\xef\x48\x83\x43\x10\x07\x4d\x21\xee\x49\x8b\x56\x08\x49\x83\xc6\x10" +
	"\x48\x8d\x35\x59\x99\x00\x00\x31\xc0\x48\x89\xf1\x4c\x8d\x50\x01\x31\xff\x49\x89\xf8\x4d\x89\xd1\x48\xff\xc7\x49\xff\xc2\x42\x80" +
	"\x3c\x01\x00\x75\xed\x4c\x8d\x50\x01\x49\xc7\xc3\xff\xff\xff\xff\x42\x80\x7c\x19\x01\x00\x4d\x8d\x5b\x01\x75\xf4\x4c\x39\xda\x75" +
	"\x1c\x48\x85\xd2\x74\x38\x45\x31\xdb\x47\x8a\x3c\x1e\x46\x3a\x3c\x19\x75\x0a\x49\xff\xc3\x4c\x39\xda\x75\xee\xeb\x21\x4c\x89\xc8" +
	"\x80\x3c\x30\x00\x48\x8d\x40\x01\x75\xf6\x48\x8d\x0c\x06\x48\x3d\xe9\x00\x00\x00\x7e\x96\x48\x89\xdf\x4c\x89\xf6\xeb\x28\x4d\x01" +
	"\xc2\x4c\x01\xd6\x48\x8d\x0d\xd5\x98\x00\x00\x48\x01\xc1\x48\x01\xf9\x48\xc7\xc2\xff\xff\xff\xff\x80\x7c\x11\x01\x00\x48\x8d\x52" +
	"\x01\x75\xf5\x48\x89\xdf\x48\x81\xc4\xf8\x00\x00\x00\x5b\x41\x5c\x41\x5d\x41\x5e\x41\x5f\x5d\xe9\x90\xe6\xff\xff\x3d\xfb\xff\x00" +
	"\x00\x0f\x84\x53\x02\x00\x00\x3d\xfc\xff\x00\x00\x0f\x85\x6c\x02\x00\x00\x4d\x89\xf5\xbe\x01\x00\x00\x00\x48\x89\xdf\xe8\x28\x58" +
	"\x00\x00\x48\x8b\x43\x08\x48\x8b\x4b\x10\x48\x8d\x51\x01\x48\x89\x53\x10\xc6\x04\x08\x5b\x49\x83\x7f\x08\x00\x74\x44\x41\xff\xc4" +
	"\x45\x31\xf6\x4d\x85\xf6\x74\x14\xba\x02\x00\x00\x00\x48\x89\xdf\x48\x8d\x35\xab\x94\x00\x00\xe8\x30\xe6\xff\xff\x49\x8b\x47\x18" +
	"\x4a\x8b\x54\xf0\x08\x4c\x89\xef\x48\x89\xde\xb9\x01\x00\x00\x00\x45\x89\xe0\xe8\xa2\xfd\xff\xff\x49\xff\xc6\x4d\x3b\x77\x08\x72" +
	"\xc2\xbe\x01\x00\x00\x00\x48\x89\xdf\xe8\xbc\x57\x00\x00\x48\x8b\x43\x08\x48\x8b\x4b\x10\x48\x8d\x51\x01\x48\x89\x53\x10\xc6\x04" +
	"\x08\x5d\xe9\x73\x05\x00\x00\x4c\x89\x75\x98\x41\xbd\x01\x00\x00\x00\xbe\x01\x00\x00\x00\x48\x89\xdf\xe8\x8c\x57\x00\x00\x48\x8b" +
	"\x43\x08\x48\x8b\x4b\x10\x48\x8d\x51\x01\x48\x89\x53\x10\xc6\x04\x08\x7b\x49\x8b\x47\x10\x48\x85\xc0\x0f\x84\x44\x01\x00\x00\x49" +
	"\x8b\x4f\x20\x48\x89\x4d\xb8\x41\xff\xc4\x45\x31\xf6\x48\xbe\xff\x00\x00\x00\x00\x00\xf8\x7f\x4c\x89\xf1\x48\xc1\xe1\x04\x48\x8b" +
	"\x55\xb8\x48\x8b\x54\x0a\x08\x48\x39\xf2\x0f\x84\x07\x01\x00\x00\x4b\x8d\x04\x36\x48\x89\x45\xa0\x4d\x85\xed\x75\x21\xba\x02\x00" +
	"\x00\x00\x48\x89\xdf\x48\x8d\x35\xd6\x93\x00\x00\xe8\x5b\xe5\xff\xff\x48\x8b\x45\xb8\x48\x8b\x4d\xa0\x48\x8b\x54\xc8\x08\x48\x89" +
	"\xd0\x48\xc1\xe8\x30\x3d\xfb\xff\x00\x00\x4c\x8b\x6d\x98\x75\x6f\x48\x89\xd6\x48\xb8\xff\xff\xff\xff\xff\xff\x00\x00\x48\x21\xc6" +
	"\x48\x8b\x46\x08\x48\x85\xc0\x74\x56\x48\x83\xc6\x10\x8a\x0e\x80\xc1\xd0\x80\xf9\x0a\x72\x48\x31\xc9\x31\xff\x44\x8a\x04\x3e\x41" +
	"\x80\xf8\x5f\x74\x1d\x45\x84\xc0\x78\x18\x45\x8d\x48\xd0\x41\x80\xf9\x0a\x72\x0e\x41\x80\xc8\x20\x41\x80\xc0\x9f\x41\x80\xf8\x19" +
	"\x77\x0b\x48\xff\xc7\x48\x39\xc7\x0f\x93\xc1\x75\xce\xf6\xc1\x01\x74\x0d\x48\x89\xdf\x48\x89\xc2\xe8\xcf\xe4\xff\xff\xeb\x13\x4c" +
	"\x89\xef\x48\x89\xde\xb9\x01\x00\x00\x00\x45\x89\xe0\xe8\x48\xfc\xff\xff\xba\x02\x00\x00\x00\x48\x89\xdf\x48\x8d\x35\x64\x96\x00" +
	"\x00\xe8\xa6\xe4\xff\xff\x48\x8b\x45\xb8\x48\x8b\x4d\xa0\x48\x8b\x54\xc8\x10\x4c\x89\xef\x48\x89\xde\xb9\x01\x00\x00\x00\x45\x89" +
	"\xe0\xe8\x14\xfc\xff\xff\x49\x8b\x47\x10\x45\x31\xed\x48\xbe\xff\x00\x00\x00\x00\x00\xf8\x7f\x49\xff\xc6\x49\x39\xc6\x0f\x82\xd4" +
	"\xfe\xff\xff\xbe\x01\x00\x00\x00\x48\x89\xdf\xe8\x1a\x56\x00\x00\x48\x8b\x43\x08\x48\x8b\x4b\x10\x48\x8d\x51\x01\x48\x89\x53\x10" +
	"\xc6\x04\x08\x7d\xe9\xd1\x03\x00\x00\x48\x8d\x35\x5b\x93\x00\x00\xba\x04\x00\x00\x00\xe9\x89\xfd\xff\xff\x85\xc9\x0f\x84\xa8\x00" +
	"\x00\x00\x48\x89\xdf\x48\x89\xd6\x48\x81\xc4\xf8\x00\x00\x00\x5b\x41\x5c\x41\x5d\x41\x5e\x41\x5f\x5d\xe9\xb4\x38\x00\x00\x48\x05" +
	"\x07\x00\xff\xff\x48\x83\xf8\x02\x73\x62\x4c\x8d\xbd\x30\xff\xff\xff\x48\x89\xd7\x4c\x89\xfe\xe8\xcb\x6c\x00\x00\x49\x83\x7f\x20" +
	"\x01\x75\x7a\x48\x8b\x85\x48\xff\xff\xff\x48\x83\x38\x01\x75\x6d\x83\xbd\x40\xff\xff\xff\x00\x74\x21\xbe\x01\x00\x00\x00\x48\x89" +
	"\xdf\xe8\x84\x55\x00\x00\x48\x8b\x43\x08\x48\x8b\x4b\x10\x48\x8d\x51\x01\x48\x89\x53\x10\xc6\x04\x08\x2d\x48\x8d\x95\x30\xff\xff" +
	"\xff\x4c\x89\xf7\x48\x89\xde\xe9\x29\x03\x00\x00\x66\x48\x0f\x6e\xc2\x48\x89\xdf\x48\x81\xc4\xf8\x00\x00\x00\x5b\x41\x5c\x41\x5d" +
	"\x41\x5e\x41\x5f\x5d\xe9\x19\x7c\x00\x00\x49\x8b\x57\x08\x49\x83\xc7\x10\x48\x89\xdf\x4c\x89\xfe\xe9\xc9\xfc\xff\xff\x4c\x8d\xbd" +
	"\x48\xff\xff\xff\x41\x83\x7f\xf8\x00\x74\x21\xbe\x01\x00\x00\x00\x48\x89\xdf\xe8\x12\x55\x00\x00\x48\x8b\x43\x08\x48\x8b\x4b\x10" +
	"\x48\x8d\x51\x01\x48\x89\x53\x10\xc6\x04\x08\x2d\x41\x0f\x10\x07\x48\x8d\x75\xc0\x0f\x29\x06\x4c\x8d\xa5\x78\xff\xff\xff\xba\x02" +
	"\x00\x00\x00\x4d\x89\xf7\x4c\x89\xf7\x4c\x89\xe1\xe8\x42\x71\x00\x00\x49\x83\x3c\x24\x00\x74\x05\x45\x31\xf6\xeb\x36\x45\x31\xf6" +
	"\x4c\x8d\x65\xc0\x4c\x8d\xad\x78\xff\xff\xff\x48\x89\x45\xc0\x48\x89\x55\xc8\x49\xff\xc6\xba\x02\x00\x00\x00\x4c\x89\xff\x4c\x89" +
	"\xe6\x4c\x89\xe9\xe8\x0a\x71\x00\x00\x48\x83\xbd\x78\xff\xff\xff\x00\x74\xd8\x48\x8d\x75\xc0\x4c\x8d\xa5\x78\xff\xff\xff\xba\x05" +
	"\x00\x00\x00\x4c\x89\xff\x4c\x89\xe1\xe8\xe5\x70\x00\x00\x49\x83\x3c\x24\x00\x4d\x89\xfd\x74\x09\x4c\x8b\x65\xc8\x45\x31\xff\xeb" +
	"\x33\x45\x31\xff\x49\x89\xd4\x48\x89\x45\xc0\x48\x89\x55\xc8\x49\xff\xc7\xba\x05\x00\x00\x00\x4c\x89\xef\x48\x8d\x75\xc0\x48\x8d" +
	"\x8d\x78\xff\xff\xff\xe8\xa9\x70\x00\x00\x48\x83\xbd\x78\xff\xff\xff\x00\x74\xd0\x49\x83\xfc\x01\x0f\x85\xb7\x01\x00\x00\x48\x8b" +
	"\x45\xc0\x48\x83\x38\x01\x0f\x85\xa9\x01\x00\x00\xba\x02\x00\x00\x00\x4c\x89\xef\xbe\x01\x00\x00\x00\xe8\x15\x14\x00\x00\x41\xbc" +
	"\x01\x00\x00\x00\x4c\x89\x60\x08\x48\x83\xc0\x08\x48\x89\x45\xa8\x4c\x89\x65\xb0\xba\x02\x00\x00\x00\x4c\x89\xef\xbe\x01\x00\x00" +
	"\x00\xe8\xed\x13\x00\x00\x48\x8d\x48\x08\x4d\x39\xfe\x4d\x0f\x47\xfe\x48\xc7\x40\x08\x0a\x00\x00\x00\x48\x89\x8d\x68\xff\xff\xff" +
	"\x4c\x89\xa5\x70\xff\xff\xff\x4d\x85\xff\x4d\x89\xec\x74\x26\x4c\x8d\xad\x68\xff\xff\xff\x4d\x89\xfe\x4c\x89\xe7\x48\x8d\x75\xa8" +
	"\x4c\x89\xea\xe8\x1b\x74\x00\x00\x48\x89\x45\xa8\x48\x89\x55\xb0\x49\xff\xce\x75\xe4\x48\x8d\xb5\x30\xff\xff\xff\x48\x8d\x55\xa8" +
	"\x4c\x89\xe7\xe8\xfb\x73\x00\x00\x48\x8d\xb5\xe0\xfe\xff\xff\x48\x89\x06\x48\x89\x56\x08\x4c\x8d\xad\xf0\xfe\xff\xff\x4c\x8d\x85" +
	"\x00\xff\xff\xff\x4c\x89\xe7\x48\x8d\x95\x48\xff\xff\xff\x4c\x89\xe9\xe8\xaa\x6b\x00\x00\x4c\x8d\xb5\x10\xff\xff\xff\x4c\x8d\x85" +
	"\x20\xff\xff\xff\x4c\x89\xe7\x4c\x89\xee\x48\x8d\x55\xa8\x4c\x89\xf1\xe8\x8a\x6b\x00\x00\x4c\x89\xe7\x48\x89\xde\x4c\x89\xf2\xe8" +
	"\xd4\x82\x00\x00\xbe\x01\x00\x00\x00\x48\x89\xdf\xe8\x19\x53\x00\x00\x48\x8b\x43\x08\x48\x8b\x4b\x10\x48\x8d\x51\x01\x48\x89\x53" +
	"\x10\xc6\x04\x08\x2e\x4d\x8d\x6f\x20\x4c\x8d\xb5\x78\xff\xff\xff\x4d\x89\x26\x4c\x89\xe7\x4c\x89\xee\xe8\x7e\x49\x00\x00\x49\x89" +
	"\x46\x08\x49\xc7\x46\x10\x00\x00\x00\x00\x4d\x89\x6e\x18\x4c\x89\xe7\x4c\x89\xf6\x48\x8d\x95\x20\xff\xff\xff\xe8\x78\x82\x00\x00" +
	"\x4d\x8b\x76\x10\x4d\x29\xf7\x76\x26\xbe\x01\x00\x00\x00\x48\x89\xdf\xe8\xb4\x52\x00\x00\x48\x8b\x43\x08\x48\x8b\x4b\x10\x48\x8d" +
	"\x51\x01\x48\x89\x53\x10\xc6\x04\x08\x30\x49\xff\xcf\x75\xda\x48\x8b\x75\x80\x4d\x85\xf6\x74\x0d\x42\x80\x7c\x36\xff\x30\x75\x08" +
	"\x49\xff\xce\x75\xf3\x45\x31\xf6\x48\x89\xdf\x4c\x89\xf2\xe8\xb9\xe0\xff\xff\xeb\x45\x48\x8d\x95\x30\xff\xff\xff\x4c\x89\xef\x48" +
	"\x89\xde\xe8\x11\x82\x00\x00\xbe\x01\x00\x00\x00\x48\x89\xdf\xe8\x56\x52\x00\x00\x48\x8b\x43\x08\x48\x8b\x4b\x10\x48\x8d\x51\x01" +
	"\x48\x89\x53\x10\xc6\x04\x08\x2f\x4c\x89\xef\x48\x89\xde\x48\x8d\x95\x48\xff\xff\xff\xe8\xde\x81\x00\x00\x48\x81\xc4\xf8\x00\x00" +
	"\x00\x5b\x41\x5c\x41\x5d\x41\x5e\x41\x5f\x5d\xc3\x55\x48\x89\xe5\x41\x57\x41\x56\x41\x55\x41\x54\x53\x48\x83\xec\x38\x4c\x89\x45" +
	"\xb0\x49\x89\xcc\x49\x89\xd5\x48\x89\x75\xa8\x49\x89\xfe\x48\x89\x7d\xb8\xba\x11\x00\x00\x00\xbe\x01\x00\x00\x00\xe8\xf2\x11\x00" +
	"\x00\x48\x83\xc0\x08\x31\xc9\x0f\x57\xc0\x0f\x11\x04\x08\x48\x83\xc1\x10\x48\x81\xf9\x80\x00\x00\x00\x75\xef\x48\x89\x45\xc0\x48" +
	"\xc7\x45\xc8\x00\x00\x00\x00\x48\xc7\x45\xd0\x80\x00\x00\x00\x4d\x85\xe4\x74\x4a\x45\x31\xff\x48\x8d\x5d\xb8\x4d\x85\xff\x74\x21" +
	"\xbe\x01\x00\x00\x00\x48\x89\xdf\xe8\x9d\x51\x00\x00\x48\x8b\x45\xc0\x48\x8b\x4d\xc8\x48\x8d\x51\x01\x48\x89\x55\xc8\xc6\x04\x08" +
	"\x20\x4b\x8b\x54\xfd\x00\x4c\x89\xf7\x48\x89\xde\x31\xc9\x45\x31\xc0\xe8\x44\xf7\xff\xff\x49\xff\xc7\x4d\x39\xfc\x75\xbd\x48\x83" +
	"\x7d\xb0\x00\x74\x25\x48\x8d\x5d\xb8\xbe\x01\x00\x00\x00\x48\x89\xdf\xe8\x54\x51\x00\x00\x48\x8b\x43\x08\x48\x8b\x4b\x10\x48\x8d" +
	"\x51\x01\x48\x89\x53\x10\xc6\x04\x08\x0a\x48\x8b\x55\xc0\x48\x8b\x4d\xc8\x4c\x89\xf7\x48\x8b\x75\xa8\xe8\x11\x00\x00\x00\x31\xc0" +
	"\x48\x83\xc4\x38\x5b\x41\x5c\x41\x5d\x41\x5e\x41\x5f\x5d\xc3\x55\x48\x89\xe5\x41\x57\x41\x56\x41\x54\x53\x48\x89\xcb\x49\x89\xd6" +
	"\x49\x89\xff\x48\x83\xfe\x01\x0f\x85\x90\x00\x00\x00\x48\x85\xdb\x0f\x84\xc0\x00\x00\x00\x4d\x8d\xa7\x14\xa4\x00\x00\x49\x8b\x87" +
	"\xd0\xa3\x00\x00\x48\x3d\x00\x10\x00\x00\x75\x2f\x4c\x89\xff\xe8\xb9\xc1\xff\xff\x49\x8b\x87\xd0\xa3\x00\x00\x48\x8d\x88\x00\xf0" +
	"\xff\xff\x48\xf7\xd9\x48\x39\xd9\x48\x0f\x43\xcb\xba\x00\x10\x00\x00\x48\x3d\x00\x10\x00\x00\x75\x11\xeb\x2b\xb9\x00\x10\x00\x00" +
	"\x48\x29\xc1\x48\x39\xd9\x48\x0f\x43\xcb\x4c\x01\xe0\x31\xd2\x41\x8a\x34\x16\x40\x88\x34\x10\x48\xff\xc2\x48\x39\xd1\x75\xf0\x49" +
	"\x8b\x97\xd0\xa3\x00\x00\x48\x01\xca\x49\x89\x97\xd0\xa3\x00\x00\x49\x01\xce\x48\x89\xd0\x48\x29\xcb\x75\x89\xeb\x39\x49\x89\xf4" +
	"\x4c\x89\xff\xe8\x45\xc1\xff\xff\x49\x8b\x87\xb0\xa3\x00\x00\x48\x85\xc0\x74\x04\x31\xff\xff\xd0\x48\x85\xdb\x74\x19\x49\x8b\x3f" +
	"\x4c\x89\xe6\x4c\x89\xf2\x48\x89\xd9\xff\x17\x49\x01\xc6\x48\x29\xc3\x48\x85\xc0\x7f\xe2\x5b\x41\x5c\x41\x5e\x41\x5f\x5d\xc3\x55" +
	"\x48\x89\xe5\x41\x57\x41\x56\x41\x55\x41\x54\x53\x48\x81\xec\xc8\x00\x00\x00\x49\x89\xf6\x48\x89\xfb\x48\x89\xf0\x48\xc1\xe8\x30" +
	"\x3d\xfb\xff\x00\x00\x0f\x85\xe6\x08\x00\x00\x49\x89\xcf\x49\x89\xd4\x48\x89\x5d\x90\xba\x11\x00\x00\x00\x48\x89\xdf\xbe\x01\x00" +
	"\x00\x00\xe8\xec\x0f\x00\x00\x48\x83\xc0\x08\x31\xc9\x66\x0f\x57\xc0\x66\x0f\x11\x04\x08\x48\x83\xc1\x10\x48\x81\xf9\x80\x00\x00" +
	"\x00\x75\xee\x48\x89\x45\x98\x48\xc7\x45\xa0\x00\x00\x00\x00\x48\xc7\x45\xa8\x80\x00\x00\x00\x48\xb9\xff\xff\xff\xff\xff\xff\x00" +
	"\x00\x49\x21\xce\x49\x8b\x76\x08\x48\x85\xf6\x0f\x84\xb3\x08\x00\x00\x4c\x89\xa5\x48\xff\xff\xff\x4c\x89\xbd\x40\xff\xff\xff\x48" +
	"\x89\x5d\xd0\x48\x8d\x7e\xff\x48\xb9\x00\x00\x00\x00\x01\x28\x01\x00\xba\x01\x00\x00\x00\x31\xc0\x48\x89\x85\x78\xff\xff\xff\x31" +
	"\xdb\x4c\x89\xb5\x68\xff\xff\xff\x48\x89\xb5\x30\xff\xff\xff\x48\x89\xbd\x38\xff\xff\xff\x45\x8a\x74\x1e\x10\x48\x8d\x43\x01\x48" +
	"\x39\xf0\x74\x56\x41\x80\xfe\x25\x75\x50\x45\x31\xc0\x41\xbd\x00\x00\x00\x00\x41\xbf\x00\x00\x00\x00\x48\x39\xf0\x4c\x8b\xb5\x68" +
	"\xff\xff\xff\x0f\x83\x8e\x00\x00\x00\x45\x31\xff\x45\x31\xed\x41\x0f\xb6\x44\x1e\x11\x48\x83\xf8\x30\x77\x76\x48\x0f\xa3\xc1\x73" +
	"\x70\x3c\x2d\x44\x0f\x44\xea\x3c\x30\x44\x0f\x44\xfa\x48\xff\xc3\x48\x39\xdf\x75\xda\xe9\xfc\x07\x00\x00\xbe\x01\x00\x00\x00\x48" +
	"\x8d\x7d\x90\xe8\xe2\x4e\x00\x00\x48\x8b\x45\x98\x48\x8b\x4d\xa0\x48\x8d\x51\x01\x48\x89\x55\xa0\x44\x88\x34\x08\x4c\x8b\xb5\x68" +
	"\xff\xff\xff\x48\xff\xc3\x48\x8b\xb5\x30\xff\xff\xff\x48\x39\xf3\x48\x8b\xbd\x38\xff\xff\xff\x48\xb9\x00\x00\x00\x00\x01\x28\x01" +
	"\x00\xba\x01\x00\x00\x00\x0f\x82\x4a\xff\xff\xff\xe9\xa5\x07\x00\x00\x48\xff\xc3\x48\x89\xd8\x41\xbc\xff\xff\xff\xff\x48\x39\xf0" +
	"\x73\x70\x45\x31\xc0\x41\x0f\xb6\x4c\x06\x10\x8d\x51\xd0\x80\xfa\x09\x77\x19\x43\x8d\x14\x80\x44\x8d\x04\x51\x41\x83\xc0\xd0\x48" +
	"\xff\xc0\x48\x39\xc6\x75\xde\xe9\x6a\x07\x00\x00\x83\xf9\x2e\x75\x41\x48\x8d\x58\x01\x45\x31\xe4\x48\x39\xf3\x73\x38\x45\x31\xe4" +
	"\x41\x0f\xb6\x4c\x06\x11\x8d\x51\xd0\x80\xfa\x09\x77\x21\x43\x8d\x14\xa4\x44\x8d\x24\x51\x41\x83\xc4\xd0\x48\x8d\x48\x01\x48\x83" +
	"\xc0\x02\x48\x39\xf0\x48\x89\xc8\x72\xd6\xe9\x27\x07\x00\x00\x48\xff\xc0\x48\x89\xc3\x48\x39\xf3\x73\x1b\x41\x0f\xb6\x44\x1e\x10" +
	"\x83\xc8\x04\x83\xf8\x6c\x75\x0d\x48\xff\xc3\x48\x39\xde\x75\xea\xe9\x01\x07\x00\x00\x48\x39\xf3\x0f\x84\xf8\x06\x00\x00\x41\x0f" +
	"\xb6\x44\x1e\x10\x83\xf8\x25\x75\x27\xbe\x01\x00\x00\x00\x48\x8d\x7d\x90\xe8\xd3\x4d\x00\x00\x48\x8b\x45\x98\x48\x8b\x4d\xa0\x48" +
	"\x8d\x51\x01\x48\x89\x55\xa0\xc6\x04\x08\x25\xe9\xf3\xfe\xff\xff\x48\x8b\x8d\x78\xff\xff\xff\x48\x3b\x8d\x40\xff\xff\xff\x48\x89" +
	"\x45\x80\x4c\x89\x85\x70\xff\xff\xff\x73\x17\x48\x8b\x85\x48\xff\xff\xff\x4c\x8b\x34\xc8\x48\xff\xc1\x48\x89\x8d\x78\xff\xff\xff" +
	"\xeb\x11\x48\x89\x8d\x78\xff\xff\xff\x49\xbe\x00\x67\x72\x61\x00\x00\xf8\x7f\x48\x8b\x7d\xd0\x48\x89\x7d\xb0\xba\x05\x00\x00\x00" +
	"\xbe\x01\x00\x00\x00\xe8\x69\x0d\x00\x00\x48\x8d\x48\x08\x66\x0f\x57\xc0\x66\x0f\x11\x40\x08\x66\x0f\x11\x40\x18\x48\x89\x4d\xb8" +
	"\x48\xc7\x45\xc0\x00\x00\x00\x00\x48\xc7\x45\xc8\x20\x00\x00\x00\x48\x8b\x4d\x80\x83\xf9\x64\x7e\x27\x83\xf9\x70\x7f\x46\x8d\x41" +
	"\x9b\x83\xf8\x02\x4c\x89\xf2\x0f\x82\xb6\x00\x00\x00\x83\xf9\x67\x0f\x84\x87\x04\x00\x00\x83\xf9\x69\x74\x43\xe9\x3e\x03\x00\x00" +
	"\x83\xf9\x61\x7e\x64\x83\xf9\x62\x4c\x89\xf2\x0f\x84\xb1\x02\x00\x00\x83\xf9\x63\x0f\x84\xf2\x02\x00\x00\x83\xf9\x64\x74\x1f\xe9" +
	"\x1a\x03\x00\x00\x83\xf9\x71\x4c\x89\xf2\x0f\x84\xca\x02\x00\x00\x83\xf9\x78\x74\x45\x83\xf9\x75\x0f\x85\x00\x03\x00\x00\x66\x48" +
	"\x0f\x6e\xc2\x66\x0f\x2e\xc0\x0f\x8a\xc3\x03\x00\x00\x4c\x8b\x75\xd0\x4c\x89\xf7\xbe\x04\x00\x00\x00\xe8\xe5\x05\x00\x00\x48\x89" +
	"\xc2\x4c\x89\xf7\xe9\x18\x04\x00\x00\x83\xf9\x46\x4c\x89\xf2\x74\x32\x83\xf9\x58\x0f\x85\xc4\x02\x00\x00\x48\x8b\x7d\xd0\x48\x89" +
	"\xd6\x49\x89\xce\xe8\x48\xbe\xff\xff\x31\xd2\x41\x83\xfe\x58\x0f\x94\xc2\x48\x8d\x7d\xb0\x48\x89\xc6\xe8\x84\x0a\x00\x00\xe9\xec" +
	"\x03\x00\x00\x66\x48\x0f\x6e\xc2\x66\x0f\x2e\xc0\x0f\x8a\x99\x03\x00\x00\x41\x83\xfc\x1e\xb8\x1e\x00\x00\x00\x41\x0f\x4c\xc4\x45" +
	"\x85\xe4\x41\x89\xc4\xb8\x06\x00\x00\x00\x44\x0f\x48\xe0\x48\x8b\x7d\xd0\x48\x89\xd6\xe8\xa9\x20\x00\x00\x66\x0f\x2e\xc0\x7a\x2f" +
	"\x66\x0f\x57\xdb\xf2\x0f\x5c\xd8\x66\x0f\x28\xc8\xf2\x0f\xc2\x0d\x1b\x87\x00\x00\x01\x66\x0f\x28\xd1\x66\x0f\x54\xd3\x66\x0f\x55" +
	"\xc8\x66\x0f\x56\xca\x66\x0f\x2e\x0d\x93\x86\x00\x00\x72\x0e\x48\x8d\x7d\xb0\xe8\xcb\x72\x00\x00\xe9\x72\x03\x00\x00\x66\x0f\x57" +
	"\xc9\x66\x0f\x2e\xc8\x77\x16\x66\x0f\x2e\x05\xe1\x86\x00\x00\x75\x3e\x7a\x3c\x66\x48\x0f\x7e\xc0\x48\x85\xc0\x79\x32\xbe\x01\x00" +
	"\x00\x00\x48\x8d\x7d\xb0\x66\x0f\x29\x9d\x50\xff\xff\xff\xe8\xb7\x4b\x00\x00\x48\x8b\x45\xb8\x48\x8b\x4d\xc0\x48\x8d\x51\x01\x48" +
	"\x89\x55\xc0\xc6\x04\x08\x2d\x66\x0f\x28\x85\x50\xff\xff\xff\x45\x85\xe4\x44\x89\x65\x88\xba\x01\x00\x00\x00\x7e\x0e\x44\x89\xe0" +
	"\x48\x01\xd2\x48\x8d\x14\x92\xff\xc8\x75\xf5\xf2\x48\x0f\x2c\xc0\x0f\x57\xc9\xf2\x48\x0f\x2a\xc8\x66\x0f\x28\xd0\xf2\x0f\xc2\x15" +
	"\xeb\x86\x00\x00\x01\x66\x0f\x28\xda\x66\x0f\x55\xd8\x66\x0f\x54\xd1\x66\x0f\x56\xd3\xf2\x0f\x10\x0d\xc3\x85\x00\x00\xf2\x0f\xc2" +
	"\xc8\x01\x66\x0f\x54\xd1\x66\x0f\x55\xc8\x66\x0f\x56\xca\xf2\x0f\x5c\xc1\x66\x48\x0f\x6e\xda\x66\x0f\x6f\x25\x01\x87\x00\x00\x66" +
	"\x0f\x62\xdc\x66\x0f\x28\x2d\xe5\x86\x00\x00\x66\x0f\x5c\xdd\x66\x0f\x28\xd3\x66\x0f\x15\xd3\xf2\x0f\x58\xd3\xf2\x0f\x59\xd0\xf2" +
	"\x48\x0f\x2c\xc2\x48\x89\xc1\x66\x0f\x28\xc2\xf2\x0f\x5c\x05\xf5\x85\x00\x00\xf2\x4c\x0f\x2c\xe0\x48\xc1\xf9\x3f\x49\x21\xcc\x49" +
	"\x09\xc4\x66\x49\x0f\x6e\xc4\x66\x0f\x62\xc4\x66\x0f\x5c\xc5\x66\x0f\x28\xd8\x66\x0f\x15\xd8\xf2\x0f\x58\xd8\xf2\x0f\x5c\xd3\x66" +
	"\x0f\x2e\x15\xf1\x85\x00\x00\x77\x12\x41\xf6\xc4\x01\x74\x0f\x66\x0f\x2e\x15\xe1\x85\x00\x00\x75\x05\x7a\x03\x49\xff\xc4\x66\x0f" +
	"\x28\xc1\xf2\x0f\x58\x05\x76\x85\x00\x00\x49\x39\xd4\x72\x04\x66\x0f\x28\xc8\xb8\x00\x00\x00\x00\x48\x0f\x42\xd0\xf2\x0f\x10\x05" +
	"\x3c\x85\x00\x00\x66\x0f\x2e\xc1\x48\x89\x95\x50\xff\xff\xff\x0f\x86\xe7\x00\x00\x00\xf2\x48\x0f\x2c\xc1\x48\x89\xc1\x48\xc1\xf9" +
	"\x3f\xf2\x0f\x5c\x0d\x5f\x85\x00\x00\xf2\x48\x0f\x2c\xf1\x48\x21\xce\x48\x09\xc6\x48\x8d\x7d\xb0\xe8\x97\x0f\x00\x00\xe9\xc7\x00" +
	"\x00\x00\x48\x89\xd6\xe8\xf7\xda\xff\xff\x48\x85\xc0\x48\x8d\x35\xaf\x87\x00\x00\x48\x8d\x05\x38\x89\x00\x00\x48\x0f\x44\xf0\x48" +
	"\xc7\xc2\xff\xff\xff\xff\x80\x7c\x16\x01\x00\x48\x8d\x52\x01\x75\xf5\x48\x8d\x7d\xb0\xe9\x0f\x01\x00\x00\x48\x8b\x7d\xd0\x48\x8d" +
	"\x75\xb0\xb9\x01\x00\x00\x00\xe9\x7b\x01\x00\x00\x48\x8b\x7d\xd0\x48\x89\xd6\xe8\xb9\xbb\xff\xff\x25\xff\xff\x1f\x00\x4c\x8d\xb5" +
	"\x10\xff\xff\xff\x4c\x89\xf7\x48\x89\xc6\xe8\x70\x08\x00\x00\x48\x8d\x7d\xb0\x4c\x89\xf6\x48\x89\xc2\xe9\xcb\x00\x00\x00\x48\x8b" +
	"\x7d\xd0\x48\x8d\x75\xb0\x49\x89\xce\x31\xc9\x45\x31\xc0\xe8\x87\xef\xff\xff\x41\x83\xfe\x73\x0f\x85\x32\x01\x00\x00\x45\x85\xe4" +
	"\x0f\x88\x29\x01\x00\x00\x44\x89\xe0\x48\x39\x45\xc0\x0f\x86\x1c\x01\x00\x00\x48\x89\x45\xc0\xe9\x13\x01\x00\x00\x48\x8d\x7d\xb0" +
	"\x66\x0f\x28\xc1\xe8\x5a\x70\x00\x00\x44\x8b\x75\x88\x45\x85\xf6\x0f\x8e\xf9\x00\x00\x00\x4c\x2b\xa5\x50\xff\xff\xff\xbe\x01\x00" +
	"\x00\x00\x48\x8d\x7d\xb0\xe8\x5f\x49\x00\x00\x48\x8b\x45\xb8\x48\x8b\x4d\xc0\x48\x8d\x51\x01\x48\x89\x55\xc0\xc6\x04\x08\x2e\x44" +
	"\x89\xf1\x48\x8d\x71\x01\x48\xbf\xcd\xcc\xcc\xcc\xcc\xcc\xcc\xcc\x4c\x89\xe0\x48\xf7\xe7\x48\xc1\xea\x03\x8d\x04\x12\x8d\x04\x80" +
	"\x41\x29\xc4\x41\x80\xcc\x30\x44\x88\xa4\x35\x0e\xff\xff\xff\x48\xff\xce\x49\x89\xd4\x48\x83\xfe\x01\x77\xd5\x48\x8d\x7d\xb0\x48" +
	"\x8d\xb5\x10\xff\xff\xff\x48\x89\xca\xe8\x3e\xd7\xff\xff\xeb\x7f\x48\x89\xd0\x48\xc1\xe8\x30\x48\x05\x07\x00\xff\xff\x48\x83\xf8" +
	"\x02\x0f\x82\x26\xfc\xff\xff\x48\x89\xd0\x48\x0f\xba\xe8\x3f\x48\xb9\x00\x00\x00\x00\x00\x00\xf8\xff\x48\x39\xc8\x0f\x84\x0b\xfc" +
	"\xff\xff\x4c\x8b\x75\xd0\xe9\x16\xfc\xff\xff\x48\x89\xd0\x48\xc1\xe8\x30\x48\x05\x07\x00\xff\xff\x48\x83\xf8\x02\x0f\x82\x50\xfc" +
	"\xff\xff\x48\x89\xd0\x48\x0f\xba\xe8\x3f\x48\xb9\x00\x00\x00\x00\x00\x00\xf8\xff\x48\x39\xc8\x0f\x84\x35\xfc\xff\xff\x48\x8b\x7d" +
	"\xd0\x48\x8d\x75\xb0\x31\xc9\x45\x31\xc0\xe8\x4b\xee\xff\xff\x4c\x63\xa5\x70\xff\xff\xff\x48\x8b\x4d\xc0\x4c\x89\xe0\x48\x29\xc8" +
	"\x41\xbe\x00\x00\x00\x00\x4c\x0f\x43\xf0\x48\x89\xca\x45\x85\xed\x48\x89\x4d\x88\x75\x75\x48\x89\xca\x4c\x39\xe1\x73\x6d\x4c\x89" +
	"\xa5\x50\xff\xff\xff\x83\x7d\x80\x73\x0f\x95\xc0\xc0\xe0\x04\x0c\x20\x45\x85\xff\x0f\xb6\xc8\xb8\x20\x00\x00\x00\x0f\x44\xc8\x89" +
	"\x8d\x70\xff\xff\xff\x49\x83\xfe\x01\x4d\x89\xf4\x49\x83\xd4\x00\xbe\x01\x00\x00\x00\x48\x8d\x7d\x90\xe8\x0c\x48\x00\x00\x48\x8b" +
	"\x45\x98\x48\x8b\x4d\xa0\x48\x8d\x51\x01\x48\x89\x55\xa0\x8b\x95\x70\xff\xff\xff\x88\x14\x08\x49\xff\xcc\x75\xd4\x48\x8b\x55\xc0" +
	"\x4c\x8b\xa5\x50\xff\xff\xff\x48\x8b\x4d\x88\x48\x8b\x75\xb8\x45\x85\xed\x75\x5d\x45\x85\xff\x74\x58\x4c\x39\xe1\x73\x53\x48\x85" +
	"\xd2\x74\x4e\x83\x7d\x80\x73\x0f\x84\x96\x00\x00\x00\x80\x3e\x2d\x0f\x85\x8d\x00\x00\x00\x48\x8b\x45\x98\x48\x8b\x4d\xa0\x4c\x29" +
	"\xf1\xc6\x04\x08\x2d\x48\x8b\x75\xb8\x48\x8b\x55\xc0\x48\xff\xc6\x48\xff\xca\x48\x8d\x7d\x90\xe8\xd0\xd5\xff\xff\x48\x8b\x45\x98" +
	"\x48\x8b\x4d\xa0\x48\x2b\x4d\xc0\xc6\x04\x08\x30\xe9\xab\xf8\xff\xff\x4c\x8d\x7d\x90\x4c\x89\xff\xe8\xaf\xd5\xff\xff\x45\x85\xed" +
	"\x0f\x84\x96\xf8\xff\xff\x4c\x39\x65\x88\x0f\x83\x8c\xf8\xff\xff\x49\x83\xfe\x01\x49\x83\xd6\x00\xbe\x01\x00\x00\x00\x4c\x89\xff" +
	"\xe8\x45\x47\x00\x00\x48\x8b\x45\x98\x48\x8b\x4d\xa0\x48\x8d\x51\x01\x48\x89\x55\xa0\xc6\x04\x08\x20\x49\xff\xce\x75\xda\xe9\x59" +
	"\xf8\xff\xff\x48\x8d\x7d\x90\xe8\x60\xd5\xff\xff\xe9\x4b\xf8\xff\xff\x48\x8d\x35\x0f\x86\x00\x00\x48\x89\xdf\x4c\x89\xf2\x31\xc9" +
	"\x48\x81\xc4\xc8\x00\x00\x00\x5b\x41\x5c\x41\x5d\x41\x5e\x41\x5f\x5d\xe9\x32\xd4\xff\xff\x48\x8b\x5d\x90\x48\x8b\x45\x98\x48\x8b" +
	"\x55\xa0\xeb\x02\x31\xd2\x48\x89\xdf\x48\x89\xc6\xe8\xcb\xe2\xff\xff\x48\x81\xc4\xc8\x00\x00\x00\x5b\x41\x5c\x41\x5d\x41\x5e\x41" +
	"\x5f\x5d\xc3\x55\x48\x89\xe5\x41\x57\x41\x56\x41\x54\x53\x48\x81\xec\xf0\x00\x00\x00\x49\x89\xd7\x41\x89\xf6\x48\x89\xfb\x48\x89" +
	"\xd0\x48\xc1\xe8\x30\x48\x05\x07\x00\xff\xff\x48\x83\xf8\x02\x72\x3f\x66\x49\x0f\x6e\xc7\x66\x0f\x2e\x05\x02\x81\x00\x00\xf2\x48" +
	"\x0f\x2c\xc0\xf2\x48\x0f\x2a\xc8\x0f\x86\x46\x01\x00\x00\xf2\x0f\x10\x15\xfa\x81\x00\x00\x66\x0f\x2e\xd0\x0f\x86\x34\x01\x00\x00" +
	"\x66\x0f\x2e\xc1\x0f\x85\x2a\x01\x00\x00\x0f\x8a\x24\x01\x00\x00\x48\x8d\xb5\x58\xff\xff\xff\x4c\x89\xff\xe8\x68\x5d\x00\x00\x41" +
	"\x83\xfe\x05\x75\x3e\xc7\x85\x68\xff\xff\xff\x00\x00\x00\x00\x48\x8b\xb5\x70\xff\xff\xff\x48\x8b\x95\x78\xff\xff\xff\x48\x8b\x85" +
	"\x68\xff\xff\xff\x48\x89\x44\x24\x10\x66\x0f\x10\x85\x58\xff\xff\xff\x66\x0f\x11\x04\x24\x48\x89\xdf\xe8\x7c\x64\x00\x00\xe9\x6f" +
	"\x02\x00\x00\x48\x83\xbd\x78\xff\xff\xff\x01\x75\x11\x48\x8b\x85\x70\xff\xff\xff\x48\x83\x38\x01\x0f\x84\x57\x02\x00\x00\x4c\x8d" +
	"\xbd\x70\xff\xff\xff\x49\x8b\x47\xf8\x48\x89\x45\xa0\x66\x41\x0f\x10\x47\xe8\x66\x0f\x29\x45\x90\x41\x83\xfe\x03\x0f\x85\xf1\x00" +
	"\x00\x00\x48\x8d\x75\x90\xba\x01\x00\x00\x00\x48\x89\xdf\xe8\xa9\x76\x00\x00\x4c\x8d\xb5\x40\xff\xff\xff\x49\x89\x06\x49\x89\x56" +
	"\x08\xba\x01\x00\x00\x00\x48\x89\xdf\x4c\x89\xfe\xe8\x8b\x76\x00\x00\x4c\x8d\xa5\x28\xff\xff\xff\x49\x89\x04\x24\x49\x89\x54\x24" +
	"\x08\x48\x89\xdf\x4c\x89\xf6\x4c\x89\xfa\xe8\x1b\x68\x00\x00\x48\x8d\x75\xc8\x48\x89\x06\x48\x89\x56\x08\x45\x31\xff\x44\x89\x7e" +
	"\x10\x4c\x8d\x75\xb0\x4c\x8d\x85\x10\xff\xff\xff\x48\x89\xdf\x4c\x89\xe2\x4c\x89\xf1\xe8\x3d\x5d\x00\x00\x49\x83\x7e\x08\x00\x74" +
	"\x04\x44\x8b\x7d\xa0\x44\x89\x7d\xc0\x48\x89\xdf\x4c\x89\xf6\xe9\x99\x01\x00\x00\x66\x0f\x2e\xc0\x0f\x8a\x97\x01\x00\x00\x41\x83" +
	"\xfe\x02\x0f\x8e\xe7\x00\x00\x00\x41\x83\xfe\x03\x0f\x84\x96\x01\x00\x00\x41\x83\xfe\x04\x0f\x85\x0f\x02\x00\x00\x66\x0f\x28\xd0" +
	"\xf2\x0f\xc2\x15\x87\x80\x00\x00\x01\x66\x0f\x54\xca\x66\x0f\x55\xd0\x66\x0f\x56\xd1\xf2\x0f\x10\x0d\x63\x7f\x00\x00\xf2\x0f\xc2" +
	"\xc8\x01\x66\x0f\x54\xd1\x66\x0f\x55\xc8\x66\x0f\x56\xca\xe9\xe5\x02\x00\x00\x4c\x8d\x65\x90\x48\x8d\x4d\xb0\x4c\x8d\x85\x10\xff" +
	"\xff\xff\x48\x89\xdf\x4c\x89\xe6\x4c\x89\xfa\xe8\xa7\x5c\x00\x00\xba\x02\x00\x00\x00\x48\x89\xdf\xbe\x01\x00\x00\x00\xe8\xb1\x04" +
	"\x00\x00\xb9\x01\x00\x00\x00\x48\x89\x48\x08\x48\x83\xc0\x08\x48\x89\x45\xc8\x48\x89\x4d\xd0\xc7\x45\xd8\x00\x00\x00\x00\x41\x8b" +
	"\x44\x24\x10\x41\x83\xfe\x01\x0f\x85\xa0\x00\x00\x00\x85\xc0\x0f\x84\x98\x00\x00\x00\x66\x0f\x10\x45\xc8\x48\x8d\x8d\x40\xff\xff" +
	"\xff\x66\x0f\x29\x01\x48\x8b\x45\xd8\x48\x89\x41\x10\x48\x83\x79\x08\x00\x0f\x95\xc2\x85\xc0\x0f\x94\xc0\x20\xd0\x0f\xb6\xc0\x89" +
	"\x41\x10\x4c\x8d\xb5\x28\xff\xff\xff\x4c\x8d\x7d\xb0\xeb\x77\x41\x83\xfe\x01\x0f\x85\x59\x01\x00\x00\x66\x0f\x28\xd0\xf2\x0f\xc2" +
	"\x15\xaa\x7f\x00\x00\x01\x66\x0f\x54\xca\x66\x0f\x55\xd0\x66\x0f\x56\xd1\xf2\x0f\x10\x0d\x86\x7e\x00\x00\xf2\x0f\xc2\xc8\x01\x66" +
	"\x0f\x54\xd1\x66\x0f\x55\xc8\x66\x0f\x56\xca\xf2\x0f\xc2\xc1\x01\x66\x0f\x28\xd1\xf2\x0f\x58\x15\x54\x7e\x00\x00\x66\x0f\x54\xd0" +
	"\x66\x0f\x55\xc1\x66\x0f\x56\xc2\xe9\x75\x01\x00\x00\x41\x83\xfe\x02\x75\x33\x85\xc0\x75\x2f\x4c\x8d\xb5\x40\xff\xff\xff\x4c\x8d" +
	"\x7d\xb0\x48\x8d\x4d\xc8\x4c\x89\xf7\x48\x89\xde\x4c\x89\xfa\xe8\x87\x61\x00\x00\x49\x8b\x46\x10\x49\x89\x47\x10\x66\x41\x0f\x10" +
	"\x06\x66\x41\x0f\x29\x07\x48\x8d\x75\xb0\x48\x89\xdf\xe8\xb6\x60\x00\x00\x49\x89\xc7\x4c\x89\xf8\x48\x81\xc4\xf0\x00\x00\x00\x5b" +
	"\x41\x5c\x41\x5e\x41\x5f\x5d\xc3\x66\x0f\x57\xc9\x66\x0f\x2e\xc8\x0f\x86\x16\x01\x00\x00\xf2\x0f\x10\x15\x9a\x7e\x00\x00\xf2\x0f" +
	"\x5c\xd0\xf2\x48\x0f\x2c\xc2\x0f\x57\xc0\xf2\x48\x0f\x2a\xc0\x66\x0f\x28\xda\xf2\x0f\xc2\x1d\xd4\x7e\x00\x00\x01\x66\x0f\x28\xe3" +
	"\x66\x0f\x55\xe2\x66\x0f\x54\xd8\x66\x0f\x56\xdc\xf2\x0f\x10\x05\xac\x7d\x00\x00\xf2\x0f\xc2\xc2\x01\x66\x0f\x54\xd8\x66\x0f\x55" +
	"\xc2\x66\x0f\x56\xc3\xf2\x0f\xc2\xd0\x01\x66\x0f\x28\xd8\xf2\x0f\x58\x1d\x7a\x7d\x00\x00\x66\x0f\x54\xda\x66\x0f\x55\xd0\x66\x0f" +
	"\x56\xd3\xf2\x0f\x5c\xca\xe9\x0d\x01\x00\x00\x66\x0f\x57\xc9\x66\x0f\x28\xd0\xf2\x0f\xc2\xd1\x01\xf2\x0f\x5c\xc8\x66\x0f\x54\xca" +
	"\x66\x0f\x55\xd0\x66\x0f\x56\xd1\x66\x49\x0f\x7e\xd7\xe9\x43\xff\xff\xff\x66\x0f\x57\xc9\xf2\x0f\x5c\xc8\xf2\x48\x0f\x2c\xc1\x66" +
	"\x0f\x57\xc0\x0f\x57\xd2\xf2\x48\x0f\x2a\xd0\x66\x0f\x28\xd9\xf2\x0f\xc2\x1d\x38\x7e\x00\x00\x01\x66\x0f\x28\xe3\x66\x0f\x55\xe1" +
	"\x66\x0f\x54\xda\x66\x0f\x56\xdc\xf2\x0f\x10\x15\x10\x7d\x00\x00\xf2\x0f\xc2\xd1\x01\x66\x0f\x54\xda\x66\x0f\x55\xd1\x66\x0f\x56" +
	"\xd3\xf2\x0f\xc2\xca\x01\x66\x0f\x28\xda\xf2\x0f\x58\x1d\xde\x7c\x00\x00\x66\x0f\x54\xd9\x66\x0f\x55\xca\x66\x0f\x56\xcb\xf2\x0f" +
	"\x5c\xc1\x66\x49\x0f\x7e\xc7\xe9\xc9\xfe\xff\xff\xf2\x0f\x58\x05\x84\x7d\x00\x00\xf2\x48\x0f\x2c\xc0\x0f\x57\xc9\xf2\x48\x0f\x2a" +
	"\xc8\x66\x0f\x28\xd0\xf2\x0f\xc2\x15\xc2\x7d\x00\x00\x01\x66\x0f\x28\xda\x66\x0f\x55\xd8\x66\x0f\x54\xd1\x66\x0f\x56\xd3\xf2\x0f" +
	"\x10\x0d\x9a\x7c\x00\x00\xf2\x0f\xc2\xc8\x01\x66\x0f\x54\xd1\x66\x0f\x55\xc8\x66\x0f\x56\xca\xf2\x0f\xc2\xc1\x01\x66\x0f\x28\xd1" +
	"\xf2\x0f\x58\x15\x68\x7c\x00\x00\x66\x0f\x54\xd0\x66\x0f\x55\xc1\x66\x0f\x56\xc2\x66\x0f\x28\xc8\x66\x49\x0f\x7e\xcf\xe9\x53\xfe" +
	"\xff\xff\x55\x48\x89\xe5\x41\x57\x41\x56\x53\x48\x83\xec\x18\x48\x89\xfb\x85\xd2\x48\x8d\x0d\x77\x81\x00\x00\x48\x8d\x05\x36\x7e" +
	"\x00\x00\x48\x0f\x44\xc1\x45\x31\xf6\x48\x89\xf1\x89\xf2\x83\xe2\x0f\x8a\x14\x10\x42\x88\x54\x35\xd0\x49\xff\xc6\x48\xc1\xe9\x04" +
	"\x48\x83\xfe\x0f\x48\x89\xce\x77\xe3\x46\x8a\x7c\x35\xcf\xbe\x01\x00\x00\x00\x48\x89\xdf\xe8\x8f\x41\x00\x00\x48\x8b\x43\x08\x48" +
	"\x8b\x4b\x10\x48\x8d\x51\x01\x48\x89\x53\x10\x44\x88\x3c\x08\x49\xff\xce\x75\xd5\x48\x83\xc4\x18\x5b\x41\x5e\x41\x5f\x5d\xc3\x55" +
	"\x48\x89\xe5\x48\x83\xfe\x7f\x77\x0d\x40\x88\x37\xb8\x01\x00\x00\x00\xe9\x84\x00\x00\x00\x89\xf0\x48\x81\xfe\xff\x07\x00\x00\x77" +
	"\x1a\xc1\xe8\x06\x0c\xc0\x88\x07\x40\x80\xe6\x3f\x40\x80\xce\x80\x40\x88\x77\x01\xb8\x02\x00\x00\x00\xeb\x5f\x48\x81\xfe\xff\xff" +
	"\x00\x00\x77\x26\xc1\xe8\x0c\x0c\xe0\x88\x07\x89\xf0\xc1\xe8\x06\x24\x3f\x0c\x80\x88\x47\x01\x40\x80\xe6\x3f\x40\x80\xce\x80\x40" +
	"\x88\x77\x02\xb8\x03\x00\x00\x00\xeb\x30\xc1\xe8\x12\x0c\xf0\x88\x07\x89\xf0\xc1\xe8\x0c\x24\x3f\x0c\x80\x88\x47\x01\x89\xf0\xc1" +
	"\xe8\x06\x24\x3f\x0c\x80\x88\x47\x02\x40\x80\xe6\x3f\x40\x80\xce\x80\x40\x88\x77\x03\xb8\x04\x00\x00\x00\x5d\xc3\x55\x48\x89\xe5" +
	"\x41\x56\x53\x48\x89\xf3\x49\x89\xfe\x48\x89\xd6\x48\x89\xca\x4c\x89\xc1\xe8\x88\xf0\xff\xff\x48\x89\xc7\x48\xc1\xef\x30\x48\x81" +
	"\xff\xf8\x7f\x00\x00\x0f\x94\xc1\x48\xba\xff\xff\xff\xff\xff\xff\x00\x00\x48\x21\xc2\x40\x0f\x95\xc6\x48\x81\xff\xfc\x7f\x00\x00" +
	"\x74\x1a\x40\x20\xf1\x75\x15\x48\x8b\x4a\x08\x48\x83\xc2\x10\x4c\x89\xf7\x48\x89\xde\xe8\x55\xef\xff\xff\x31\xc0\x5b\x41\x5e\x5d" +
	"\xc3\x55\x48\x89\xe5\x41\x57\x41\x56\x41\x54\x53\x4c\x89\xc3\x49\x89\xce\x49\x89\xd7\x49\x89\xf4\x49\x8d\x50\x04\xbe\x07\x00\x00" +
	"\x00\xe8\x4d\x00\x00\x00\x4c\x89\x60\x08\x4c\x89\x78\x10\x48\x89\x58\x18\x48\xc1\xe3\x03\x48\x85\xdb\x74\x12\x31\xc9\x41\x8a\x14" +
	"\x0e\x88\x54\x08\x20\x48\xff\xc1\x48\x39\xcb\x75\xf0\x48\xb9\xff\xff\xff\xff\xff\xff\x00\x00\x48\x21\xc8\x48\xb9\x00\x00\x00\x00" +
	"\x00\x00\xfe\xff\x48\x09\xc1\x48\x89\xc8\x5b\x41\x5c\x41\x5e\x41\x5f\x5d\xc3\x55\x48\x89\xe5\x41\x57\x41\x56\x41\x55\x41\x54\x53" +
	"\x48\x83\xec\x18\x49\x89\xd5\x48\x83\xfa\x03\xbb\x02\x00\x00\x00\x48\x0f\x43\xda\x4c\x8b\x77\x08\x4d\x85\xf6\x0f\x84\xec\x00\x00" +
	"\x00\x4d\x89\xf7\x49\xc1\xe7\x05\x4a\x8b\x44\x3f\x20\x48\x85\xc0\x74\x16\x48\x8d\x0c\xdd\x00\x00\x00\x00\x48\x03\x48\x08\x48\x3b" +
	"\x48\x10\x0f\x86\x81\x00\x00\x00\x89\x75\xd4\x4a\x8b\x44\x3f\x28\x4a\x3b\x44\x3f\x30\x76\x40\x4a\x8d\x04\x3f\x48\x83\xc0\x28\x48" +
	"\x89\x45\xc8\x4c\x89\xf6\x4c\x89\xf2\x31\xc9\x49\x89\xfc\xe8\xd4\x42\x00\x00\x4c\x89\xe7\x48\x01\xc0\x48\x3d\x01\x00\x40\x00\xb9" +
	"\x00\x00\x40\x00\x48\x0f\x43\xc8\x48\x8b\x45\xc8\x48\x89\x48\x08\x48\xc7\x00\x00\x00\x00\x00\x4e\x8d\x24\x3f\x49\x83\xc4\x20\x48" +
	"\x89\x7d\xc8\x48\x89\xde\x4c\x89\xf2\xe8\xe5\x70\x00\x00\x49\x81\xfd\x01\x00\x01\x00\x72\x07\x49\x83\x3c\x24\x00\x75\x04\x49\x89" +
	"\x04\x24\x8b\x75\xd4\x48\x8b\x7d\xc8\x4c\x8b\x60\x08\x48\x8b\x50\x18\x49\x8d\x0c\xdc\x48\x89\x48\x08\x4c\x89\xe1\x48\x2b\x08\x48" +
	"\xc1\xf9\x03\xb8\x01\x00\x00\x00\x48\xd3\xe0\x48\xc1\xe9\x06\x48\x09\x04\xca\x4a\x01\x5c\x3f\x28\x89\xf0\x49\xc1\xe6\x04\x48\xc1" +
	"\xe3\x08\x48\x09\xc3\x4c\x09\xf3\xe9\x2a\x02\x00\x00\x48\x8b\x87\x70\xa3\x00\x00\x48\x3b\x87\x78\xa3\x00\x00\x76\x11\x41\x89\xf6" +
	"\x49\x89\xff\xe8\x3b\x44\x00\x00\x4c\x89\xff\x44\x89\xf6\x49\x83\xfd\x40\x77\x1f\x4c\x8b\xa4\xdf\x60\xa1\x00\x00\x4d\x85\xe4\x74" +
	"\x12\x49\x8b\x44\x24\x08\x48\x89\x84\xdf\x60\xa1\x00\x00\xe9\xd4\x01\x00\x00\x48\x8b\x87\x48\xa1\x00\x00\x48\x85\xc0\x74\x12\x4c" +
	"\x8b\x60\x08\x49\x8d\x0c\xdc\x48\x3b\x48\x10\x0f\x86\x21\x01\x00\x00\x4c\x8d\xb7\x68\xa3\x00\x00\x4c\x8b\xa7\x68\xa3\x00\x00\x4d" +
	"\x85\xe4\x74\x46\x4d\x8b\x3c\x24\x49\xc1\xef\x08\x49\x39\xdf\x0f\x84\x21\x01\x00\x00\x48\x8d\x4b\x02\x49\x39\xcf\x0f\x83\x14\x01" +
	"\x00\x00\x4c\x89\xe0\x4d\x8b\x64\x24\x08\x4d\x85\xe4\x74\x1b\x4d\x8b\x3c\x24\x49\xc1\xef\x08\x49\x39\xdf\x74\x05\x49\x39\xcf\x72" +
	"\xe1\x48\x83\xc0\x08\xe9\xef\x00\x00\x00\x4d\x89\xf4\x41\x89\xf7\x48\x89\xde\x31\xd2\x49\x89\xfe\xe8\xb6\x6f\x00\x00\x4c\x89\xf7" +
	"\x49\x81\xfd\x00\x00\x20\x00\x77\x77\x4c\x8b\x8f\x48\xa1\x00\x00\x4d\x85\xc9\x74\x64\x49\x8b\x51\x08\x49\x8b\x49\x10\x48\x89\xce" +
	"\x48\x29\xd6\x48\x83\xfe\x09\x7c\x50\x49\x89\x49\x08\x48\x89\xd1\x49\x2b\x09\x48\xc1\xf9\x03\x41\xb8\x01\x00\x00\x00\x49\xd3\xe0" +
	"\x4d\x8b\x49\x18\x48\xc1\xe9\x06\x4d\x09\x04\xc9\x48\x89\xf1\x48\xc1\xe1\x05\x48\x83\xc9\x0f\x48\x81\xfe\x08\x02\x00\x00\x48\x8d" +
	"\xb4\x37\x60\xa1\x00\x00\x4c\x0f\x42\xe6\x48\x89\x0a\x49\x8b\x0c\x24\x49\x89\x14\x24\x48\x89\x4a\x08\x48\x89\x87\x48\xa1\x00\x00" +
	"\x4c\x8b\x60\x08\x48\x8b\x50\x18\x49\x8d\x0c\xdc\x48\x89\x48\x08\x4c\x89\xe1\x48\x2b\x08\x48\xc1\xf9\x03\xb8\x01\x00\x00\x00\x48" +
	"\xd3\xe0\x48\xc1\xe9\x06\x48\x09\x04\xca\x44\x89\xfe\xe9\x95\x00\x00\x00\x48\x89\x48\x08\x4c\x89\xe1\x48\x2b\x08\x48\xc1\xf9\x03" +
	"\xba\x01\x00\x00\x00\x48\xd3\xe2\x48\x8b\x40\x18\x48\xc1\xe9\x06\x48\x09\x14\xc8\xeb\x71\x4c\x89\xf0\x49\x8b\x4c\x24\x08\x48\x89" +
	"\x08\x49\x29\xdf\x76\x61\x4d\x8d\x2c\xdc\x89\x75\xd4\x4c\x89\xe6\x48\x89\x7d\xc8\xe8\x25\x70\x00\x00\x48\x8b\x7d\xc8\x8b\x75\xd4" +
	"\x4c\x89\xe9\x48\x2b\x08\x48\xc1\xf9\x03\xba\x01\x00\x00\x00\x48\xd3\xe2\x48\x8b\x40\x18\x48\xc1\xe9\x06\x48\x09\x14\xc8\x4c\x89" +
	"\xf8\x48\xc1\xe0\x08\x48\x83\xc8\x0f\x49\x83\xff\x41\x4a\x8d\x8c\xff\x60\xa1\x00\x00\x4c\x0f\x42\xf1\x49\x89\x45\x00\x49\x8b\x06" +
	"\x4d\x89\x2e\x49\x89\x45\x08\x48\x01\x9f\x70\xa3\x00\x00\x89\xf0\x48\xc1\xe3\x08\x48\x09\xc3\x49\x89\x1c\x24\x4c\x89\xe0\x48\x83" +
	"\xc4\x18\x5b\x41\x5c\x41\x5d\x41\x5e\x41\x5f\x5d\xc3\x55\x48\x89\xe5\x53\x50\x48\x89\xf3\xba\x02\x00\x00\x00\xbe\x08\x00\x00\x00" +
	"\xe8\x8e\xfc\xff\xff\x48\x89\x58\x08\x48\xb9\xff\xff\xff\xff\xff\xff\x00\x00\x48\x21\xc8\x48\xb9\x00\x00\x00\x00\x00\x00\xf8\xff" +
	"\x48\x09\xc8\x48\x83\xc4\x08\x5b\x5d\xc3\x48\x89\xf0\x48\xc1\xe8\x30\x3d\xfe\xff\x00\x00\x75\x26\x55\x48\x89\xe5\x48\xb8\xff\xff" +
	"\xff\xff\xff\xff\x00\x00\x48\x21\xc6\x48\x8b\x4e\x10\x89\xc8\x48\xc1\xe9\x20\x75\x0c\x48\x39\xd0\x74\x0c\x31\xc0\xeb\x0c\x31\xc0" +
	"\xc3\x48\x39\xd0\x77\xf4\x48\x8b\x46\x08\x5d\xc3\x55\x48\x89\xe5\x41\x57\x41\x56\x41\x54\x53\x48\x83\xec\x20\x49\x89\xd6\x48\x89" +
	"\xf0\x48\x89\xf1\x48\xc1\xe9\x30\x48\x81\xf9\xf8\x7f\x00\x00\x0f\x94\xc2\x49\xbc\xff\xff\xff\xff\xff\xff\x00\x00\x49\x21\xf4\x40" +
	"\x0f\x95\xc6\x48\x81\xf9\xfc\x7f\x00\x00\x0f\x84\xf7\x00\x00\x00\x40\x20\xf2\x0f\x85\xee\x00\x00\x00\x48\x89\xfb\x81\xf9\xfe\xff" +
	"\x00\x00\x0f\x85\xec\x00\x00\x00\x48\x89\x5d\xc0\xba\x09\x00\x00\x00\x48\x89\xdf\xbe\x01\x00\x00\x00\xe8\xb5\xfb\xff\xff\x48\x83" +
	"\xc0\x08\x31\xc9\x0f\x57\xc0\x0f\x11\x04\x08\x48\x83\xc1\x10\x48\x83\xf9\x40\x75\xf2\x48\x8d\x7d\xc0\x48\x89\x47\x08\x48\xc7\x47" +
	"\x10\x00\x00\x00\x00\x48\xc7\x47\x18\x40\x00\x00\x00\x45\x8b\x7c\x24\x10\x48\x8d\x35\x39\x7b\x00\x00\xba\x0f\x00\x00\x00\xe8\xa9" +
	"\xc9\xff\xff\x41\x83\x7c\x24\x14\x00\x74\x15\x48\x8d\x35\xd5\x78\x00\x00\x48\x8d\x7d\xc0\xba\x09\x00\x00\x00\xe8\x8c\xc9\xff\xff" +
	"\x48\x8d\x7d\xc0\x4c\x89\xfe\xe8\x88\x00\x00\x00\x49\x83\xff\x01\x48\x8d\x05\x85\x77\x00\x00\x48\x8d\x35\xb3\x78\x00\x00\x48\x0f" +
	"\x44\xf0\x48\xc7\xc2\xff\xff\xff\xff\x80\x7c\x16\x01\x00\x48\x8d\x52\x01\x75\xf5\x4c\x8d\x7d\xc0\x4c\x89\xff\xe8\x4c\xc9\xff\xff" +
	"\x4c\x89\xff\x4c\x89\xf6\xe8\x49\x00\x00\x00\x49\x8b\x77\x08\x49\x8b\x57\x10\x48\x89\xdf\x48\x83\xc4\x20\x5b\x41\x5c\x41\x5e\x41" +
	"\x5f\x5d\xe9\xbd\x00\x00\x00\x48\x83\xc4\x20\x5b\x41\x5c\x41\x5e\x41\x5f\x5d\xc3\x48\x8d\x35\xdb\x79\x00\x00\x48\x89\xdf\x48\x89" +
	"\xc2\x31\xc9\x48\x83\xc4\x20\x5b\x41\x5c\x41\x5e\x41\x5f\x5d\xe9\xf4\xc7\xff\xff\x55\x48\x89\xe5\x41\x57\x41\x56\x41\x54\x53\x48" +
	"\x83\xec\x20\x48\x89\xfb\x31\xc9\x48\xbf\xcd\xcc\xcc\xcc\xcc\xcc\xcc\xcc\x48\x89\xf0\x48\xf7\xe7\x48\xc1\xea\x03\x8d\x04\x12\x8d" +
	"\x04\x80\x41\x89\xf0\x41\x29\xc0\x41\x80\xc8\x30\x44\x88\x44\x0d\xc0\x48\xff\xc1\x48\x83\xfe\x09\x48\x89\xd6\x77\xd5\x4c\x63\xf1" +
	"\x49\xff\xce\x4d\x89\xf7\x46\x8a\x64\x35\xc0\xbe\x01\x00\x00\x00\x48\x89\xdf\xe8\x52\x3a\x00\x00\x48\x8b\x43\x08\x48\x8b\x4b\x10" +
	"\x48\x8d\x51\x01\x48\x89\x53\x10\x44\x88\x24\x08\x49\xff\xcf\x45\x85\xf6\x4d\x89\xfe\x75\xcf\x48\x83\xc4\x20\x5b\x41\x5c\x41\x5e" +
	"\x41\x5f\x5d\xc3\x48\x8d\x42\xff\x48\x83\xf8\x03\x77\x51\xb8\x01\x00\x00\x00\x8a\x4c\x06\xff\x80\xc1\xdf\x80\xf9\x5d\x77\x0c\x4c" +
	"\x8d\x40\x01\x48\x39\xd0\x4c\x89\xc0\x72\xe8\x80\xf9\x5d\x77\x2f\x31\xc9\x31\xc0\x48\x39\xd1\x73\x06\x0f\xb6\x3c\x0e\xeb\x02\x31" +
	"\xff\x48\xc1\xe0\x08\x48\x09\xf8\x48\xff\xc1\x48\x83\xf9\x04\x75\xe3\x48\xb9\x00\x00\x00\x00\x00\x00\xf8\x7f\x48\x09\xc8\xc3\x55" +
	"\x48\x89\xe5\xe8\xb4\xd5\xff\xff\x48\xb9\xff\xff\xff\xff\xff\xff\x00\x00\x48\x21\xc1\x48\xb8\x00\x00\x00\x00\x00\x00\xfc\x7f\x48" +
	"\x09\xc8\x5d\xc3\x48\x89\xf2\x48\xc1\xea\x30\x48\x81\xfa\xf8\x7f\x00\x00\x0f\x94\xc0\x48\x89\xf1\x48\xc1\xe1\x10\x0f\x95\xc1\x48" +
	"\x81\xfa\xfc\x7f\x00\x00\x74\x34\x20\xc8\x75\x30\x55\x48\x89\xe5\x41\x56\x53\x48\x89\xfb\x49\xbe\xff\xff\xff\xff\xff\xff\x00\x00" +
	"\xe8\xca\xdd\xff\xff\x4c\x21\xf0\x48\x8b\x50\x08\x48\x8d\x70\x10\x48\x89\xdf\x5b\x41\x5e\x5d\xe9\x28\xff\xff\xff\x48\x89\xf0\xc3" +
	"\x48\x89\xf2\x48\xc1\xea\x30\x48\x81\xfa\xf8\x7f\x00\x00\x0f\x94\xc0\x48\x89\xf1\x48\xc1\xe1\x10\x0f\x95\xc1\x48\x81\xfa\xfc\x7f" +
	"\x00\x00\x0f\x84\x4a\x00\x00\x00\x20\xc8\x0f\x85\x42\x00\x00\x00\x55\x48\x89\xe5\x53\x50\x48\xbb\xff\xff\xff\xff\xff\xff\x00\x00" +
	"\xba\x03\x00\x00\x00\xbe\x04\x00\x00\x00\xe8\x04\xf9\xff\xff\x48\xc7\x40\x08\x00\x00\x00\x00\xc6\x40\x10\x00\x48\x21\xd8\x48\xb9" +
	"\x00\x00\x00\x00\x00\x00\xfb\xff\x48\x09\xc8\x48\x83\xc4\x08\x5b\x5d\xc3\x48\x89\xf0\x48\xc1\xe8\x30\x3d\xfc\x7f\x00\x00\x75\x1b" +
	"\x48\xb8\xff\xff\xff\xff\xff\xff\x00\x00\x48\x21\xc6\x48\xb8\x00\x00\x00\x00\x00\x00\xfb\xff\x48\x09\xf0\xc3\x55\x48\x89\xe5\x48" +
	"\x83\xec\x10\xb9\x18\x00\x00\x00\x31\xd2\x48\x89\xf0\x48\xd3\xe8\x84\xc0\x74\x07\x88\x44\x15\xfb\x48\xff\xc2\x48\x83\xc1\xf8\x48" +
	"\x83\xf9\xf8\x75\xe5\x48\x8d\x75\xfb\xe8\x6e\xd4\xff\xff\x48\x83\xc4\x10\x5d\xc3\x55\x48\x89\xe5\x41\x56\x53\x48\x83\xec\x10\x48" +
	"\x89\xf3\x49\x89\xfe\x48\x8d\x15\x2b\x75\x00\x00\x48\x8d\x4d\xe8\xe8\x29\x00\x00\x00\x85\xc0\x74\x18\x4c\x89\xf7\xbe\x05\x00\x00" +
	"\x00\x48\x89\xda\x48\x83\xc4\x10\x5b\x41\x5e\x5d\xe9\x72\xf1\xff\xff\x48\x8b\x45\xe8\x48\x83\xc4\x10\x5b\x41\x5e\x5d\xc3\x66\x48" +
	"\x0f\x6e\xc6\xb8\x01\x00\x00\x00\x66\x0f\x2e\xc0\x7a\x01\xc3\x55\x48\x89\xe5\x41\x57\x41\x56\x41\x55\x41\x54\x53\x48\x83\xec\x28" +
	"\x48\x89\xcb\x49\x89\xd4\x49\x89\xf7\x48\x89\xf1\x48\xc1\xe9\x30\x48\x8d\x91\x07\x00\xff\xff\x48\x83\xfa\x02\x0f\x82\xe2\x00\x00" +
	"\x00\x4c\x89\xfa\x48\x0f\xba\xea\x3f\x48\xbe\x00\x00\x00\x00\x00\x00\xf8\xff\x48\x39\xf2\x0f\x84\xc7\x00\x00\x00\x48\x81\xf9\xf8" +
	"\x7f\x00\x00\x0f\x94\xc0\x4c\x89\xfa\x48\xc1\xe2\x10\x0f\x95\xc2\x48\x81\xf9\xfc\x7f\x00\x00\x0f\x84\xa1\x00\x00\x00\x20\xd0\x0f" +
	"\x85\x99\x00\x00\x00\x49\x89\xfe\x48\x89\x7d\xb8\xba\x09\x00\x00\x00\xbe\x01\x00\x00\x00\xe8\x98\xf7\xff\xff\x48\x83\xc0\x08\x31" +
	"\xc9\x66\x0f\x57\xc0\x66\x0f\x11\x04\x08\x48\x83\xc1\x10\x48\x83\xf9\x40\x75\xf1\x48\x89\x45\xc0\x48\xc7\x45\xc8\x00\x00\x00\x00" +
	"\x48\xc7\x45\xd0\x40\x00\x00\x00\x48\xc7\xc2\xff\xff\xff\xff\x41\x80\x7c\x14\x01\x00\x48\x8d\x52\x01\x75\xf4\x4c\x8d\x6d\xb8\x4c" +
	"\x89\xef\x4c\x89\xe6\xe8\x82\xc5\xff\xff\x48\x8d\x35\x14\x74\x00\x00\xba\x12\x00\x00\x00\x4c\x89\xef\xe8\x6e\xc5\xff\xff\x4c\x89" +
	"\xef\x4c\x89\xfe\xe8\x38\x5c\x00\x00\x49\x8b\x75\x08\x49\x8b\x55\x10\x4c\x89\xf7\xe8\xeb\xfc\xff\xff\x48\x89\x03\xeb\x03\x4c\x89" +
	"\x3b\x31\xc0\x48\x83\xc4\x28\x5b\x41\x5c\x41\x5d\x41\x5e\x41\x5f\x5d\xc3\x55\x48\x89\xe5\x41\x56\x53\x48\x83\xec\x10\x48\x89\xf3" +
	"\x49\x89\xfe\x48\x8d\x15\xb8\x76\x00\x00\x48\x8d\x4d\xe8\xe8\xab\xfe\xff\xff\x85\xc0\x74\x18\x4c\x89\xf7\xbe\x01\x00\x00\x00\x48" +
	"\x89\xda\x48\x83\xc4\x10\x5b\x41\x5e\x5d\xe9\xf4\xef\xff\xff\x48\x8b\x45\xe8\x48\x83\xc4\x10\x5b\x41\x5e\x5d\xc3\x55\x48\x89\xe5" +
	"\x41\x56\x53\x48\x83\xec\x10\x48\x89\xf3\x49\x89\xfe\x48\x8d\x15\xfb\x72\x00\x00\x48\x8d\x4d\xe8\xe8\x61\xfe\xff\xff\x85\xc0\x74" +
	"\x18\x4c\x89\xf7\xbe\x02\x00\x00\x00\x48\x89\xda\x48\x83\xc4\x10\x5b\x41\x5e\x5d\xe9\xaa\xef\xff\xff\x48\x8b\x45\xe8\x48\x83\xc4" +
	"\x10\x5b\x41\x5e\x5d\xc3\x55\x48\x89\xe5\x41\x56\x53\x48\x83\xec\x10\x48\x89\xf3\x49\x89\xfe\x48\x8d\x15\x1d\x73\x00\x00\x48\x8d" +
	"\x4d\xe8\xe8\x17\xfe\xff\xff\x85\xc0\x74\x18\x4c\x89\xf7\xbe\x03\x00\x00\x00\x48\x89\xda\x48\x83\xc4\x10\x5b\x41\x5e\x5d\xe9\x60" +
	"\xef\xff\xff\x48\x8b\x45\xe8\x48\x83\xc4\x10\x5b\x41\x5e\x5d\xc3\x55\x48\x89\xe5\x41\x56\x53\x48\x83\xec\x10\x48\x89\xf3\x49\x89" +
	"\xfe\x48\x8d\x15\xa5\x72\x00\x00\x48\x8d\x4d\xe8\xe8\xcd\xfd\xff\xff\x85\xc0\x74\x18\x4c\x89\xf7\xbe\x04\x00\x00\x00\x48\x89\xda" +
	"\x48\x83\xc4\x10\x5b\x41\x5e\x5d\xe9\x16\xef\xff\xff\x48\x8b\x45\xe8\x48\x83\xc4\x10\x5b\x41\x5e\x5d\xc3\x55\x48\x89\xe5\x41\x56" +
	"\x53\x48\x83\xec\x10\x48\x89\xf3\x49\x89\xfe\x48\x8d\x15\x88\x74\x00\x00\x48\x8d\x4d\xe8\xe8\x83\xfd\xff\xff\x85\xc0\x74\x16\x4c" +
	"\x89\xf7\x48\x89\xde\xe8\x19\x0a\x00\x00\xf2\x0f\x51\xc0\x66\x48\x0f\x7e\xc0\xeb\x04\x48\x8b\x45\xe8\x48\x83\xc4\x10\x5b\x41\x5e" +
	"\x5d\xc3\x55\x48\x89\xe5\x41\x57\x41\x56\x53\x50\x48\x89\xcb\x49\x89\xf6\x49\x89\xff\x48\x8d\x4d\xe0\xe8\x40\xfd\xff\xff\x85\xc0" +
	"\x74\x14\x4c\x89\xff\x4c\x89\xf6\xe8\xd6\x09\x00\x00\xff\xd3\x66\x48\x0f\x7e\xc0\xeb\x04\x48\x8b\x45\xe0\x48\x83\xc4\x08\x5b\x41" +
	"\x5e\x41\x5f\x5d\xc3\x55\x48\x89\xe5\x48\x8d\x15\x55\x71\x00\x00\x48\x8d\x0d\x06\x00\x00\x00\x5d\xe9\xa5\xff\xff\xff\x66\x0f\x28" +
	"\xc8\x66\x0f\x2e\xc0\x0f\x8a\x72\x01\x00\x00\x66\x0f\x2e\x0d\x65\x70\x00\x00\x76\x09\xf2\x0f\x10\x05\xa3\x6f\x00\x00\xc3\x66\x0f" +
	"\x57\xc0\xf2\x0f\x10\x15\x56\x6f\x00\x00\x66\x0f\x2e\xd1\x0f\x87\x48\x01\x00\x00\x66\x0f\x28\xd1\xf2\x0f\x5e\x15\x68\x70\x00\x00" +
	"\xf2\x0f\x58\x15\x10\x70\x00\x00\xf2\x48\x0f\x2c\xc2\x0f\x57\xc0\xf2\x48\x0f\x2a\xc0\x66\x0f\x28\xda\xf2\x0f\xc2\x1d\x4e\x70\x00" +
	"\x00\x01\x66\x0f\x28\xe3\x66\x0f\x55\xe2\x66\x0f\x54\xd8\x66\x0f\x56\xdc\xf2\x0f\x10\x05\x26\x6f\x00\x00\xf2\x0f\xc2\xc2\x01\x66" +
	"\x0f\x54\xd8\x66\x0f\x55\xc2\x66\x0f\x56\xc3\x66\x0f\x28\xd8\xf2\x0f\x58\x1d\xf9\x6e\x00\x00\xf2\x0f\xc2\xd0\x01\x66\x0f\x54\xda" +
	"\x66\x0f\x55\xd0\x66\x0f\x56\xd3\xf2\x0f\x10\x05\xe8\x6f\x00\x00\xf2\x0f\x59\xc2\xf2\x0f\x58\xc1\x66\x0f\x28\xca\xf2\x0f\x59\x0d" +
	"\xd4\x6e\x00\x00\xf2\x0f\x58\xc8\xf2\x0f\x10\x1d\x30\x6f\x00\x00\xb8\x18\x00\x00\x00\x66\x0f\x28\xe3\x66\x0f\x28\xc3\x66\x0f\x28" +
	"\xeb\x66\x0f\x28\xf1\xf2\x0f\x5e\xf4\xf2\x0f\x59\xee\xf2\x0f\x58\xc5\xf2\x0f\x58\xe3\xff\xc8\x75\xe8\x55\x48\x89\xe5\xf2\x48\x0f" +
	"\x2c\xc2\xf2\x0f\x10\x0d\xf6\x6e\x00\x00\x48\x3d\xe9\x03\x00\x00\x7c\x20\xf2\x0f\x10\x15\xb6\x6f\x00\x00\xf2\x0f\x59\xca\x48\x8d" +
	"\x88\x18\xfc\xff\xff\x48\x3d\xd0\x07\x00\x00\x48\x89\xc8\x77\xea\xeb\x2b\x48\x3d\x17\xfc\xff\xff\x7f\x20\xf2\x0f\x10\x15\x96\x6f" +
	"\x00\x00\xf2\x0f\x59\xca\x48\x8d\x88\xe8\x03\x00\x00\x48\x3d\x30\xf8\xff\xff\x48\x89\xc8\x72\xea\xeb\x03\x48\x89\xc1\x48\xc1\xe1" +
	"\x34\x48\xb8\x00\x00\x00\x00\x00\x00\xf0\x3f\x48\x01\xc8\x66\x48\x0f\x6e\xd0\xf2\x0f\x59\xd1\xf2\x0f\x59\xc2\x5d\xc3\x66\x0f\x28" +
	"\xc1\xc3\x55\x48\x89\xe5\x48\x8d\x15\xd1\x73\x00\x00\x48\x8d\x0d\x06\x00\x00\x00\x5d\xe9\x08\xfe\xff\xff\x66\x0f\x57\xc9\x66\x0f" +
	"\x2e\xc1\x73\x0a\xf2\x0f\x10\x0d\xe4\x6e\x00\x00\xeb\x1c\x75\x0c\x7a\x0a\xf2\x0f\x10\x0d\x7e\x6e\x00\x00\xeb\x0e\xf2\x0f\x10\x0d" +
	"\xfc\x6d\x00\x00\x66\x0f\x2e\xc1\x72\x05\x66\x0f\x28\xc1\xc3\x66\x48\x0f\x7e\xc1\x48\x89\xc8\x48\xc1\xe8\x34\x25\xff\x07\x00\x00" +
	"\x74\x08\x48\x05\x01\xfc\xff\xff\xeb\x1f\xf2\x0f\x59\x05\x6e\x6e\x00\x00\x66\x48\x0f\x7e\xc1\x48\x89\xc8\x48\xc1\xe8\x34\x25\xff" +
	"\x07\x00\x00\x48\x05\xcb\xfb\xff\xff\x48\xba\xff\xff\xff\xff\xff\xff\x0f\x00\x48\x21\xca\x48\xb9\x00\x00\x00\x00\x00\x00\xf0\x3f" +
	"\x48\x09\xd1\x66\x48\x0f\x6e\xc9\x31\xc9\x66\x0f\x2e\x0d\x56\x6d\x00\x00\x0f\x97\xc1\x76\x08\xf2\x0f\x59\x0d\x19\x6e\x00\x00\xf2" +
	"\x0f\x10\x1d\x49\x6d\x00\x00\xf2\x0f\x58\xd9\xf2\x0f\x10\x05\xad\x6d\x00\x00\xf2\x0f\x58\xc8\xf2\x0f\x5e\xd9\x66\x0f\x28\xd3\xf2" +
	"\x0f\x59\xd3\x66\x0f\x57\xc9\xba\xff\xff\xff\xff\xf2\x0f\x10\x25\x34\x6d\x00\x00\x66\x0f\x28\xea\xf2\x0f\x59\xeb\xf2\x0f\x5e\xd8" +
	"\xf2\x0f\x58\xcb\xf2\x0f\x58\xc4\x83\xc2\x02\x66\x0f\x28\xdd\x83\xfa\x26\x72\xe0\x55\x48\x89\xe5\x01\xc8\x0f\x57\xc0\xf2\x0f\x2a" +
	"\xc0\xf2\x0f\x10\x15\x9f\x6d\x00\x00\xf2\x0f\x59\xd0\xf2\x0f\x58\xc9\xf2\x0f\x58\xca\xf2\x0f\x59\x05\x0b\x6d\x00\x00\xf2\x0f\x58" +
	"\xc1\x5d\xc3\x55\x48\x89\xe5\x48\x8d\x15\xa8\x71\x00\x00\x48\x8d\x0d\x06\x00\x00\x00\x5d\xe9\xc7\xfc\xff\xff\x55\x48\x89\xe5\x48" +
	"\x83\xec\x20\xf2\x0f\x11\x45\xf0\xe8\xad\xfe\xff\xff\x66\x0f\x28\xd8\xf2\x0f\x5e\x1d\xf7\x6c\x00\x00\xf2\x0f\x10\x0d\x57\x6d\x00" +
	"\x00\xf2\x0f\x58\xcb\xf2\x48\x0f\x2c\xc1\x0f\x57\xc0\xf2\x48\x0f\x2a\xc0\x66\x0f\x28\xe1\xf2\x0f\xc2\x25\x91\x6d\x00\x00\x01\x66" +
	"\x0f\x28\xd4\x66\x0f\x55\xd1\x66\x0f\x54\xe0\x66\x0f\x56\xe2\xf2\x0f\x10\x05\x69\x6c\x00\x00\xf2\x0f\xc2\xc1\x01\x66\x0f\x54\xe0" +
	"\x66\x0f\x55\xc1\x66\x0f\x56\xc4\xf2\x0f\xc2\xc8\x01\x66\x0f\x28\xd0\xf2\x0f\x58\x15\x37\x6c\x00\x00\x66\x0f\x54\xd1\x66\x0f\x55" +
	"\xc8\x66\x0f\x56\xca\xf2\x0f\x10\x05\x4b\x6c\x00\x00\x66\x0f\x2e\xc1\x76\x67\x66\x0f\x2e\x0d\x4d\x6d\x00\x00\x76\x5d\x66\x0f\x28" +
	"\xc3\xf2\x0f\x5c\xc1\x66\x0f\x57\xe4\x66\x0f\x28\xd0\xf2\x0f\xc2\xd4\x01\xf2\x0f\x5c\xe0\x66\x0f\x54\xe2\x66\x0f\x55\xd0\x66\x0f" +
	"\x56\xd4\xf2\x0f\x10\x05\xbe\x6c\x00\x00\x66\x0f\x2e\xc2\x76\x2a\xf2\x0f\x10\x05\x98\x6c\x00\x00\xf2\x0f\x11\x5d\xf8\x66\x0f\x29" +
	"\x4d\xe0\xe8\x2e\x55\x00\x00\x66\x0f\x28\x4d\xe0\xf2\x0f\x10\x5d\xf8\x66\x0f\x2e\x45\xf0\x75\x02\x7b\x04\x66\x0f\x28\xcb\x66\x0f" +
	"\x28\xc1\x48\x83\xc4\x20\x5d\xc3\x55\x48\x89\xe5\x48\x8d\x15\xd6\x6e\x00\x00\x48\x8d\x0d\x06\x00\x00\x00\x5d\xe9\xa2\xfb\xff\xff" +
	"\x66\x0f\x28\xc8\xf2\x0f\x10\x05\x84\x6c\x00\x00\x66\x0f\x2e\xc9\x7a\x2b\x66\x0f\x57\xe4\x66\x0f\x57\xd2\xf2\x0f\x5c\xd1\x66\x0f" +
	"\x28\xd9\xf2\x0f\xc2\xdc\x01\x66\x0f\x54\xd3\x66\x0f\x55\xd9\x66\x0f\x56\xda\x66\x0f\x2e\x1d\x85\x6b\x00\x00\x72\x01\xc3\x55\x48" +
	"\x89\xe5\x53\x50\x48\x8d\x5d\xf0\x66\x0f\x28\xc1\x48\x89\xdf\xe8\x4e\x64\x00\x00\x66\x0f\x57\xe4\xf2\x0f\x10\x03\x66\x0f\x28\xc8" +
	"\xf2\x0f\x59\xc8\xf2\x0f\x5c\xe1\x85\xc0\x0f\x84\x84\x00\x00\x00\x83\xf8\x01\x74\x48\x83\xf8\x02\x0f\x85\xa6\x00\x00\x00\xb8\x03" +
	"\x00\x00\x00\x66\x0f\x28\xc8\x8d\x48\xff\x0f\xaf\xc8\x0f\x57\xd2\xf2\x0f\x2a\xd1\x66\x0f\x28\xdc\xf2\x0f\x5e\xda\xf2\x0f\x59\xcb" +
	"\xf2\x0f\x58\xc1\x83\xc0\x02\x83\xf8\x19\x75\xdb\x66\x0f\x57\xc9\xf2\x0f\x5c\xc8\x66\x0f\x28\xc1\xe9\xa5\x00\x00\x00\x8d\x48\xf4" +
	"\x01\xc0\xf2\x0f\x10\x05\x36\x6b\x00\x00\x66\x0f\x28\xc8\x8d\x50\xff\x0f\xaf\xd0\x0f\x57\xd2\xf2\x0f\x2a\xd2\x66\x0f\x28\xdc\xf2" +
	"\x0f\x5e\xda\xf2\x0f\x59\xcb\xf2\x0f\x58\xc1\x83\xc0\x02\xff\xc1\x75\xdc\xeb\x6e\xb8\x03\x00\x00\x00\x66\x0f\x28\xc8\x8d\x48\xff" +
	"\x0f\xaf\xc8\x0f\x57\xd2\xf2\x0f\x2a\xd1\x66\x0f\x28\xdc\xf2\x0f\x5e\xda\xf2\x0f\x59\xcb\xf2\x0f\x58\xc1\x83\xc0\x02\x83\xf8\x19" +
	"\x75\xdb\xeb\x3e\xf2\x0f\x10\x0d\xd4\x6a\x00\x00\xb8\x02\x00\x00\x00\x66\x0f\x28\xc1\x8d\x48\xff\x0f\xaf\xc8\x0f\x57\xd2\xf2\x0f" +
	"\x2a\xd1\x66\x0f\x28\xdc\xf2\x0f\x5e\xda\xf2\x0f\x59\xc3\xf2\x0f\x58\xc8\x83\xc0\x02\x83\xf8\x18\x75\xdb\x66\x0f\x57\xc0\xf2\x0f" +
	"\x5c\xc1\x48\x83\xc4\x08\x5b\x5d\xc3\x55\x48\x89\xe5\x48\x8d\x15\xc5\x6c\x00\x00\x48\x8d\x0d\x06\x00\x00\x00\x5d\xe9\x21\xfa\xff" +
	"\xff\x66\x0f\x28\xc8\xf2\x0f\x10\x05\x03\x6b\x00\x00\x66\x0f\x2e\xc9\x7a\x2b\x66\x0f\x57\xe4\x66\x0f\x57\xd2\xf2\x0f\x5c\xd1\x66" +
	"\x0f\x28\xd9\xf2\x0f\xc2\xdc\x01\x66\x0f\x54\xd3\x66\x0f\x55\xd9\x66\x0f\x56\xda\x66\x0f\x2e\x1d\x04\x6a\x00\x00\x72\x01\xc3\x55" +
	"\x48\x89\xe5\x53\x50\x48\x8d\x5d\xf0\x66\x0f\x28\xc1\x48\x89\xdf\xe8\xcd\x62\x00\x00\x66\x0f\x57\xe4\xf2\x0f\x10\x03\x66\x0f\x28" +
	"\xc8\xf2\x0f\x59\xc8\xf2\x0f\x5c\xe1\x85\xc0\x0f\x84\x8c\x00\x00\x00\x83\xf8\x01\x74\x4c\x83\xf8\x02\x0f\x85\xb6\x00\x00\x00\xf2" +
	"\x0f\x10\x0d\xf9\x69\x00\x00\xb8\x02\x00\x00\x00\x66\x0f\x28\xc1\x8d\x48\xff\x0f\xaf\xc8\x0f\x57\xd2\xf2\x0f\x2a\xd1\x66\x0f\x28" +
	"\xdc\xf2\x0f\x5e\xda\xf2\x0f\x59\xc3\xf2\x0f\x58\xc8\x83\xc0\x02\x83\xf8\x18\x75\xdb\x66\x0f\x57\xc0\xf2\x0f\x5c\xc1\xe9\xa1\x00" +
	"\x00\x00\x8d\x48\xf4\x01\xc0\x66\x0f\x28\xc8\x8d\x50\x01\x0f\xaf\xd0\x0f\x57\xd2\xf2\x0f\x2a\xd2\x66\x0f\x28\xdc\xf2\x0f\x5e\xda" +
	"\xf2\x0f\x59\xcb\xf2\x0f\x58\xc1\x83\xc0\x02\xff\xc1\x75\xdc\x66\x0f\x57\xc9\xf2\x0f\x5c\xc8\x66\x0f\x28\xc1\xeb\x66\xf2\x0f\x10" +
	"\x05\x7b\x69\x00\x00\xb8\x02\x00\x00\x00\x66\x0f\x28\xc8\x8d\x48\xff\x0f\xaf\xc8\x0f\x57\xd2\xf2\x0f\x2a\xd1\x66\x0f\x28\xdc\xf2" +
	"\x0f\x5e\xda\xf2\x0f\x59\xcb\xf2\x0f\x58\xc1\x83\xc0\x02\x83\xf8\x18\x75\xdb\xeb\x2e\xb8\x03\x00\x00\x00\x66\x0f\x28\xc8\x8d\x48" +
	"\xff\x0f\xaf\xc8\x0f\x57\xd2\xf2\x0f\x2a\xd1\x66\x0f\x28\xdc\xf2\x0f\x5e\xda\xf2\x0f\x59\xcb\xf2\x0f\x58\xc1\x83\xc0\x02\x83\xf8" +
	"\x19\x75\xdb\x48\x83\xc4\x08\x5b\x5d\xc3\x55\x48\x89\xe5\x41\x56\x53\x48\x83\xec\x20\x48\x89\xf3\x49\x89\xfe\x48\x8d\x15\x47\x6a" +
	"\x00\x00\x48\x8d\x4d\xd8\xe8\xf3\xf5\xff\xff\x85\xc0\x74\x34\x4c\x89\xf7\x48\x89\xde\xe8\x89\x02\x00\x00\xf2\x0f\x11\x45\xe8\xe8" +
	"\xdc\xfc\xff\xff\xf2\x0f\x11\x45\xe0\xf2\x0f\x10\x45\xe8\xe8\x4e\xfe\xff\xff\xf2\x0f\x10\x4d\xe0\xf2\x0f\x5e\xc8\x66\x48\x0f\x7e" +
	"\xc8\xeb\x04\x48\x8b\x45\xd8\x48\x83\xc4\x20\x5b\x41\x5e\x5d\xc3\x55\x48\x89\xe5\x48\x8d\x15\xe5\x69\x00\x00\x48\x8d\x0d\x06\x00" +
	"\x00\x00\x5d\xe9\x3a\xf8\xff\xff\x55\x48\x89\xe5\x66\x0f\x2e\x05\x1c\x68\x00\x00\xf2\x0f\x10\x0d\x14\x69\x00\x00\x72\x4f\xf2\x0f" +
	"\x10\x15\x7a\x68\x00\x00\x66\x0f\x2e\xd0\x72\x41\x66\x0f\x2e\x05\x6c\x68\x00\x00\x75\x02\x7b\x29\x66\x0f\x2e\x05\xf0\x67\x00\x00" +
	"\x75\x02\x7b\x1d\x66\x0f\x28\xc8\xf2\x0f\x59\xc8\xf2\x0f\x5c\xd1\x0f\x57\xc9\xf2\x0f\x51\xca\xf2\x0f\x5e\xc1\x5d\xe9\x7f\x00\x00" +
	"\x00\xf2\x0f\x59\x05\xf7\x68\x00\x00\x66\x0f\x28\xc8\x66\x0f\x28\xc1\x5d\xc3\x55\x48\x89\xe5\x41\x56\x53\x48\x83\xec\x10\x48\x89" +
	"\xf3\x49\x89\xfe\x48\x8d\x15\x62\x69\x00\x00\x48\x8d\x4d\xe8\xe8\x0a\xf5\xff\xff\x85\xc0\x74\x23\x4c\x89\xf7\x48\x89\xde\xe8\xa0" +
	"\x01\x00\x00\xe8\x60\xff\xff\xff\xf2\x0f\x10\x0d\xb0\x68\x00\x00\xf2\x0f\x5c\xc8\x66\x48\x0f\x7e\xc8\xeb\x04\x48\x8b\x45\xe8\x48" +
	"\x83\xc4\x10\x5b\x41\x5e\x5d\xc3\x55\x48\x89\xe5\x48\x8d\x15\x0a\x6a\x00\x00\x48\x8d\x0d\x06\x00\x00\x00\x5d\xe9\x62\xf7\xff\xff" +
	"\x66\x0f\x2e\xc0\x0f\x8a\x14\x01\x00\x00\x66\x0f\x57\xdb\x66\x0f\x57\xc9\xf2\x0f\x5c\xc8\x66\x0f\x28\xd0\xf2\x0f\xc2\xd3\x01\x66" +
	"\x0f\x54\xca\x66\x0f\x55\xd0\x66\x0f\x56\xd1\xf2\x0f\x10\x0d\x8d\x67\x00\x00\x66\x0f\x28\xe9\xf2\x0f\x5e\xea\x66\x0f\x28\xe1\xf2" +
	"\x0f\xc2\xe2\x01\x66\x0f\x54\xec\x66\x0f\x55\xe2\x66\x0f\x56\xe5\xf2\x0f\x10\x2d\x60\x67\x00\x00\x66\x0f\x28\xfc\xf2\x0f\x59\xfd" +
	"\xf2\x0f\x58\x3d\xe8\x66\x00\x00\xf2\x0f\x58\xec\xf2\x0f\x5e\xfd\xf2\x0f\x10\x35\x88\x67\x00\x00\x66\x0f\x28\xee\xf2\x0f\xc2\xec" +
	"\x01\x66\x44\x0f\x28\xc5\x66\x44\x0f\x55\xc4\x66\x0f\x54\xef\x66\x41\x0f\x56\xe8\x66\x0f\x28\xfd\xf2\x0f\x59\xfd\xf2\x0f\x5c\xdf" +
	"\xb8\x03\x00\x00\x00\x66\x0f\x28\xfd\xf2\x0f\x59\xfb\x45\x0f\x57\xc0\xf2\x44\x0f\x2a\xc0\x66\x44\x0f\x28\xcf\xf2\x45\x0f\x5e\xc8" +
	"\xf2\x41\x0f\x58\xe9\x83\xc0\x02\x83\xf8\x3d\x75\xdc\x55\x48\x89\xe5\x66\x0f\x57\xdb\x66\x0f\x2e\xd8\xf2\x0f\xc2\xf4\x01\xf2\x0f" +
	"\x10\x05\xaa\x66\x00\x00\x66\x0f\x54\xc6\xf2\x0f\x58\xc5\xf2\x0f\x10\x25\x8a\x67\x00\x00\xf2\x0f\x5c\xe0\xf2\x0f\xc2\xca\x01\x66" +
	"\x0f\x28\xd1\x66\x0f\x55\xd0\x66\x0f\x54\xcc\x66\x0f\x56\xca\x66\x0f\x28\xc1\x5d\x76\x08\xf2\x0f\x5c\xd9\x66\x0f\x28\xc3\xc3\x55" +
	"\x48\x89\xe5\x41\x56\x53\x48\x83\xec\x10\x48\x89\xf3\x49\x89\xfe\x48\x8d\x15\x40\x6b\x00\x00\x48\x8d\x4d\xe8\xe8\x7e\xf3\xff\xff" +
	"\x85\xc0\x74\x12\x4c\x89\xf7\x48\x89\xde\xe8\x14\x00\x00\x00\x66\x48\x0f\x7e\xc0\xeb\x04\x48\x8b\x45\xe8\x48\x83\xc4\x10\x5b\x41" +
	"\x5e\x5d\xc3\x48\x89\xf0\x48\xc1\xe8\x30\x48\x05\x05\x00\xff\xff\x48\x83\xf8\xfd\x77\x06\x66\x48\x0f\x6e\xc6\xc3\x55\x48\x89\xe5" +
	"\x41\x57\x41\x56\x41\x55\x41\x54\x53\x48\x81\xec\x88\x00\x00\x00\x48\x89\xfb\x49\xbc\x00\x00\x00\x00\x00\x00\xf0\x3f\x4c\x8d\xb5" +
	"\x68\xff\xff\xff\x48\x89\xf7\x4c\x89\xf6\xe8\x58\x42\x00\x00\x49\x8b\x46\x20\x48\x85\xc0\x74\x5d\x48\x83\xf8\x01\x75\x5e\x48\x8b" +
	"\x4d\x80\x48\x83\x39\x01\x75\x58\x48\x8d\xbd\x68\xff\xff\xff\x48\x8d\x5d\xc0\x48\x89\xde\xe8\xa7\x5f\x00\x00\x48\x8b\x03\xf2\x0f" +
	"\x10\x0d\xda\x65\x00\x00\x48\x3d\xe9\x03\x00\x00\x0f\x8c\x8b\x01\x00\x00\xf2\x0f\x10\x15\x96\x66\x00\x00\xf2\x0f\x59\xca\x48\x8d" +
	"\x88\x18\xfc\xff\xff\x48\x3d\xd0\x07\x00\x00\x48\x89\xc8\x77\xea\xe9\x93\x01\x00\x00\xb8\x40\x00\x00\x00\xeb\x28\x48\x8b\x4d\x80" +
	"\x48\x8b\x4c\xc1\xf8\x48\xc1\xe0\x06\x48\x85\xc9\x74\x0a\x48\x0f\xbd\xc9\x48\x83\xf1\x3f\xeb\x05\xb9\x40\x00\x00\x00\x48\x29\xc8" +
	"\x48\x83\xc0\x40\x48\x8d\x4d\x80\x48\x8b\x51\xf0\x48\x85\xd2\x74\x1f\x48\x8b\xb5\x68\xff\xff\xff\x48\x8b\x74\xd6\xf8\x48\xc1\xe2" +
	"\x06\x48\x85\xf6\x74\x0f\x4c\x0f\xbd\xf6\x49\x83\xf6\x3f\xeb\x0b\x45\x31\xf6\xeb\x09\x41\xbe\x40\x00\x00\x00\x49\x29\xd6\x49\x01" +
	"\xc6\x0f\x10\x85\x68\xff\xff\xff\x0f\x29\x45\xc0\x66\x0f\x10\x01\x66\x0f\x29\x45\xb0\x4d\x85\xf6\x7e\x1f\x4c\x8d\x6d\xc8\x4c\x8d" +
	"\x7d\xc0\x48\x89\xdf\x4c\x89\xfe\x4c\x89\xf2\xe8\x2c\x5b\x00\x00\x49\x89\x07\x49\x89\x55\x00\xeb\x06\x0f\x88\xa5\x00\x00\x00\x48" +
	"\x8d\x75\xc0\x48\x8d\x55\xb0\x48\x8d\x4d\xa0\x4c\x8d\xbd\x50\xff\xff\xff\x48\x89\xdf\x4d\x89\xf8\xe8\x63\x42\x00\x00\x49\x83\x7f" +
	"\x08\x00\x74\x0f\x48\x83\x7d\xa8\x00\x74\x08\x48\x8b\x45\xa0\x48\x83\x08\x01\x48\x8d\x7d\xa0\x48\x8d\x9d\x60\xff\xff\xff\x48\x89" +
	"\xde\xe8\x7c\x5e\x00\x00\x48\x8b\x03\x4c\x29\xf0\xf2\x0f\x10\x0d\xac\x64\x00\x00\x48\x3d\xe9\x03\x00\x00\x7c\x20\xf2\x0f\x10\x15" +
	"\x6c\x65\x00\x00\xf2\x0f\x59\xca\x48\x8d\x88\x18\xfc\xff\xff\x48\x3d\xd0\x07\x00\x00\x48\x89\xc8\x77\xea\xeb\x6c\x48\x3d\x17\xfc" +
	"\xff\xff\x7f\x61\xf2\x0f\x10\x15\x4c\x65\x00\x00\xf2\x0f\x59\xca\x48\x8d\x88\xe8\x03\x00\x00\x48\x3d\x30\xf8\xff\xff\x48\x89\xc8" +
	"\x72\xea\xeb\x44\x4c\x8d\x6d\xb8\x4c\x89\xf2\x48\xf7\xda\x4c\x8d\x7d\xb0\x48\x89\xdf\x4c\x89\xfe\xe9\x2e\xff\xff\xff\x48\x3d\x17" +
	"\xfc\xff\xff\x7f\x20\xf2\x0f\x10\x15\x0b\x65\x00\x00\xf2\x0f\x59\xca\x48\x8d\x88\xe8\x03\x00\x00\x48\x3d\x30\xf8\xff\xff\x48\x89" +
	"\xc8\x72\xea\xeb\x03\x48\x89\xc1\x48\xc1\xe1\x34\x4c\x01\xe1\x66\x48\x0f\x6e\xd1\xf2\x0f\x59\xd1\xf2\x0f\x59\xc2\x83\xbd\x78\xff" +
	"\xff\xff\x00\x48\x8d\xa4\x24\x88\x00\x00\x00\x5b\x41\x5c\x41\x5d\x41\x5e\x41\x5f\x5d\x74\x0c\x66\x0f\x57\xc9\xf2\x0f\x5c\xc8\x66" +
	"\x0f\x28\xc1\xc3\x55\x48\x89\xe5\x41\x57\x41\x56\x53\x48\x83\xec\x18\x48\x89\xd3\x49\x89\xf7\x49\x89\xfe\x48\x8d\x15\x8c\x66\x00" +
	"\x00\x48\x8d\x4d\xe0\xe8\xb4\xf0\xff\xff\x85\xc0\x74\x62\x48\x8d\x15\x78\x66\x00\x00\x48\x8d\x4d\xe0\x4c\x89\xf7\x48\x89\xde\xe8" +
	"\x9a\xf0\xff\xff\x85\xc0\x74\x48\x4c\x89\xf7\x4c\x89\xfe\xe8\x30\xfd\xff\xff\xf2\x0f\x11\x45\xd8\x4c\x89\xf7\x48\x89\xde\xe8\x20" +
	"\xfd\xff\xff\xf2\x0f\x10\x55\xd8\x66\x0f\x2e\xc2\x0f\x8a\x87\x00\x00\x00\x66\x0f\x57\xc9\x66\x0f\x2e\xc1\x76\x23\xf2\x0f\x5e\xd0" +
	"\x66\x0f\x28\xc2\xe8\x97\xfb\xff\xff\x66\x48\x0f\x7e\xc0\xeb\x04\x48\x8b\x45\xe0\x48\x83\xc4\x18\x5b\x41\x5e\x41\x5f\x5d\xc3\x66" +
	"\x0f\x2e\xc8\x76\x26\x66\x0f\x28\xca\xf2\x0f\x5e\xc8\x66\x0f\x28\xc1\xe8\x6a\xfb\xff\xff\x66\x0f\x57\xc9\x66\x0f\x2e\x4d\xd8\x76" +
	"\x1e\xf2\x0f\x58\x05\x1f\x63\x00\x00\xeb\xbe\x66\x0f\x57\xc0\x66\x0f\x2e\xd0\x76\x14\xf2\x0f\x10\x05\xc3\x63\x00\x00\xeb\xaa\xf2" +
	"\x0f\x58\x05\xd9\x63\x00\x00\xeb\xa0\x66\x0f\x2e\xc2\x76\x9a\xf2\x0f\x10\x05\x99\x62\x00\x00\xeb\x90\xf2\x0f\x10\x05\x6f\x63\x00" +
	"\x00\xeb\x86\x55\x48\x89\xe5\x48\x89\xd1\x48\x89\xf2\xbe\x06\x00\x00\x00\x5d\xe9\xf1\x9a\xff\xff\x55\x48\x89\xe5\x4c\x8d\x05\x51" +
	"\x64\x00\x00\xb9\xff\xff\xff\xff\x5d\xe9\x00\x00\x00\x00\x55\x48\x89\xe5\x41\x57\x41\x56\x41\x55\x41\x54\x53\x48\x83\xec\x28\x4c" +
	"\x89\xc3\x41\x89\xce\x49\x89\xf4\x48\x89\x7d\xd0\x48\x83\xfa\x01\x75\x2d\x4d\x8b\x3c\x24\x4c\x89\xf8\x48\xc1\xe8\x30\x3d\xfc\xff" +
	"\x00\x00\x75\x6b\x48\xb8\xff\xff\xff\xff\xff\xff\x00\x00\x49\x21\xc7\x4d\x8b\x6f\x08\x4d\x8b\x67\x18\x49\x83\xc4\x08\xeb\x03\x49" +
	"\x89\xd5\x4d\x85\xed\x74\x5a\x4d\x8b\x3c\x24\x49\x83\xfd\x01\x74\x3e\xbb\x01\x00\x00\x00\xc7\x45\xb0\x01\x00\x00\x00\x49\x8b\x34" +
	"\xdc\x48\x8b\x7d\xd0\x4c\x89\xfa\x48\x8d\x4d\xb0\xe8\xd4\xb1\xff\xff\x83\x7d\xb0\x00\x0f\x84\xb4\x00\x00\x00\x41\x0f\xaf\xc6\x85" +
	"\xc0\x7e\x04\x4d\x8b\x3c\xdc\x48\xff\xc3\x49\x39\xdd\x75\xc7\x4c\x89\xf8\x48\x83\xc4\x28\x5b\x41\x5c\x41\x5d\x41\x5e\x41\x5f\x5d" +
	"\xc3\x48\x8b\x7d\xd0\x48\x89\x7d\xb0\xba\x05\x00\x00\x00\xbe\x01\x00\x00\x00\xe8\x1b\xe7\xff\xff\x48\x8d\x48\x08\x0f\x57\xc0\x0f" +
	"\x11\x40\x08\x0f\x11\x40\x18\x48\x89\x4d\xb8\x48\xc7\x45\xc0\x00\x00\x00\x00\x48\xc7\x45\xc8\x20\x00\x00\x00\x48\xc7\xc2\xff\xff" +
	"\xff\xff\x80\x7c\x13\x01\x00\x48\x8d\x52\x01\x75\xf5\x4c\x8d\x75\xb0\x4c\x89\xf7\x48\x89\xde\xe8\x10\xb5\xff\xff\x48\x8d\x35\x08" +
	"\x65\x00\x00\xba\x0b\x00\x00\x00\x4c\x89\xf7\xe8\xfc\xb4\xff\xff\x49\x8b\x76\x08\x49\x8b\x56\x10\x48\x8b\x7d\xd0\x48\x83\xc4\x28" +
	"\x5b\x41\x5c\x41\x5d\x41\x5e\x41\x5f\x5d\xe9\x75\xec\xff\xff\x49\x8b\x14\xdc\x48\x8d\x35\x50\x66\x00\x00\x48\x8b\x7d\xd0\x4c\x89" +
	"\xf9\x48\x83\xc4\x28\x5b\x41\x5c\x41\x5d\x41\x5e\x41\x5f\x5d\xe9\xb4\xb3\xff\xff\x55\x48\x89\xe5\x4c\x8d\x05\x06\x64\x00\x00\xb9" +
	"\x01\x00\x00\x00\x5d\xe9\x84\xfe\xff\xff\x55\x48\x89\xe5\x41\x57\x41\x56\x53\x50\x49\x89\xd7\x49\x89\xf6\x48\x89\xfb\x48\x8d\x15" +
	"\x9c\x64\x00\x00\x48\x8d\x4d\xe0\xe8\x11\xee\xff\xff\x85\xc0\x0f\x84\xc1\x00\x00\x00\x48\x8d\x15\x84\x64\x00\x00\x48\x8d\x4d\xe0" +
	"\x48\x89\xdf\x4c\x89\xfe\xe8\xf3\xed\xff\xff\x85\xc0\x0f\x84\xa3\x00\x00\x00\x48\x89\xdf\xbe\x05\x00\x00\x00\x4c\x89\xf2\xe8\x40" +
	"\xdf\xff\xff\x49\x89\xc6\x48\x89\xdf\xbe\x05\x00\x00\x00\x4c\x89\xfa\xe8\x2d\xdf\xff\xff\x4c\x89\xf1\x48\xc1\xe9\x30\x48\x8d\x91" +
	"\x07\x00\xff\xff\x48\x83\xfa\x02\x72\x42\x66\x49\x0f\x6e\xc6\x66\x0f\x2e\x05\x49\x60\x00\x00\x0f\x86\xd2\x00\x00\x00\xf2\x0f\x10" +
	"\x0d\x4b\x61\x00\x00\x66\x0f\x2e\xc8\x0f\x86\xc0\x00\x00\x00\xf2\x48\x0f\x2c\xd0\x0f\x57\xc9\xf2\x48\x0f\x2a\xca\x66\x0f\x2e\xc1" +
	"\x0f\x85\xa9\x00\x00\x00\x0f\x8a\xa3\x00\x00\x00\x48\x89\xc2\x48\xc1\xea\x30\x48\x8d\xb2\x07\x00\xff\xff\x48\x83\xfe\x02\x73\x28" +
	"\x81\xf9\xfa\xff\x00\x00\x0f\x84\x83\x00\x00\x00\x81\xfa\xfa\xff\x00\x00\x75\x56\xeb\x79\x4c\x8b\x7d\xe0\x4c\x89\xf8\x48\x83\xc4" +
	"\x08\x5b\x41\x5e\x41\x5f\x5d\xc3\x81\xfa\xfa\xff\x00\x00\x74\x5f\x81\xf9\xfa\xff\x00\x00\x74\x57\x66\x48\x0f\x6e\xc0\x66\x0f\x2e" +
	"\x05\xbb\x5f\x00\x00\x76\x48\xf2\x0f\x10\x0d\xc1\x60\x00\x00\x66\x0f\x2e\xc8\x76\x3a\xf2\x48\x0f\x2c\xc8\x0f\x57\xc9\xf2\x48\x0f" +
	"\x2a\xc9\x66\x0f\x2e\xc1\x75\x27\x7a\x25\x48\x85\xc0\x74\x3e\x49\x89\xc7\xbe\x05\x00\x00\x00\x48\x89\xdf\x4c\x89\xf2\x48\x89\xc1" +
	"\xe8\x04\x98\xff\xff\x4d\x89\xfe\x48\x85\xc0\x75\xe2\xeb\x8b\x48\x8d\x35\x1c\x61\x00\x00\xba\x12\x00\x00\x00\x48\x89\xdf\x48\x83" +
	"\xc4\x08\x5b\x41\x5e\x41\x5f\x5d\xe9\xb7\xea\xff\xff\x4d\x89\xf7\xe9\x65\xff\xff\xff\x55\x48\x89\xe5\x41\x56\x53\x48\x89\xfb\x83" +
	"\xbf\x10\xa4\x00\x00\x00\x74\x1e\x48\x8b\xb3\xf0\xa3\x00\x00\x48\x8b\x93\xf8\xa3\x00\x00\x48\x8b\x83\x00\xa4\x00\x00\x48\x8b\x8b" +
	"\x08\xa4\x00\x00\xeb\x61\x48\x8b\x3b\x4c\x8d\xb3\xf0\xa3\x00\x00\xba\x20\x00\x00\x00\x4c\x89\xf6\xff\x57\x30\x48\x83\xf8\x20\x75" +
	"\x05\x49\x8b\x3e\xeb\x0d\x48\xbf\x15\x7c\x4a\x7f\xb9\x79\x37\x9e\x48\x31\xdf\x48\x8b\x93\xf8\xa3\x00\x00\x48\x8b\x83\x00\xa4\x00" +
	"\x00\x48\x89\xd6\x48\x09\xfe\x48\x09\xc6\x48\x8b\x8b\x08\xa4\x00\x00\x48\x09\xce\xbe\x01\x00\x00\x00\x48\x0f\x45\xf7\xc7\x83\x10" +
	"\xa4\x00\x00\x01\x00\x00\x00\x48\x8d\x3c\x92\x48\xc1\xc7\x07\x48\x8d\x3c\xff\x49\x89\xd0\x49\xc1\xe0\x11\x48\x31\xf0\x48\x31\xd1" +
	"\x48\x31\xc2\x48\x89\x93\xf8\xa3\x00\x00\x48\x31\xce\x48\x89\xb3\xf0\xa3\x00\x00\x4c\x31\xc0\x48\x89\x83\x00\xa4\x00\x00\x48\xc1" +
	"\xc1\x2d\x48\x89\x8b\x08\xa4\x00\x00\x48\xc1\xef\x0b\xf2\x48\x0f\x2a\xc7\xf2\x0f\x59\x05\xd6\x5e\x00\x00\x66\x48\x0f\x7e\xc0\x5b" +
	"\x41\x5e\x5d\xc3\x55\x48\x89\xe5\x41\x57\x41\x56\x41\x55\x41\x54\x53\x48\x83\xec\x68\x48\x89\xf3\x66\x48\x0f\x6e\xc6\x66\x0f\x2e" +
	"\xc0\x7a\x12\x48\x89\xd8\x48\x83\xc4\x68\x5b\x41\x5c\x41\x5d\x41\x5e\x41\x5f\x5d\xc3\x48\x89\xd8\x48\xc1\xe8\x30\x48\x05\x07\x00" +
	"\xff\xff\x48\x83\xf8\x02\x72\xdb\x48\x89\xd8\x48\x0f\xba\xe8\x3f\x48\xb9\x00\x00\x00\x00\x00\x00\xf8\xff\x48\x39\xc8\x74\xc4\x49" +
	"\x89\xfe\x48\x8d\x15\x58\x60\x00\x00\x48\x8d\x4d\xb0\x48\x89\xde\xe8\xd4\x03\x00\x00\x85\xc0\x74\x51\x48\xb8\xff\xff\xff\xff\xff" +
	"\xff\x00\x00\x48\x21\xd8\x4c\x8d\x78\x10\x4c\x8b\x68\x08\xc6\x45\xd7\x01\x4d\x85\xed\x74\x3c\x45\x31\xe4\x48\xb9\x00\x26\x00\x00" +
	"\x01\x00\x00\x00\x43\x0f\xb6\x14\x27\x48\x83\xfa\x20\x0f\x87\x88\x01\x00\x00\x48\x0f\xa3\xd1\x0f\x83\x7e\x01\x00\x00\x49\xff\xc4" +
	"\x4d\x39\xe5\x75\xdf\x4d\x89\xec\xeb\x0f\x48\x8b\x5d\xb0\xe9\x50\xff\xff\xff\x45\x31\xed\x45\x31\xe4\x49\x8d\x44\x24\x01\xb9\x0a" +
	"\x00\x00\x00\x48\x89\x4d\xc8\x4c\x39\xe8\x73\x44\x43\x80\x3c\x27\x30\x75\x3d\x41\x0f\xb6\x04\x07\x83\xc8\x20\x8d\x48\x9e\x83\xf9" +
	"\x16\x77\x2d\xba\x01\x20\x40\x00\x0f\xa3\xca\x73\x23\x3c\x6f\xb9\x08\x00\x00\x00\xba\x02\x00\x00\x00\x48\x0f\x44\xd1\x3c\x78\xb8" +
	"\x10\x00\x00\x00\x48\x0f\x45\xc2\x48\x89\x45\xc8\x49\x83\xc4\x02\x4b\x8d\x34\x27\x4c\x89\xea\x4c\x29\xe2\x4c\x8d\x45\xb0\x4c\x89" +
	"\xf7\x48\x89\x75\xc0\x48\x8b\x4d\xc8\xe8\x02\x04\x00\x00\x48\x89\x45\xb8\x48\x8d\x45\xb0\x48\x8b\x00\x48\x89\x45\xa8\x48\x85\xc0" +
	"\x0f\x84\xb0\x00\x00\x00\x4c\x03\x65\xa8\x83\x7d\xc8\x0a\x0f\x85\x43\x01\x00\x00\x4d\x39\xec\x0f\x83\x3a\x01\x00\x00\x43\x80\x3c" +
	"\x27\x2e\x0f\x85\x2f\x01\x00\x00\x4b\x8d\x34\x27\x48\xff\xc6\x49\xff\xc4\x4c\x89\xea\x4c\x29\xe2\x4c\x8d\x45\xb0\xb9\x0a\x00\x00" +
	"\x00\x4c\x89\xf7\x48\x89\x75\x98\xe8\xa3\x03\x00\x00\x48\x89\x45\xa0\x48\x8d\x45\xb0\x48\x8b\x00\x48\x89\x45\xc0\x48\x09\x45\xa8" +
	"\x0f\x84\xd9\x01\x00\x00\x48\x83\x7d\xc0\x00\x0f\x84\x9d\x00\x00\x00\x31\xc0\x31\xc9\x48\x8b\x75\x98\x31\xd2\x80\x3c\x06\x5f\x0f" +
	"\x95\xc2\x48\x01\xd1\x48\xff\xc0\x48\x39\x45\xc0\x75\xeb\x66\x48\x0f\x6e\xc1\x66\x0f\x62\x05\xc5\x5d\x00\x00\x66\x0f\x5c\x05\xad" +
	"\x5d\x00\x00\x66\x0f\x28\xc8\x66\x0f\x15\xc8\xf2\x0f\x58\xc8\x66\x48\x0f\x7e\xc9\xeb\x5a\x4d\x39\xe5\x0f\x86\x80\x01\x00\x00\x83" +
	"\x7d\xc8\x0a\x0f\x85\x76\x01\x00\x00\x48\x8b\x45\xc0\x80\x38\x2e\x0f\x84\x30\xff\xff\xff\xe9\x64\x01\x00\x00\x4d\x39\xe5\x0f\x86" +
	"\x95\xfe\xff\xff\x42\x0f\xb6\x54\x28\x0f\x48\x83\xfa\x20\x0f\x87\xd4\x01\x00\x00\x48\x0f\xa3\xd1\x0f\x83\xca\x01\x00\x00\x49\xff" +
	"\xcd\x4d\x39\xe5\x77\xde\x4d\x89\xe5\xe9\x6b\xfe\xff\xff\x31\xc9\x48\xba\x00\x00\x00\x00\x00\x00\x24\x40\xbe\x06\x00\x00\x00\x4c" +
	"\x89\xf7\xe8\x62\x94\xff\xff\xbe\x04\x00\x00\x00\x4c\x89\xf7\x48\x8b\x55\xa0\x48\x89\xc1\xe8\x4e\x94\xff\xff\xbe\x01\x00\x00\x00" +
	"\x4c\x89\xf7\x48\x8b\x55\xb8\x48\x89\xc1\xe8\x3a\x94\xff\xff\x48\x89\x45\xb8\x4c\x03\x65\xc0\x83\x7d\xc8\x0a\x0f\x85\xc1\x00\x00" +
	"\x00\x4d\x39\xec\x0f\x83\xb8\x00\x00\x00\x43\x8a\x04\x27\x24\xdf\x3c\x45\x0f\x85\xaa\x00\x00\x00\x49\x8d\x4c\x24\x01\xc6\x45\xc0" +
	"\x01\x48\x89\xc8\x48\x89\x4d\xc8\x4c\x39\xe9\x73\x21\x48\x8b\x45\xc8\x41\x0f\xb6\x04\x07\x83\xf8\x2d\x74\x05\x83\xf8\x2b\x75\x0e" +
	"\x49\x83\xc4\x02\x3c\x2d\x0f\x95\x45\xc0\x4c\x89\x65\xc8\x48\x8b\x45\xc8\x49\x01\xc7\x4c\x89\xea\x48\x29\xc2\x4c\x8d\x65\xb0\xb9" +
	"\x0a\x00\x00\x00\x4c\x89\xf7\x4c\x89\xfe\x4d\x89\xe0\xe8\x1e\x02\x00\x00\x4d\x8b\x24\x24\x4d\x85\xe4\x74\x64\x80\x7d\xc0\x00\x75" +
	"\x0b\x4c\x89\xf7\x48\x89\xc6\xe8\xd4\xb0\xff\xff\x4c\x03\x65\xc8\x48\xba\x00\x00\x00\x00\x00\x00\x24\x40\xbe\x06\x00\x00\x00\x4c" +
	"\x89\xf7\x48\x89\xc1\xe8\x7f\x93\xff\xff\xbe\x03\x00\x00\x00\x4c\x89\xf7\x48\x8b\x55\xb8\x48\x89\xc1\xe8\x6b\x93\xff\xff\x48\x89" +
	"\x45\xb8\x4d\x39\xec\x75\x18\x80\x7d\xd7\x00\x0f\x85\x8e\x00\x00\x00\x4c\x89\xf7\x48\x8b\x75\xb8\xe8\x83\xb0\xff\xff\xeb\x7c\x4c" +
	"\x89\xb5\x78\xff\xff\xff\xba\x09\x00\x00\x00\x4c\x89\xf7\xbe\x01\x00\x00\x00\xe8\x3b\xe0\xff\xff\x48\x83\xc0\x08\x31\xc9\x66\x0f" +
	"\x57\xc0\x66\x0f\x11\x04\x08\x48\x83\xc1\x10\x48\x83\xf9\x40\x75\xf1\x4c\x8d\xbd\x78\xff\xff\xff\x49\x89\x47\x08\x49\xc7\x47\x10" +
	"\x00\x00\x00\x00\x49\xc7\x47\x18\x40\x00\x00\x00\x48\x8d\x35\xa0\x5c\x00\x00\xba\x0e\x00\x00\x00\x4c\x89\xff\xe8\x2c\xae\xff\xff" +
	"\x4c\x89\xff\x48\x89\xde\xe8\xc7\x02\x00\x00\x49\x8b\x77\x08\x49\x8b\x57\x10\x4c\x89\xf7\xe8\xa9\xe5\xff\xff\x48\x89\x45\xb8\x48" +
	"\x8b\x5d\xb8\xe9\xfb\xfb\xff\xff\x43\x0f\xb6\x04\x27\x83\xf8\x2b\x74\x09\x83\xf8\x2d\x0f\x85\x9e\xfc\xff\xff\x49\xff\xc4\x3c\x2d" +
	"\x0f\x95\x45\xd7\xe9\x90\xfc\xff\xff\x55\x48\x89\xe5\x41\x57\x41\x56\x41\x55\x41\x54\x53\x48\x83\xec\x28\x48\x89\xcb\x48\x89\xf1" +
	"\x48\xc1\xe9\x30\xb8\x01\x00\x00\x00\x48\x81\xf9\xfb\xff\x00\x00\x0f\x84\xcb\x00\x00\x00\x49\x89\xd4\x49\x89\xf7\x48\x81\xf9\xf8" +
	"\x7f\x00\x00\x0f\x94\xc0\x48\x89\xf2\x48\xc1\xe2\x10\x0f\x95\xc2\x48\x81\xf9\xfc\x7f\x00\x00\x0f\x84\x9f\x00\x00\x00\x20\xd0\x0f" +
	"\x85\x97\x00\x00\x00\x49\x89\xfe\x48\x89\x7d\xb8\xba\x09\x00\x00\x00\xbe\x01\x00\x00\x00\xe8\x38\xdf\xff\xff\x48\x83\xc0\x08\x31" +
	"\xc9\x0f\x57\xc0\x0f\x11\x04\x08\x48\x83\xc1\x10\x48\x83\xf9\x40\x75\xf2\x48\x89\x45\xc0\x48\xc7\x45\xc8\x00\x00\x00\x00\x48\xc7" +
	"\x45\xd0\x40\x00\x00\x00\x48\xc7\xc2\xff\xff\xff\xff\x41\x80\x7c\x14\x01\x00\x48\x8d\x52\x01\x75\xf4\x4c\x8d\x6d\xb8\x4c\x89\xef" +
	"\x4c\x89\xe6\xe8\x24\xad\xff\xff\x48\x8d\x35\x41\x5c\x00\x00\xba\x12\x00\x00\x00\x4c\x89\xef\xe8\x10\xad\xff\xff\x4c\x89\xef\x4c" +
	"\x89\xfe\xe8\xda\x43\x00\x00\x49\x8b\x75\x08\x49\x8b\x55\x10\x4c\x89\xf7\xe8\x8d\xe4\xff\xff\x48\x89\x03\xeb\x03\x4c\x89\x3b\x31" +
	"\xc0\x48\x83\xc4\x28\x5b\x41\x5c\x41\x5d\x41\x5e\x41\x5f\x5d\xc3\x55\x48\x89\xe5\x41\x57\x41\x56\x41\x55\x41\x54\x53\x48\x83\xec" +
	"\x28\x48\x89\x7d\xc8\x48\x85\xd2\x0f\x84\x49\x01\x00\x00\x49\x89\xf1\x4c\x89\x45\xd0\xbb\x01\x00\x00\x00\x45\x31\xf6\x48\xbf\x01" +
	"\x00\x00\x00\x00\x00\x01\x00\x31\xc0\x45\x31\xed\x45\x31\xe4\x48\x89\x55\xb0\x48\x89\x4d\xb8\x48\x89\x75\xc0\x4c\x8b\x7d\xc8\x43" +
	"\x8a\x34\x29\xa8\x01\x74\x0a\x40\x80\xfe\x5f\x0f\x84\xa0\x00\x00\x00\x40\x0f\xb6\xc6\x40\x80\xc6\xd0\x40\x80\xfe\x09\x77\x05\x83" +
	"\xc0\xd0\xeb\x12\x83\xc8\x20\x8d\x70\x9f\x83\xfe\x05\x0f\x87\x8f\x00\x00\x00\x83\xc0\xa9\x89\xc0\x48\x39\xc8\x0f\x83\x81\x00\x00" +
	"\x00\x4c\x0f\xaf\xe1\x49\x01\xc4\x48\x0f\xaf\xd9\x48\x39\xfb\x72\x60\x4c\x89\xff\x48\x89\xde\xe8\x3f\x9c\xff\xff\xbe\x03\x00\x00" +
	"\x00\x4c\x89\xff\x4c\x89\xf2\x48\x89\xc1\xe8\xda\x90\xff\xff\x49\x89\xc6\x4c\x89\xff\x4c\x89\xe6\xe8\x1e\x9c\xff\xff\xbb\x01\x00" +
	"\x00\x00\xbe\x01\x00\x00\x00\x4c\x89\xff\x4c\x89\xf2\x48\x89\xc1\xe8\xb4\x90\xff\xff\x48\xbf\x01\x00\x00\x00\x00\x00\x01\x00\x4c" +
	"\x8b\x4d\xc0\x48\x8b\x4d\xb8\x48\x8b\x55\xb0\x49\x89\xc6\x45\x31\xe4\x49\xff\xc5\xb0\x01\x4c\x39\xea\x0f\x85\x40\xff\xff\xff\x49" +
	"\x89\xd5\x48\x83\xfb\x02\x72\x49\x4d\x89\xf7\x4c\x8b\x75\xc8\x4c\x89\xf7\x48\x89\xde\xe8\xc1\x9b\xff\xff\xbe\x03\x00\x00\x00\x4c" +
	"\x89\xf7\x4c\x89\xfa\x48\x89\xc1\xe8\x5c\x90\xff\xff\x48\x89\xc3\x4c\x89\xf7\x4c\x89\xe6\xe8\xa0\x9b\xff\xff\xbe\x01\x00\x00\x00" +
	"\x4c\x89\xf7\x48\x89\xda\x48\x89\xc1\xe8\x3b\x90\xff\xff\x49\x89\xc6\x4c\x8b\x45\xd0\xeb\x06\x45\x31\xed\x45\x31\xf6\x4d\x89\x28" +
	"\x4c\x89\xf0\x48\x83\xc4\x28\x5b\x41\x5c\x41\x5d\x41\x5e\x41\x5f\x5d\xc3\x55\x48\x89\xe5\x41\x57\x41\x56\x41\x55\x41\x54\x53\x50" +
	"\x49\x89\xf6\x48\x89\xfb\xbe\x01\x00\x00\x00\xe8\xfa\x1c\x00\x00\x48\x8b\x43\x08\x48\x8b\x4b\x10\x48\x8d\x51\x01\x48\x89\x53\x10" +
	"\xc6\x04\x08\x22\x49\xbf\xff\xff\xff\xff\xff\xff\x00\x00\x4d\x21\xf7\x49\x83\x7f\x08\x00\x0f\x84\x21\x01\x00\x00\x45\x31\xed\x47" +
	"\x8a\x74\x2f\x10\x45\x0f\xb6\xe6\x41\x83\xfc\x0c\x7e\x23\x41\x83\xfc\x5c\x74\x3a\x41\x83\xfc\x22\x74\x45\x41\x83\xfc\x0d\x75\x76" +
	"\xba\x02\x00\x00\x00\x48\x89\xdf\x48\x8d\x35\x64\x5a\x00\x00\xeb\x4e\x41\x83\xfc\x09\x74\x39\x41\x83\xfc\x0a\x75\x59\xba\x02\x00" +
	"\x00\x00\x48\x89\xdf\x48\x8d\x35\x7f\x5c\x00\x00\xeb\x31\xba\x02\x00\x00\x00\x48\x89\xdf\x48\x8d\x35\xba\x59\x00\x00\xeb\x20\xba" +
	"\x02\x00\x00\x00\x48\x89\xdf\x48\x8d\x35\x5c\x5a\x00\x00\xeb\x0f\xba\x02\x00\x00\x00\x48\x89\xdf\x48\x8d\x35\x04\x5c\x00\x00\xe8" +
	"\x88\xaa\xff\xff\x49\xff\xc5\x4d\x3b\x6f\x08\x0f\x82\x6e\xff\xff\xff\xe9\x87\x00\x00\x00\x41\x80\xfe\x20\x72\x06\x41\x80\xfe\x7f" +
	"\x75\x55\xba\x02\x00\x00\x00\x48\x89\xdf\x48\x8d\x35\x66\x5a\x00\x00\xe8\x56\xaa\xff\xff\x44\x89\xe0\xc1\xe8\x04\x48\x8d\x0d\xaf" +
	"\x5b\x00\x00\x44\x8a\x34\x08\xbe\x01\x00\x00\x00\x48\x89\xdf\xe8\xf6\x1b\x00\x00\x48\x8b\x43\x08\x48\x8b\x4b\x10\x48\x8d\x51\x01" +
	"\x48\x89\x53\x10\x44\x88\x34\x08\x41\x83\xe4\x0f\x48\x8d\x05\x7f\x5b\x00\x00\x45\x8a\x34\x04\xbe\x01\x00\x00\x00\x48\x89\xdf\xe8" +
	"\xc6\x1b\x00\x00\x48\x8b\x43\x08\x48\x8b\x4b\x10\x48\x8d\x51\x01\x48\x89\x53\x10\x44\x88\x34\x08\xe9\x67\xff\xff\xff\xbe\x01\x00" +
	"\x00\x00\x48\x89\xdf\xe8\xa0\x1b\x00\x00\x48\x8b\x43\x08\x48\x8b\x4b\x10\x48\x8d\x51\x01\x48\x89\x53\x10\xc6\x04\x08\x22\x48\x83" +
	"\xc4\x08\x5b\x41\x5c\x41\x5d\x41\x5e\x41\x5f\x5d\xc3\x55\x48\x89\xe5\x53\x50\x48\x89\xfb\x48\x89\xf7\xe8\x23\x00\x00\x00\x48\xc7" +
	"\xc2\xff\xff\xff\xff\x80\x7c\x10\x01\x00\x48\x8d\x52\x01\x75\xf5\x48\x89\xdf\x48\x89\xc6\x48\x83\xc4\x08\x5b\x5d\xe9\x3b\xb7\xff" +
	"\xff\x55\x48\x89\xe5\x48\x89\xf9\x48\xc1\xe9\x30\x48\x81\xf9\xf8\x7f\x00\x00\x0f\x94\xc2\x48\xc1\xe7\x10\x40\x0f\x95\xc6\x48\x8d" +
	"\x05\xc9\x59\x00\x00\x48\x81\xf9\xfc\x7f\x00\x00\x74\x69\x40\x20\xf2\x75\x64\x81\xf9\xfc\xff\x00\x00\x7e\x21\x81\xf9\xfd\xff\x00" +
	"\x00\x74\x32\x81\xf9\xfe\xff\x00\x00\x74\x33\x81\xf9\xff\xff\x00\x00\x75\x3d\x48\x8d\x05\x42\x5a\x00\x00\xeb\x3b\x81\xf9\xfb\xff" +
	"\x00\x00\x74\x23\x81\xf9\xfc\xff\x00\x00\x75\x24\x48\x8d\x05\xdb\x5a\x00\x00\xeb\x22\x48\x8d\x05\x16\x57\x00\x00\xeb\x19\x48\x8d" +
	"\x05\xc3\x5a\x00\x00\xeb\x10\x48\x8d\x05\x78\x5a\x00\x00\xeb\x07\x48\x8d\x05\x8a\x57\x00\x00\x5d\xc3\x55\x48\x89\xe5\x41\x56\x53" +
	"\x48\x83\xec\x10\x49\x89\xf6\x48\x89\xfb\x48\x8d\x15\xa2\x5a\x00\x00\x48\x8d\x4d\xe8\xe8\x64\xe2\xff\xff\x85\xc0\x74\x42\x48\x89" +
	"\xdf\x4c\x89\xf6\xe8\x48\x8c\xff\xff\x48\x3d\xff\xff\x10\x00\x77\x3c\x89\xc1\x81\xe1\x00\xf8\x1f\x00\x81\xf9\x00\xd8\x00\x00\x74" +
	"\x2c\x4c\x8d\x75\xe4\x4c\x89\xf7\x48\x89\xc6\xe8\xef\xd8\xff\xff\x48\x89\xdf\x4c\x89\xf6\x48\x89\xc2\xe8\x3e\xb6\xff\xff\xeb\x04" +
	"\x48\x8b\x45\xe8\x48\x83\xc4\x10\x5b\x41\x5e\x5d\xc3\x48\x8d\x35\x4f\x58\x00\x00\xba\x16\x00\x00\x00\x48\x89\xdf\x48\x83\xc4\x10" +
	"\x5b\x41\x5e\x5d\xe9\xfb\xdf\xff\xff\x55\x48\x89\xe5\x41\x56\x53\x48\x83\xec\x10\x48\x89\xf3\x49\x89\xfe\x48\x8d\x15\x59\x57\x00" +
	"\x00\x48\x8d\x4d\xe8\xe8\x5f\xfa\xff\xff\x85\xc0\x74\x4e\x48\xb8\xff\xff\xff\xff\xff\xff\x00\x00\x48\x21\xc3\x48\x8b\x73\x08\x48" +
	"\x85\xf6\x74\x45\x48\x83\xc3\x10\x48\x8d\x55\xe8\x48\x89\xdf\xe8\x51\x00\x00\x00\x66\x48\x0f\x6e\xc0\x66\x0f\x62\x05\x9f\x55\x00" +
	"\x00\x66\x0f\x5c\x05\x87\x55\x00\x00\x66\x0f\x28\xc8\x66\x0f\x15\xc8\xf2\x0f\x58\xc8\x66\x48\x0f\x7e\xc8\xeb\x04\x48\x8b\x45\xe8" +
	"\x48\x83\xc4\x10\x5b\x41\x5e\x5d\xc3\x48\x8d\x35\xa7\x59\x00\x00\xba\x16\x00\x00\x00\x4c\x89\xf7\x48\x83\xc4\x10\x5b\x41\x5e\x5d" +
	"\xe9\x5f\xdf\xff\xff\x55\x48\x89\xe5\x44\x0f\xb6\x07\x45\x84\xc0\x78\x0f\x48\xc7\x02\x01\x00\x00\x00\x4c\x89\xc0\xe9\xba\x00\x00" +
	"\x00\x41\x8d\x48\x10\xb8\x03\x00\x00\x00\x80\xf9\x05\x72\x1a\xb8\x02\x00\x00\x00\x41\x80\xf8\xdf\x77\x0f\xb8\x01\x00\x00\x00\x41" +
	"\x80\xf8\xc1\x0f\x86\x86\x00\x00\x00\x89\xc1\x48\xc7\x02\x01\x00\x00\x00\xb8\xfd\xff\x00\x00\x48\x39\xf1\x73\x7f\xbe\x3f\x00\x00" +
	"\x00\xd3\xee\x44\x21\xc6\x4c\x8d\x41\x01\x45\x31\xc9\x49\x89\xf2\x42\x0f\xb6\x74\x0f\x01\x41\x89\xf3\x41\x83\xe3\xc0\x41\x81\xfb" +
	"\x80\x00\x00\x00\x75\x55\x4d\x89\xd3\x49\xc1\xe3\x06\x83\xe6\x3f\x4c\x09\xde\x49\xff\xc1\x4c\x39\xc9\x75\xd2\x48\xbf\xe0\xff\xff" +
	"\xff\xff\xff\xff\x03\x49\x21\xfa\x49\x81\xfa\x60\x03\x00\x00\x74\x2a\x48\x81\xfe\xff\xff\x10\x00\x77\x21\x48\x8d\x3d\x0f\x5a\x00" +
	"\x00\x48\x3b\x34\xcf\x72\x14\x4c\x89\x02\x48\x89\xf0\xeb\x0c\x48\xc7\x02\x01\x00\x00\x00\xb8\xfd\xff\x00\x00\x5d\xc3\x55\x48\x89" +
	"\xe5\x41\x56\x53\x48\x83\xec\x10\x48\x89\xf3\x49\x89\xfe\x48\x8d\x15\xcd\x58\x00\x00\x48\x8d\x4d\xe8\xe8\xeb\xf8\xff\xff\x85\xc0" +
	"\x74\x13\x4c\x89\xf7\x48\x89\xde\x48\x83\xc4\x10\x5b\x41\x5e\x5d\xe9\x48\xb8\xff\xff\x48\x8b\x45\xe8\x48\x83\xc4\x10\x5b\x41\x5e" +
	"\x5d\xc3\x55\x48\x89\xe5\x41\x57\x41\x56\x41\x55\x41\x54\x53\x50\x48\x89\xf3\x49\x89\xfe\x48\x8d\x15\x2b\x58\x00\x00\x48\x8d\x4d" +
	"\xd0\xe8\xa3\xf8\xff\xff\x85\xc0\x74\x7c\x48\xb8\xff\xff\xff\xff\xff\xff\x00\x00\x48\x21\xc3\x48\x8b\x73\x08\x4c\x89\xf7\xe8\x67" +
	"\xa7\xff\xff\x49\x89\xc7\x48\x8b\x73\x08\x48\x85\xf6\x74\x5b\x4c\x8d\x6b\x10\x45\x31\xe4\x4b\x8d\x3c\x2c\x4c\x29\xe6\x48\x8d\x55" +
	"\xd0\xe8\x7f\xfe\xff\xff\x66\x48\x0f\x6e\xc0\x66\x0f\x62\x05\xcd\x53\x00\x00\x66\x0f\x5c\x05\xb5\x53\x00\x00\x66\x0f\x28\xc8\x66" +
	"\x0f\x15\xc8\xf2\x0f\x58\xc8\x66\x48\x0f\x7e\xca\x4c\x89\xf7\x4c\x89\xfe\xe8\xcd\xb8\xff\xff\x4c\x03\x65\xd0\x48\x8b\x73\x08\x49" +
	"\x39\xf4\x72\xb2\xeb\x04\x4c\x8b\x7d\xd0\x4c\x89\xf8\x48\x83\xc4\x08\x5b\x41\x5c\x41\x5d\x41\x5e\x41\x5f\x5d\xc3\x55\x48\x89\xe5" +
	"\x48\x8d\x15\x63\x55\x00\x00\xb9\x01\x00\x00\x00\x5d\xe9\x00\x00\x00\x00\x55\x48\x89\xe5\x41\x57\x41\x56\x41\x54\x53\x48\x83\xec" +
	"\x10\x89\xcb\x49\x89\xf6\x49\x89\xff\x48\x8d\x4d\xd8\xe8\xd7\xf7\xff\xff\x85\xc0\x74\x67\x49\xbc\xff\xff\xff\xff\xff\xff\x00\x00" +
	"\x4d\x21\xe6\x49\x8b\x56\x08\x49\x83\xc6\x10\x4c\x89\xff\x4c\x89\xf6\xe8\x46\xb3\xff\xff\x48\x89\xc1\x4c\x21\xe1\x48\x8b\x71\x08" +
	"\x48\x85\xf6\x74\x3c\x31\xd2\x40\x8a\x7c\x11\x10\x85\xdb\x74\x21\x44\x8d\x47\x9f\x41\x80\xf8\x1a\x73\x0d\x40\x80\xf7\x20\x40\x88" +
	"\x7c\x11\x10\x48\x8b\x71\x08\x48\xff\xc2\x48\x39\xf2\x72\xd8\xeb\x10\x44\x8d\x47\xbf\x41\x80\xf8\x19\x76\xdf\xeb\xea\x48\x8b\x45" +
	"\xd8\x48\x83\xc4\x10\x5b\x41\x5c\x41\x5e\x41\x5f\x5d\xc3\x55\x48\x89\xe5\x48\x8d\x15\x4b\x55\x00\x00\x31\xc9\x5d\xe9\x51\xff\xff" +
	"\xff\x55\x48\x89\xe5\x41\x56\x53\x48\x83\xec\x10\x49\x89\xf6\x48\x89\xfb\x48\x8d\x15\xa3\x54\x00\x00\x48\x8d\x4d\xe8\xe8\x27\xf7" +
	"\xff\xff\x85\xc0\x74\x59\x48\xb8\xff\xff\xff\xff\xff\xff\x00\x00\x49\x21\xc6\x49\x8b\x56\x08\x31\xc0\x48\x85\xd2\x74\x53\x41\x0f" +
	"\xb6\x4c\x06\x10\x8d\x71\xf7\x83\xfe\x05\x73\x0a\x48\xff\xc0\x48\x39\xc2\x75\xea\xeb\x36\x83\xf9\x20\x74\xf1\x48\x39\xc2\x76\x33" +
	"\x41\x0f\xb6\x4c\x16\x0f\x8d\x71\xf7\x83\xfe\x05\x73\x0a\x48\xff\xca\x48\x39\xc2\x77\xea\xeb\x36\x83\xf9\x20\x74\xf1\xeb\x14\x48" +
	"\x8b\x45\xe8\x48\x83\xc4\x10\x5b\x41\x5e\x5d\xc3\x48\x89\xd0\xeb\x02\x31\xd2\x49\x8d\x34\x06\x48\x83\xc6\x10\x48\x29\xc2\x48\x89" +
	"\xdf\x48\x83\xc4\x10\x5b\x41\x5e\x5d\xe9\x2e\xb2\xff\xff\x48\x89\xc2\xeb\xe0\x55\x48\x89\xe5\x41\x57\x41\x56\x41\x55\x41\x54\x53" +
	"\x48\x83\xec\x28\x49\x89\xd4\x49\x89\xf6\x48\x89\xfb\x48\x8d\x15\xe2\x53\x00\x00\x48\x8d\x4d\xd0\xe8\x6c\xf6\xff\xff\x85\xc0\x0f" +
	"\x84\xf2\x00\x00\x00\x48\x8d\x15\xca\x53\x00\x00\x48\x8d\x4d\xd0\x48\x89\xdf\x4c\x89\xe6\xe8\x4e\xf6\xff\xff\x85\xc0\x0f\x84\xd4" +
	"\x00\x00\x00\x49\xbf\xff\xff\xff\xff\xff\xff\x00\x00\xbe\x04\x00\x00\x00\x48\x89\xdf\xe8\x10\xa5\xff\xff\x49\x89\xc5\x4c\x89\xf8" +
	"\x4d\x89\xe7\x49\x21\xc7\x49\x83\x7f\x08\x00\x0f\x84\xbc\x00\x00\x00\x4c\x89\x6d\xc8\x45\x31\xed\x4c\x89\xf7\x4c\x89\xe6\x31\xd2" +
	"\x48\x89\x45\xc0\xe8\x85\xb3\xff\xff\x4c\x89\x65\xb0\x4c\x89\x75\xb8\x4c\x21\x75\xc0\x48\x85\xc0\x78\x4e\x49\x89\xc4\x48\x8b\x45" +
	"\xc0\x4c\x8d\x70\x10\x45\x31\xed\x4b\x8d\x34\x2e\x4c\x89\xe2\x4c\x29\xea\x48\x89\xdf\xe8\x62\xb1\xff\xff\x48\x89\xdf\x48\x8b\x75" +
	"\xc8\x48\x89\xc2\xe8\x5b\xb6\xff\xff\x4d\x89\xe5\x4d\x03\x6f\x08\x48\x8b\x7d\xb8\x48\x8b\x75\xb0\x4c\x89\xea\xe8\x2e\xb3\xff\xff" +
	"\x49\x89\xc4\x48\x85\xc0\x79\xc0\x48\x8b\x45\xc0\x4a\x8d\x34\x28\x48\x83\xc6\x10\x48\x8b\x50\x08\x4c\x29\xea\x48\x89\xdf\xe8\x19" +
	"\xb1\xff\xff\x48\x89\xdf\x4c\x8b\x6d\xc8\x4c\x89\xee\x48\x89\xc2\xe8\x0f\xb6\xff\xff\xeb\x04\x4c\x8b\x6d\xd0\x4c\x89\xe8\x48\x83" +
	"\xc4\x28\x5b\x41\x5c\x41\x5d\x41\x5e\x41\x5f\x5d\xc3\x49\x21\xc6\x49\x8b\x76\x08\x48\x85\xf6\x74\xe2\x49\x8d\x46\x10\x48\x89\x45" +
	"\xc8\x45\x31\xff\x4c\x89\x75\xb8\x4d\x89\xee\x48\x8b\x45\xc8\x4e\x8d\x2c\x38\x4c\x29\xfe\x4c\x89\xef\x48\x8d\x55\xd0\xe8\x43\xfb" +
	"\xff\xff\x4c\x8b\x65\xd0\x48\x89\xdf\x4c\x89\xee\x4d\x89\xf5\x4c\x89\xe2\xe8\xa5\xb0\xff\xff\x48\x89\xdf\x4c\x89\xf6\x48\x89\xc2" +
	"\xe8\x9f\xb5\xff\xff\x4d\x01\xe7\x4c\x8b\x75\xb8\x49\x8b\x76\x08\x49\x39\xf7\x72\xb3\xeb\x84\x55\x48\x89\xe5\x41\x57\x41\x56\x41" +
	"\x55\x41\x54\x53\x48\x83\xec\x28\x49\x89\xd4\x49\x89\xf7\x48\x89\xfb\x48\x8d\x15\xd2\x52\x00\x00\x48\x8d\x4d\xb8\xe8\x2d\x01\x00" +
	"\x00\x85\xc0\x0f\x84\x03\x01\x00\x00\x48\x8d\x15\xba\x52\x00\x00\x48\x8d\x4d\xb8\x48\x89\xdf\x4c\x89\xe6\xe8\xaa\xf4\xff\xff\x85" +
	"\xc0\x0f\x84\xe5\x00\x00\x00\x48\x89\x5d\xb8\xba\x09\x00\x00\x00\x48\x89\xdf\xbe\x01\x00\x00\x00\xe8\x36\xd4\xff\xff\x48\x83\xc0" +
	"\x08\x31\xc9\x0f\x57\xc0\x0f\x11\x04\x08\x48\x83\xc1\x10\x48\x83\xf9\x40\x75\xf2\x48\xb9\xff\xff\xff\xff\xff\xff\x00\x00\x48\x89" +
	"\x45\xc0\x48\xc7\x45\xc8\x00\x00\x00\x00\x48\xc7\x45\xd0\x40\x00\x00\x00\x49\x21\xcf\x49\x83\x7f\x08\x00\x0f\x84\x92\x00\x00\x00" +
	"\x48\x89\x5d\xb0\x49\x21\xcc\x4d\x89\xe6\x49\x83\xc4\x10\x31\xdb\x4c\x8d\x6d\xb8\x48\x85\xdb\x74\x0f\x49\x8b\x56\x08\x4c\x89\xef" +
	"\x4c\x89\xe6\xe8\x04\xa2\xff\xff\x49\x8b\x47\x18\x48\x8b\x54\xd8\x08\x48\x89\xd0\x48\xc1\xe8\x30\x3d\xfb\xff\x00\x00\x75\x25\x48" +
	"\xb8\xff\xff\xff\xff\xff\xff\x00\x00\x48\x21\xc2\x48\x8b\x42\x08\x48\x83\xc2\x10\x4c\x89\xef\x48\x89\xd6\x48\x89\xc2\xe8\xca\xa1" +
	"\xff\xff\xeb\x11\x48\x8b\x7d\xb0\x4c\x89\xee\x31\xc9\x45\x31\xc0\xe8\x45\xb9\xff\xff\x48\xff\xc3\x49\x3b\x5f\x08\x72\x96\x48\x8b" +
	"\x5d\xb8\x48\x8b\x45\xc0\x48\x8b\x55\xc8\xeb\x08\x48\x8b\x45\xb8\xeb\x0d\x31\xd2\x48\x89\xdf\x48\x89\xc6\xe8\x3d\xaf\xff\xff\x48" +
	"\x83\xc4\x28\x5b\x41\x5c\x41\x5d\x41\x5e\x41\x5f\x5d\xc3\x55\x48\x89\xe5\x41\x57\x41\x56\x41\x55\x41\x54\x53\x48\x83\xec\x28\x48" +
	"\x89\xcb\x48\x89\xf1\x48\xc1\xe9\x30\xb8\x01\x00\x00\x00\x48\x81\xf9\xfc\xff\x00\x00\x0f\x84\xcb\x00\x00\x00\x49\x89\xd4\x49\x89" +
	"\xf7\x48\x81\xf9\xf8\x7f\x00\x00\x0f\x94\xc0\x48\x89\xf2\x48\xc1\xe2\x10\x0f\x95\xc2\x48\x81\xf9\xfc\x7f\x00\x00\x0f\x84\x9f\x00" +
	"\x00\x00\x20\xd0\x0f\x85\x97\x00\x00\x00\x49\x89\xfe\x48\x89\x7d\xb8\xba\x09\x00\x00\x00\xbe\x01\x00\x00\x00\xe8\xd3\xd2\xff\xff" +
	"\x48\x83\xc0\x08\x31\xc9\x0f\x57\xc0\x0f\x11\x04\x08\x48\x83\xc1\x10\x48\x83\xf9\x40\x75\xf2\x48\x89\x45\xc0\x48\xc7\x45\xc8\x00" +
	"\x00\x00\x00\x48\xc7\x45\xd0\x40\x00\x00\x00\x48\xc7\xc2\xff\xff\xff\xff\x41\x80\x7c\x14\x01\x00\x48\x8d\x52\x01\x75\xf4\x4c\x8d" +
	"\x6d\xb8\x4c\x89\xef\x4c\x89\xe6\xe8\xbf\xa0\xff\xff\x48\x8d\x35\x9a\x51\x00\x00\xba\x13\x00\x00\x00\x4c\x89\xef\xe8\xab\xa0\xff" +
	"\xff\x4c\x89\xef\x4c\x89\xfe\xe8\x75\x37\x00\x00\x49\x8b\x75\x08\x49\x8b\x55\x10\x4c\x89\xf7\xe8\x28\xd8\xff\xff\x48\x89\x03\xeb" +
	"\x03\x4c\x89\x3b\x31\xc0\x48\x83\xc4\x28\x5b\x41\x5c\x41\x5d\x41\x5e\x41\x5f\x5d\xc3\x55\x48\x89\xe5\x41\x57\x41\x56\x41\x55\x41" +
	"\x54\x53\x48\x83\xec\x58\x49\x89\xce\x49\x89\xd5\x48\x89\xf3\x49\x89\xfc\x48\x8d\x15\x90\x4e\x00\x00\x48\x8d\x4d\xb0\xe8\x67\xf2" +
	"\xff\xff\x85\xc0\x0f\x84\x55\x01\x00\x00\x48\x8d\x15\x78\x4e\x00\x00\x48\x8d\x4d\xb0\x4c\x89\xe7\x4c\x89\xee\xe8\x49\xf2\xff\xff" +
	"\x85\xc0\x0f\x84\x37\x01\x00\x00\x48\x8d\x15\x5a\x4e\x00\x00\x48\x8d\x4d\xb0\x4c\x89\xe7\x4c\x89\xf6\xe8\x2b\xf2\xff\xff\x85\xc0" +
	"\x0f\x84\x19\x01\x00\x00\x49\xbf\xff\xff\xff\xff\xff\xff\x00\x00\x4c\x89\xe8\x4c\x21\xf8\x48\x83\x78\x08\x00\x0f\x84\x02\x01\x00" +
	"\x00\x48\x89\xd9\x4c\x21\xf9\x4c\x89\x75\xa8\x48\x89\x4d\xd0\x4c\x8b\x71\x08\x49\xff\xc6\x4c\x89\x65\xb0\x4c\x89\xe7\x4c\x89\xf6" +
	"\x48\x89\x45\x88\xe8\x13\x08\x00\x00\x48\x89\x45\xb8\x48\xc7\x45\xc0\x00\x00\x00\x00\x4c\x89\x75\xc8\x45\x31\xe4\x48\x89\xdf\x4c" +
	"\x89\xee\x31\xd2\xe8\x45\xaf\xff\xff\x4c\x89\x6d\x90\x48\x85\xc0\x48\x89\x5d\x98\x78\x6c\x49\x89\xc5\x48\x8b\x45\xd0\x48\x83\xc0" +
	"\x10\x48\x89\x45\xa0\x48\x8b\x45\xa8\x4c\x21\xf8\x48\x89\xc3\x4c\x8d\x70\x10\x45\x31\xe4\x4c\x8d\x7d\xb0\x48\x8b\x45\xa0\x4a\x8d" +
	"\x34\x20\x4c\x89\xea\x4c\x29\xe2\x4c\x89\xff\xe8\x5c\x9f\xff\xff\x48\x8b\x53\x08\x4c\x89\xff\x4c\x89\xf6\xe8\x4d\x9f\xff\xff\x4d" +
	"\x89\xec\x48\x8b\x45\x88\x4c\x03\x60\x08\x48\x8b\x7d\x98\x48\x8b\x75\x90\x4c\x89\xe2\xe8\xd4\xae\xff\xff\x49\x89\xc5\x48\x85\xc0" +
	"\x79\xb8\x48\x8b\x45\xd0\x4a\x8d\x34\x20\x48\x83\xc6\x10\x48\x8b\x50\x08\x4c\x29\xe2\x48\x8d\x5d\xb0\x48\x89\xdf\xe8\x0b\x9f\xff" +
	"\xff\x48\x8b\x3b\x48\x8b\x73\x08\x48\x8b\x53\x10\x48\x83\xc4\x58\x5b\x41\x5c\x41\x5d\x41\x5e\x41\x5f\x5d\xe9\x9d\xac\xff\xff\x48" +
	"\x8b\x5d\xb0\x48\x89\xd8\x48\x83\xc4\x58\x5b\x41\x5c\x41\x5d\x41\x5e\x41\x5f\x5d\xc3\x55\x48\x89\xe5\x41\x57\x41\x56\x53\x50\x48" +
	"\x89\xd3\x49\x89\xf6\x49\x89\xff\x48\x8d\x15\x02\x4d\x00\x00\x48\x8d\x4d\xe0\xe8\xd1\xf0\xff\xff\x85\xc0\x74\x38\x48\x8d\x15\xee" +
	"\x4c\x00\x00\x48\x8d\x4d\xe0\x4c\x89\xff\x48\x89\xde\xe8\xb7\xf0\xff\xff\x85\xc0\x74\x1e\x48\xb8\xff\xff\xff\xff\xff\xff\x00\x00" +
	"\x48\x21\xc3\x48\x8b\x4b\x08\x49\x21\xc6\x49\x3b\x4e\x08\x76\x13\x31\xc0\xeb\x04\x48\x8b\x45\xe0\x48\x83\xc4\x08\x5b\x41\x5e\x41" +
	"\x5f\x5d\xc3\x48\xb8\x00\x00\x00\x00\x00\x00\xf0\x3f\x48\x85\xc9\x74\xe6\x31\xd2\x41\x8a\x74\x16\x10\x40\x3a\x74\x13\x10\x75\xd0" +
	"\x48\xff\xc2\x48\x39\xd1\x75\xec\xeb\xce\x55\x48\x89\xe5\x41\x57\x41\x56\x53\x50\x48\x89\xd3\x49\x89\xf6\x49\x89\xff\x48\x8d\x15" +
	"\xe0\x4c\x00\x00\x48\x8d\x4d\xe0\xe8\x3c\xf0\xff\xff\x85\xc0\x74\x3b\x48\x8d\x15\xcc\x4c\x00\x00\x48\x8d\x4d\xe0\x4c\x89\xff\x48" +
	"\x89\xde\xe8\x22\xf0\xff\xff\x85\xc0\x74\x21\x48\xb8\xff\xff\xff\xff\xff\xff\x00\x00\x48\x21\xc3\x48\x8b\x4b\x08\x49\x21\xc6\x49" +
	"\x8b\x56\x08\x48\x39\xd1\x76\x13\x31\xc0\xeb\x04\x48\x8b\x45\xe0\x48\x83\xc4\x08\x5b\x41\x5e\x41\x5f\x5d\xc3\x48\xb8\x00\x00\x00" +
	"\x00\x00\x00\xf0\x3f\x48\x85\xc9\x74\xe6\x49\x01\xd6\x49\x29\xce\x49\x83\xc6\x10\x31\xd2\x41\x8a\x34\x16\x40\x3a\x74\x13\x10\x75" +
	"\xc7\x48\xff\xc2\x48\x39\xd1\x75\xed\xeb\xc5\x55\x48\x89\xe5\x41\x57\x41\x56\x41\x55\x41\x54\x53\x50\x48\x89\xd3\x49\x89\xf6\x49" +
	"\x89\xff\x48\x89\xf0\x48\xc1\xe8\x30\x3d\xfc\xff\x00\x00\x75\x48\x49\xbc\x00\x00\x00\x00\x00\x00\xf0\xbf\x48\xb8\xff\xff\xff\xff" +
	"\xff\xff\x00\x00\x49\x21\xc6\x49\x83\x7e\x08\x00\x0f\x84\x9f\x00\x00\x00\x45\x31\xed\x49\x8b\x46\x18\x4a\x8b\x74\xe8\x08\x4c\x89" +
	"\xff\x48\x89\xda\xe8\x3a\x8a\xff\xff\x85\xc0\x75\x5e\x49\xff\xc5\x4d\x3b\x6e\x08\x72\xdf\xeb\x79\x48\x8d\x15\x03\x4c\x00\x00\x48" +
	"\x8d\x4d\xd0\x4c\x89\xff\x4c\x89\xf6\xe8\x3b\xef\xff\xff\x85\xc0\x74\x33\x48\x8d\x15\xe9\x4b\x00\x00\x48\x8d\x4d\xd0\x4c\x89\xff" +
	"\x48\x89\xde\xe8\x21\xef\xff\xff\x85\xc0\x74\x19\x4c\x89\xf7\x48\x89\xde\x31\xd2\xe8\x95\xac\xff\xff\xf2\x48\x0f\x2a\xc0\x66\x49" +
	"\x0f\x7e\xc4\xeb\x2c\x4c\x8b\x65\xd0\xeb\x26\x66\x49\x0f\x6e\xc5\x66\x0f\x62\x05\x68\x4a\x00\x00\x66\x0f\x5c\x05\x50\x4a\x00\x00" +
	"\x66\x0f\x28\xc8\x66\x0f\x15\xc8\xf2\x0f\x58\xc8\x66\x49\x0f\x7e\xcc\x4c\x89\xe0\x48\x83\xc4\x08\x5b\x41\x5c\x41\x5d\x41\x5e\x41" +
	"\x5f\x5d\xc3\x55\x48\x89\xe5\x41\x57\x41\x56\x53\x50\x49\x89\xd6\x48\x89\xf3\x49\x89\xff\x48\x8d\x15\x88\x4a\x00\x00\x48\x8d\x4d" +
	"\xe0\xe8\x08\xfb\xff\xff\x85\xc0\x74\x10\x4c\x89\xff\x48\x89\xde\x4c\x89\xf2\xe8\x2c\xaf\xff\xff\xeb\x04\x48\x8b\x5d\xe0\x48\x89" +
	"\xd8\x48\x83\xc4\x08\x5b\x41\x5e\x41\x5f\x5d\xc3\x55\x48\x89\xe5\x41\x56\x53\x48\x83\xec\x10\x49\x89\xf6\x48\x89\xfb\x48\x8d\x15" +
	"\x91\x4c\x00\x00\x48\x8d\x4d\xe8\xe8\xc1\xfa\xff\xff\x85\xc0\x74\x28\x48\xb8\xff\xff\xff\xff\xff\xff\x00\x00\x49\x21\xc6\x49\x8b" +
	"\x46\x08\x48\x85\xc0\x74\x1f\x49\x8b\x4e\x18\x48\x8d\x50\xff\x49\x89\x56\x08\x48\x8b\x04\xc1\xeb\x04\x48\x8b\x45\xe8\x48\x83\xc4" +
	"\x10\x5b\x41\x5e\x5d\xc3\x48\x8d\x35\xda\x4a\x00\x00\xba\x16\x00\x00\x00\x48\x89\xdf\x48\x83\xc4\x10\x5b\x41\x5e\x5d\xe9\x82\xd3" +
	"\xff\xff\x55\x48\x89\xe5\x48\x8d\x0d\x30\x4d\x00\x00\x31\xd2\x5d\xe9\x00\x00\x00\x00\x55\x48\x89\xe5\x41\x57\x41\x56\x41\x55\x41" +
	"\x54\x53\x48\x83\xec\x18\x41\x89\xd4\x48\x89\xf3\x49\x89\xfe\x48\xb8\xff\xff\xff\xff\xff\xff\x00\x00\x48\x89\xf2\x48\xc1\xea\x30" +
	"\x48\x81\xfa\xfd\xff\x00\x00\x75\x7e\x48\x21\xc3\x48\x8b\x73\x08\x4c\x89\xf7\xe8\x92\x9c\xff\xff\x48\x8b\x4b\x10\x48\x85\xc9\x74" +
	"\x51\x4c\x89\x75\xc8\x4c\x8b\x6b\x20\x49\x83\xc5\x08\x44\x89\xe2\x48\x89\x55\xd0\x45\x31\xf6\x49\xbf\xff\x00\x00\x00\x00\x00\xf8" +
	"\x7f\x4d\x39\x7d\x00\x74\x1f\x48\x8b\x4d\xd0\x49\x8b\x54\xcd\x00\x48\x8b\x7d\xc8\x49\x89\xc4\x48\x89\xc6\xe8\x05\xae\xff\xff\x4c" +
	"\x89\xe0\x48\x8b\x4b\x10\x49\xff\xc6\x49\x83\xc5\x10\x49\x39\xce\x72\xcf\x48\x89\xc3\x48\x89\xd8\x48\x83\xc4\x18\x5b\x41\x5c\x41" +
	"\x5d\x41\x5e\x41\x5f\x5d\xc3\x48\x81\xfa\xf8\x7f\x00\x00\x40\x0f\x94\xc6\x48\x85\xc3\x0f\x95\xc0\x48\x81\xfa\xfc\x7f\x00\x00\x74" +
	"\xd4\x40\x20\xc6\x75\xcf\x4c\x89\xf7\x48\x89\xce\x48\x89\xda\x31\xc9\x48\x83\xc4\x18\x5b\x41\x5c\x41\x5d\x41\x5e\x41\x5f\x5d\xe9" +
	"\xe4\x99\xff\xff\x55\x48\x89\xe5\x48\x8d\x0d\xd9\x4c\x00\x00\xba\x01\x00\x00\x00\x5d\xe9\xfb\xfe\xff\xff\x55\x48\x89\xe5\x41\x56" +
	"\x53\x48\x83\xec\x10\x48\x89\xf3\x48\x89\xf0\x48\xc1\xe8\x30\x48\x3d\xfd\xff\x00\x00\x0f\x84\x84\x00\x00\x00\x3d\xfc\xff\x00\x00" +
	"\x0f\x85\xc1\x00\x00\x00\x48\xb8\xff\xff\xff\xff\xff\xff\x00\x00\x48\x21\xc3\x48\x8b\x43\x08\x48\x8d\x4d\xe8\x48\x89\xd6\x48\x89" +
	"\xc2\xe8\x0a\x9f\xff\xff\x85\xc0\x0f\x84\xd1\x00\x00\x00\x48\x8b\x73\x08\x48\x8b\x4b\x18\x48\x8b\x55\xe8\x48\x8b\x44\xd1\x08\x48" +
	"\x89\xd7\x48\xf7\xd7\x48\x01\xf7\x48\xc1\xe7\x03\x48\x85\xff\x74\x22\x48\xc1\xe2\x03\x48\x8d\x34\xf5\xf8\xff\xff\xff\x40\x8a\x7c" +
	"\x11\x10\x40\x88\x7c\x11\x08\x48\xff\xc2\x48\x39\xd6\x75\xee\x48\x8b\x73\x08\x48\xff\xce\x48\x89\x73\x08\xe9\x90\x00\x00\x00\x49" +
	"\xbe\xff\x00\x00\x00\x00\x00\xf8\x7f\x48\x89\xde\xe8\x45\x9f\xff\xff\x48\x85\xc0\x78\x7e\x48\xb9\xff\xff\xff\xff\xff\xff\x00\x00" +
	"\x48\x21\xcb\x48\x8b\x4b\x20\x48\xc1\xe0\x04\x48\x8b\x54\x01\x10\x4c\x89\x74\x01\x08\x48\xc7\x44\x01\x10\x00\x00\x00\x00\x48\xff" +
	"\x4b\x08\x48\x89\xd3\xeb\x57\x48\x3d\xf8\x7f\x00\x00\x0f\x94\xc1\x48\x89\xda\x48\xc1\xe2\x10\x0f\x95\xc2\x48\x3d\xfc\x7f\x00\x00" +
	"\x74\x3c\x20\xd1\x75\x38\x48\x8d\x35\x52\x4a\x00\x00\x48\x89\xda\x31\xc9\x48\x83\xc4\x10\x5b\x41\x5e\x5d\xe9\xa9\x98\xff\xff\x48" +
	"\xb8\xff\x00\x00\x00\x00\x00\xf8\x7f\x48\x05\x01\x77\x64\x69\x48\x89\xc3\xeb\x0a\x49\x81\xc6\x01\x78\x65\x6b\x4c\x89\xf3\x48\x89" +
	"\xd8\x48\x83\xc4\x10\x5b\x41\x5e\x5d\xc3\x55\x48\x89\xe5\x41\x57\x41\x56\x41\x55\x41\x54\x53\x48\x83\xec\x18\x49\x89\xd5\x48\x89" +
	"\xf3\x49\x89\xfe\x48\x8d\x15\x03\x4b\x00\x00\x48\x8d\x4d\xd0\xe8\xda\xf7\xff\xff\x85\xc0\x0f\x84\x5d\x01\x00\x00\x48\x8d\x15\xeb" +
	"\x4a\x00\x00\x48\x8d\x4d\xd0\x4c\x89\xf7\x4c\x89\xee\xe8\xbc\xf7\xff\xff\x85\xc0\x0f\x84\x3f\x01\x00\x00\x49\xbc\xff\xff\xff\xff" +
	"\xff\xff\x00\x00\x4c\x21\xe3\x4c\x8b\x7b\x08\x4d\x21\xe5\x4d\x39\x7d\x08\x0f\x85\x34\x01\x00\x00\x4c\x89\x6d\xc0\x4a\x8d\x34\xfd" +
	"\x08\x00\x00\x00\x48\x89\x75\xc8\x4c\x89\xf7\xe8\x4c\x01\x00\x00\x49\x89\xc5\x4c\x89\xf7\x48\x8b\x75\xc8\xe8\x3d\x01\x00\x00\x4d" +
	"\x85\xff\x0f\x84\x94\x00\x00\x00\x49\x8d\x4f\x01\x48\x83\xe1\xfe\x49\x8d\x57\xff\x66\x48\x0f\x6e\xc2\x66\x0f\x70\xc0\x44\x66\x0f" +
	"\x6f\x0d\x7a\x46\x00\x00\x31\xd2\x66\x0f\x6f\x15\x80\x46\x00\x00\x66\x0f\xef\xc2\x66\x0f\x76\xdb\x66\x0f\x6f\x25\x50\x46\x00\x00" +
	"\x66\x0f\x6f\xe9\x66\x0f\xef\xea\x66\x0f\x6f\xf5\x66\x0f\x66\xf0\x66\x0f\x76\xe8\x66\x0f\x70\xfd\xf5\x66\x0f\xdb\xfe\x66\x0f\x70" +
	"\xee\xf5\x66\x0f\xeb\xef\x66\x0f\x7e\xee\xf7\xd6\x40\xf6\xc6\x01\x74\x05\x49\x89\x54\xd5\x00\x66\x0f\xef\xeb\x66\x0f\xc5\xf5\x04" +
	"\x40\xf6\xc6\x01\x74\x09\x48\x8d\x72\x01\x49\x89\x74\xd5\x08\x48\x83\xc2\x02\x66\x0f\xd4\xcc\x48\x39\xd1\x75\xa4\x48\x8b\x4d\xc0" +
	"\x48\x8b\x49\x18\x48\x83\xc1\x08\x4c\x89\xf7\x4c\x89\xee\x48\x89\xc2\x4d\x89\xf8\xe8\xc3\x00\x00\x00\x85\xc0\x74\x5d\x4c\x89\xf7" +
	"\x4c\x89\xfe\xe8\x22\x99\xff\xff\x49\x21\xc4\x4d\x85\xff\x74\x22\x31\xc9\x48\x8b\x53\x18\x49\x8b\x74\xcd\x00\x48\x8b\x54\xf2\x08" +
	"\x49\x8b\x74\x24\x18\x48\x89\x54\xce\x08\x48\xff\xc1\x49\x39\xcf\x75\xe0\x4d\x89\x7c\x24\x08\xeb\x04\x48\x8b\x45\xd0\x48\x83\xc4" +
	"\x18\x5b\x41\x5c\x41\x5d\x41\x5e\x41\x5f\x5d\xc3\x48\x8d\x35\x6e\x47\x00\x00\xba\x1f\x00\x00\x00\xeb\x0c\x48\x8d\x35\xdf\x48\x00" +
	"\x00\xba\x25\x00\x00\x00\x4c\x89\xf7\x48\x83\xc4\x18\x5b\x41\x5c\x41\x5d\x41\x5e\x41\x5f\x5d\xe9\x48\xcf\xff\xff\x55\x48\x89\xe5" +
	"\x53\x50\x48\x89\xf3\x48\x83\xc3\x07\x48\x89\xda\x48\xc1\xea\x03\x48\xff\xc2\xbe\x01\x00\x00\x00\xe8\x56\xc9\xff\xff\x48\x83\xc0" +
	"\x08\x48\x83\xe3\xf8\x74\x0e\x31\xc9\xc6\x04\x08\x00\x48\xff\xc1\x48\x39\xcb\x75\xf4\x48\x83\xc4\x08\x5b\x5d\xc3\x49\x83\xf8\x02" +
	"\x73\x0a\xb9\x01\x00\x00\x00\xe9\x6a\x01\x00\x00\x55\x48\x89\xe5\x41\x57\x41\x56\x41\x55\x41\x54\x53\x48\x83\xec\x28\x4d\x89\xc4" +
	"\x49\x89\xcd\x49\x89\xf7\x4c\x89\xc3\x48\xd1\xeb\x49\x89\xfe\x49\x89\xd8\x48\x89\x55\xc8\xe8\xc1\xff\xff\xff\x31\xc9\x85\xc0\x0f" +
	"\x84\x23\x01\x00\x00\x49\x8d\x34\xdf\x4d\x89\xe0\x49\x29\xd8\x4c\x89\x75\xb0\x4c\x89\xf7\x48\x8b\x55\xc8\x4c\x89\xe9\xe8\x9a\xff" +
	"\xff\xff\x31\xc9\x85\xc0\x0f\x84\xfc\x00\x00\x00\x4c\x89\x6d\xb8\x4c\x89\x65\xc0\x45\x31\xf6\x48\x89\xd9\x45\x31\xe4\x49\x89\xdd" +
	"\x48\x89\xcb\xc7\x45\xd4\x01\x00\x00\x00\x49\x8b\x04\xcf\x48\x8b\x4d\xb8\x48\x8b\x34\xc1\x4b\x8b\x04\xe7\x48\x8b\x14\xc1\x48\x8b" +
	"\x7d\xb0\x48\x8d\x4d\xd4\xe8\xfa\x92\xff\xff\x83\x7d\xd4\x00\x74\x56\x49\x8d\x0c\xdf\x4b\x8d\x14\xe7\x31\xf6\x85\xc0\x40\x0f\x99" +
	"\xc6\x48\x0f\x48\xd1\x49\x01\xf4\x89\xc1\xc1\xe9\x1f\x48\x01\xd9\x48\x8b\x12\x48\x8b\x75\xc8\x4a\x89\x14\xf6\x49\xff\xc6\x4d\x39" +
	"\xec\x73\x06\x48\x3b\x4d\xc0\x72\x97\x4d\x39\xec\x73\x1d\x4c\x8b\x4d\xc8\x4b\x8b\x14\xe7\x49\xff\xc4\x4b\x89\x14\xf1\x49\xff\xc6" +
	"\x4d\x39\xe5\x75\xed\xeb\x08\x31\xc9\xeb\x5d\x4c\x8b\x4d\xc8\x4c\x8b\x45\xc0\x4c\x39\xc1\x73\x30\x85\xc0\x0f\x99\xc1\x4b\x8d\x04" +
	"\xf1\xfe\xc1\x0f\xb6\xc9\x83\xe1\x01\x48\x01\xcb\x49\x8d\x0c\xdf\x4c\x89\xc2\x48\x29\xda\x31\xf6\x48\x8b\x3c\xf1\x48\x89\x3c\xf0" +
	"\x48\xff\xc6\x48\x39\xf2\x75\xf0\x49\xc1\xe0\x03\x4d\x85\xc0\x74\x12\x31\xc0\x41\x8a\x0c\x01\x41\x88\x0c\x07\x48\xff\xc0\x49\x39" +
	"\xc0\x75\xf0\xb9\x01\x00\x00\x00\x48\x83\xc4\x28\x5b\x41\x5c\x41\x5d\x41\x5e\x41\x5f\x5d\x89\xc8\xc3\x55\x48\x89\xe5\x48\x89\xf2" +
	"\x5d\xe9\x64\xfc\xff\xff\x55\x48\x89\xe5\x41\x57\x41\x56\x41\x55\x41\x54\x53\x48\x83\xec\x18\x48\x89\xf3\x49\x89\xfe\x48\x89\xf0" +
	"\x48\xc1\xe8\x30\x3d\xfb\xff\x00\x00\x0f\x85\x84\x00\x00\x00\x49\xbc\xff\xff\xff\xff\xff\xff\x00\x00\x4c\x21\xe3\x4c\x8b\x7b\x08" +
	"\x48\x83\xc3\x10\x4c\x89\xf7\x48\x89\xde\x4c\x89\xfa\xe8\x4a\xa3\xff\xff\x48\x89\x45\xc8\x4d\x85\xff\x74\x52\x4c\x23\x65\xc8\x4f" +
	"\x8d\x34\x3c\x49\x83\xc6\x10\x45\x31\xe4\x4e\x8d\x2c\x23\x4c\x89\xfe\x4c\x29\xe6\x4c\x89\xef\x48\x8d\x55\xd0\xe8\xa5\xed\xff\xff" +
	"\x48\x8b\x45\xd0\x48\x85\xc0\x74\x1c\x4c\x89\xf1\x4c\x29\xe1\x48\x29\xc1\x31\xd2\x41\x8a\x74\x15\x00\x40\x88\x34\x11\x48\xff\xc2" +
	"\x48\x39\xd0\x75\xef\x49\x01\xc4\x4d\x39\xfc\x72\xbd\x48\x8b\x45\xc8\xeb\x6b\x48\x8d\x15\xd1\x45\x00\x00\x48\x8d\x4d\xd0\x4c\x89" +
	"\xf7\x48\x89\xde\xe8\xa5\xf3\xff\xff\x85\xc0\x74\x4d\x49\xbc\xff\xff\xff\xff\xff\xff\x00\x00\x4c\x21\xe3\x4c\x8b\x7b\x08\x4c\x89" +
	"\xf7\x4c\x89\xfe\xe8\x01\x96\xff\xff\x49\x21\xc4\x4d\x85\xff\x74\x22\xbf\x08\x00\x00\x00\x4c\x89\xf9\x48\x8b\x53\x18\x48\x8b\x14" +
	"\xca\x49\x8b\x74\x24\x18\x48\x89\x14\x3e\x48\x83\xc7\x08\x48\xff\xc9\x75\xe6\x4d\x89\x7c\x24\x08\xeb\x04\x48\x8b\x45\xd0\x48\x83" +
	"\xc4\x18\x5b\x41\x5c\x41\x5d\x41\x5e\x41\x5f\x5d\xc3\x55\x48\x89\xe5\x41\x57\x41\x56\x53\x50\x48\x89\xf3\x49\x89\xfe\x48\x8d\x15" +
	"\x26\x45\x00\x00\x48\x8d\x4d\xe0\xe8\x21\xf3\xff\xff\x85\xc0\x74\x3d\x48\xb8\xff\xff\xff\xff\xff\xff\x00\x00\x48\x21\xc3\x48\x83" +
	"\x7b\x08\x00\x74\x2f\x45\x31\xff\x31\xc0\x48\x8b\x4b\x18\x4a\x8b\x4c\xf9\x08\xbe\x01\x00\x00\x00\x4c\x89\xf7\x48\x89\xc2\xe8\x26" +
	"\x79\xff\xff\x49\xff\xc7\x4c\x3b\x7b\x08\x72\xde\xeb\x08\x48\x8b\x45\xe0\xeb\x02\x31\xc0\x48\x83\xc4\x08\x5b\x41\x5e\x41\x5f\x5d" +
	"\xc3\x55\x48\x89\xe5\x41\x57\x41\x56\x41\x55\x41\x54\x53\x48\x83\xec\x38\x49\x89\xd7\x49\x89\xf6\x48\x89\xfb\x48\x8d\x15\xac\x44" +
	"\x00\x00\x48\x8d\x4d\xc8\xe8\xa3\xf2\xff\xff\x85\xc0\x0f\x84\xe1\x00\x00\x00\x48\x8d\x15\x94\x44\x00\x00\x48\x8d\x4d\xc8\x48\x89" +
	"\xdf\x4c\x89\xfe\xe8\x85\xf2\xff\xff\x85\xc0\x0f\x84\xc3\x00\x00\x00\x48\xb9\xff\xff\xff\xff\xff\xff\x00\x00\x49\x21\xce\x49\x8b" +
	"\x46\x08\x48\x89\x4d\xd0\x49\x21\xcf\x4d\x8b\x6f\x08\x4c\x39\xe8\x4c\x0f\x42\xe8\x48\x89\xdf\x4c\x89\xee\xe8\xcb\x94\xff\xff\x49" +
	"\x89\xc4\x4d\x85\xed\x0f\x84\x8f\x00\x00\x00\x4c\x89\x65\xc0\x48\xb8\xff\xff\xff\xff\xff\xff\x00\x00\x49\x21\xc4\x4c\x89\x75\xb8" +
	"\x4d\x89\xfe\x45\x31\xff\x48\x8b\x45\xb8\x48\x8b\x40\x18\x49\x8b\x4e\x18\xf2\x42\x0f\x10\x44\xf9\x08\xf2\x42\x0f\x10\x4c\xf8\x08" +
	"\x0f\x16\xc8\x0f\x29\x4d\xa0\xbe\x02\x00\x00\x00\x48\x89\xdf\xe8\x76\x94\xff\xff\x48\x89\xc1\x48\xba\xff\xff\xff\xff\xff\xff\x00" +
	"\x00\x48\x21\xd1\x48\x8b\x51\x18\x0f\x28\x45\xa0\x0f\x11\x42\x08\x48\xc7\x41\x08\x02\x00\x00\x00\x49\x8b\x4c\x24\x18\x4a\x89\x44" +
	"\xf9\x08\x49\xff\xc7\x4d\x39\xfd\x75\x9c\x4c\x89\x65\xd0\x4c\x8b\x65\xc0\xeb\x0a\x4c\x8b\x65\xc8\xeb\x0c\x4c\x21\x65\xd0\x48\x8b" +
	"\x45\xd0\x4c\x89\x68\x08\x4c\x89\xe0\x48\x83\xc4\x38\x5b\x41\x5c\x41\x5d\x41\x5e\x41\x5f\x5d\xc3\x55\x48\x89\xe5\x41\x57\x41\x56" +
	"\x41\x55\x41\x54\x53\x48\x83\xec\x18\x49\x89\xfe\x48\xbb\xff\xff\xff\xff\xff\xff\x00\x00\xe8\x82\xa4\xff\xff\x49\x89\xc4\x49\x21" +
	"\xdc\x49\x8b\x5c\x24\x08\x4c\x89\xf7\x48\x89\xde\xe8\xd9\x93\xff\xff\x48\x89\xc1\x48\x85\xdb\x0f\x84\x95\x00\x00\x00\x48\x89\x4d" +
	"\xd0\x49\x89\xcf\x48\xb8\xff\xff\xff\xff\xff\xff\x00\x00\x49\x21\xc7\x45\x31\xed\x66\x49\x0f\x6e\xc5\x66\x0f\x62\x05\x3f\x40\x00" +
	"\x00\x66\x0f\x5c\x05\x27\x40\x00\x00\x66\x0f\x28\xc8\x66\x0f\x15\xc8\x66\x0f\x58\xc8\x49\x8b\x44\x24\x18\xf2\x42\x0f\x10\x44\xe8" +
	"\x08\x66\x0f\x14\xc8\x66\x0f\x29\x4d\xc0\xbe\x02\x00\x00\x00\x4c\x89\xf7\xe8\x73\x93\xff\xff\x48\x89\xc1\x48\xba\xff\xff\xff\xff" +
	"\xff\xff\x00\x00\x48\x21\xd1\x48\x8b\x51\x18\x0f\x28\x45\xc0\x0f\x11\x42\x08\x48\xc7\x41\x08\x02\x00\x00\x00\x49\x8b\x4f\x18\x4a" +
	"\x89\x44\xe9\x08\x49\xff\xc5\x4c\x39\xeb\x75\x88\x48\x8b\x4d\xd0\xeb\x10\x49\x89\xcf\x48\xb8\xff\xff\xff\xff\xff\xff\x00\x00\x49" +
	"\x21\xc7\x49\x89\x5f\x08\x48\x89\xc8\x48\x83\xc4\x18\x5b\x41\x5c\x41\x5d\x41\x5e\x41\x5f\x5d\xc3\x55\x48\x89\xe5\x41\x57\x41\x56" +
	"\x53\x50\x48\x89\xfb\x48\x8b\xb7\xb8\xa3\x00\x00\xe8\xf9\x92\xff\xff\x49\x89\xc6\x48\x83\xbb\xb8\xa3\x00\x00\x00\x74\x42\x45\x31" +
	"\xff\x48\x8b\x83\xc0\xa3\x00\x00\x4a\x8b\x34\xf8\x48\xc7\xc2\xff\xff\xff\xff\x80\x7c\x16\x01\x00\x48\x8d\x52\x01\x75\xf5\x48\x89" +
	"\xdf\xe8\x76\x9f\xff\xff\x48\x89\xdf\x4c\x89\xf6\x48\x89\xc2\xe8\x70\xa4\xff\xff\x49\xff\xc7\x4c\x3b\xbb\xb8\xa3\x00\x00\x72\xc1" +
	"\x4c\x89\xf0\x48\x83\xc4\x08\x5b\x41\x5e\x41\x5f\x5d\xc3\x55\x48\x89\xe5\x41\x56\x53\x48\x83\xec\x10\x49\x89\xf6\x48\x89\xfb\x48" +
	"\x8d\x15\x95\x43\x00\x00\x48\x8d\x4d\xe8\xe8\x9a\xe3\xff\xff\x85\xc0\x74\x5e\x48\xb8\x00\x66\x64\x75\x00\x00\xf8\x7f\x48\x8b\x8b" +
	"\xc8\xa3\x00\x00\x48\x85\xc9\x74\x4c\x48\x8b\x11\x48\x85\xd2\x74\x44\x48\xbe\xff\xff\xff\xff\xff\xff\x00\x00\x49\x21\xf6\x49\x8b" +
	"\x76\x08\x48\x85\xf6\x74\x15\x31\xff\x44\x8a\x04\x3a\x45\x3a\x44\x3e\x10\x75\x0e\x48\xff\xc7\x48\x39\xfe\x75\xed\x80\x3c\x32\x3d" +
	"\x74\x1c\x48\x8b\x51\x08\x48\x83\xc1\x08\x48\x85\xd2\x75\xd3\xeb\x04\x48\x8b\x45\xe8\x48\x83\xc4\x10\x5b\x41\x5e\x5d\xc3\x48\x01" +
	"\xd6\x48\xff\xc6\x48\xc7\xc2\xff\xff\xff\xff\x80\x7c\x16\x01\x00\x48\x8d\x52\x01\x75\xf5\x48\x89\xdf\x48\x83\xc4\x10\x5b\x41\x5e" +
	"\x5d\xe9\x96\x9e\xff\xff\x55\x48\x89\xe5\x41\x57\x41\x56\x41\x55\x41\x54\x53\x48\x83\xec\x28\x49\x89\xfe\x48\x89\x7d\xb0\xba\x09" +
	"\x00\x00\x00\xbe\x01\x00\x00\x00\xe8\x86\xc2\xff\xff\x48\x89\xc3\x48\x83\xc3\x08\x31\xc0\x0f\x57\xc0\x0f\x11\x04\x03\x48\x83\xc0" +
	"\x10\x48\x83\xf8\x40\x75\xf2\x4c\x8d\x65\xb0\x49\x89\x5c\x24\x08\x49\xc7\x44\x24\x10\x00\x00\x00\x00\x49\xc7\x44\x24\x18\x40\x00" +
	"\x00\x00\x49\x8d\x86\x14\xb4\x00\x00\x48\x89\x45\xd0\x41\xb5\x01\x45\x31\xff\x49\x8b\x86\xd8\xa3\x00\x00\x49\x3b\x86\xe0\xa3\x00" +
	"\x00\x75\x31\x41\x83\xbe\xe8\xa3\x00\x00\x00\x75\x71\x4c\x89\xf7\xe8\xf8\x72\xff\xff\x49\x8b\x3e\xb9\x00\x10\x00\x00\x31\xf6\x48" +
	"\x8b\x55\xd0\xff\x57\x08\x48\x85\xc0\x7e\x48\x49\x89\x86\xe0\xa3\x00\x00\x31\xc0\x48\x8d\x48\x01\x49\x89\x8e\xd8\xa3\x00\x00\x45" +
	"\x8a\xac\x06\x14\xb4\x00\x00\x41\x80\xfd\x0a\x74\x50\xbe\x01\x00\x00\x00\x4c\x89\xe7\xe8\xd0\x01\x00\x00\x48\x8b\x5d\xb8\x48\x8b" +
	"\x45\xc0\x4c\x8d\x78\x01\x4c\x89\x7d\xc0\x44\x88\x2c\x03\x45\x31\xed\xeb\x80\x41\xc7\x86\xe8\xa3\x00\x00\x01\x00\x00\x00\x41\xf6" +
	"\xc5\x01\x74\x19\x48\xb8\x00\x66\x6f\x65\x00\x00\xf8\x7f\x48\x83\xc4\x28\x5b\x41\x5c\x41\x5d\x41\x5e\x41\x5f\x5d\xc3\x4d\x85\xff" +
	"\x74\x10\x31\xc0\x42\x80\x7c\x3b\xff\x0d\x0f\x94\xc0\x49\x29\xc7\xeb\x03\x45\x31\xff\x48\x8b\x7d\xb0\x48\x89\xde\x4c\x89\xfa\x48" +
	"\x83\xc4\x28\x5b\x41\x5c\x41\x5d\x41\x5e\x41\x5f\x5d\xe9\x4a\x9d\xff\xff\x55\x48\x89\xe5\x41\x57\x41\x56\x41\x55\x41\x54\x53\x48" +
	"\x83\xec\x28\x48\x89\xf3\x49\x89\xfe\x48\x8d\x15\x6a\x3f\x00\x00\x48\x8d\x4d\xb8\xe8\x90\xe1\xff\xff\x85\xc0\x0f\x84\xfe\x00\x00" +
	"\x00\x49\xbc\x00\x00\x6f\x69\x00\x00\xf8\x7f\x49\x8b\x3e\x48\xb8\xff\xff\xff\xff\xff\xff\x00\x00\x48\x21\xc3\x48\x83\xc3\x10\x48" +
	"\x89\xde\x31\xd2\xff\x57\x10\x48\x85\xc0\x0f\x88\xe8\x00\x00\x00\x49\x89\xc7\x4c\x89\x75\xb8\xba\x01\x02\x00\x00\x4c\x89\xf7\xbe" +
	"\x01\x00\x00\x00\xe8\xea\xc0\xff\xff\x48\x83\xc0\x08\x31\xc9\x0f\x57\xc0\x0f\x11\x04\x08\x48\x83\xc1\x10\x48\x81\xf9\x00\x10\x00" +
	"\x00\x75\xef\x48\x8d\x5d\xb8\x48\x89\x43\x08\x48\xc7\x43\x10\x00\x00\x00\x00\x48\xc7\x43\x18\x00\x10\x00\x00\xbe\x00\x10\x00\x00" +
	"\x48\x89\xdf\xe8\xa2\x00\x00\x00\x49\x8b\x3e\x4c\x8b\x6b\x08\x4c\x8b\x63\x10\x4b\x8d\x14\x2c\x48\x8b\x4b\x18\x4c\x29\xe1\x4c\x89" +
	"\xfe\xff\x57\x08\x48\x85\xc0\x78\x5c\x74\x37\x49\x01\xc4\x4c\x89\x65\xc8\xbe\x00\x10\x00\x00\x48\x89\xdf\xe8\x6b\x00\x00\x00\x49" +
	"\x8b\x3e\x4c\x8b\x6d\xc0\x4c\x8b\x65\xc8\x4b\x8d\x14\x2c\x48\x8b\x4d\xd0\x4c\x29\xe1\x4c\x89\xfe\xff\x57\x08\x48\x85\xc0\x78\x25" +
	"\x75\xc9\x49\x8b\x3e\x4c\x89\xfe\xff\x57\x18\x48\x8b\x7d\xb8\x4c\x89\xee\x4c\x89\xe2\xe8\x22\x9c\xff\xff\x49\x89\xc4\xeb\x19\x4c" +
	"\x8b\x65\xb8\xeb\x13\x49\x8b\x3e\x4c\x89\xfe\xff\x57\x18\x49\xbc\x00\x00\x6f\x69\x00\x00\xf8\x7f\x4c\x89\xe0\x48\x83\xc4\x28\x5b" +
	"\x41\x5c\x41\x5d\x41\x5e\x41\x5f\x5d\xc3\x48\x8b\x4f\x10\x48\x01\xf1\x48\x8b\x47\x18\x48\x39\xc1\x76\x44\x55\x48\x89\xe5\x41\x56" +
	"\x53\x48\x89\xfb\x4c\x8d\x34\x46\x48\x8b\x3f\x4c\x89\xf6\xe8\x69\xf6\xff\xff\x48\x8b\x4b\x10\x48\x85\xc9\x74\x16\x48\x8b\x53\x08" +
	"\x31\xf6\x40\x8a\x3c\x32\x40\x88\x3c\x30\x48\xff\xc6\x48\x39\xf1\x75\xf0\x48\x89\x43\x08\x4c\x89\x73\x18\x5b\x41\x5e\x5d\xc3\x55" +
	"\x48\x89\xe5\x41\x57\x41\x56\x41\x55\x41\x54\x53\x50\x49\x89\xd7\x49\x89\xf4\x49\x89\xfe\x48\x8d\x15\x9e\x3e\x00\x00\x48\x8d\x4d" +
	"\xd0\xe8\xe3\xdf\xff\xff\x85\xc0\x0f\x84\xa2\x00\x00\x00\x49\xbd\x00\x00\x6f\x69\x00\x00\xf8\x7f\x48\xbb\xff\xff\xff\xff\xff\xff" +
	"\x00\x00\x4c\x89\xf7\x4c\x89\xfe\xe8\xc2\xa3\xff\xff\x49\x89\xc7\x49\x8b\x3e\x49\x21\xdc\x49\x83\xc4\x10\xba\x01\x00\x00\x00\x4c" +
	"\x89\xe6\xff\x57\x10\x48\x85\xc0\x78\x7f\x49\x89\xc4\x49\x21\xdf\x49\x8b\x4f\x08\x48\x85\xc9\x74\x26\x4d\x8d\x6f\x10\x31\xdb\x49" +
	"\x8b\x3e\x4a\x8d\x14\x2b\x48\x29\xd9\x4c\x89\xe6\xff\x17\x48\x85\xc0\x7e\x43\x48\x01\xc3\x49\x8b\x4f\x08\x48\x39\xcb\x72\xe0\x49" +
	"\x8b\x3e\x4c\x89\xe6\xff\x57\x18\xf2\x41\x0f\x10\x47\x08\x0f\x14\x05\xcb\x3a\x00\x00\x66\x0f\x5c\x05\xb3\x3a\x00\x00\x66\x0f\x28" +
	"\xc8\x66\x0f\x15\xc8\xf2\x0f\x58\xc8\x66\x49\x0f\x7e\xcd\xeb\x19\x4c\x8b\x6d\xd0\xeb\x13\x49\x8b\x3e\x4c\x89\xe6\xff\x57\x18\x49" +
	"\xbd\x00\x00\x6f\x69\x00\x00\xf8\x7f\x4c\x89\xe8\x48\x83\xc4\x08\x5b\x41\x5c\x41\x5d\x41\x5e\x41\x5f\x5d\xc3\x55\x48\x89\xe5\x41" +
	"\x56\x53\x48\x89\xf3\x49\x89\xfe\x48\x8d\x34\xf5\x08\x00\x00\x00\xe8\x27\xf5\xff\xff\x49\x89\x86\x88\xa3\x00\x00\x49\x89\x9e\x90" +
	"\xa3\x00\x00\x5b\x41\x5e\x5d\xc3\x48\x8b\x47\x08\x48\x85\xc0\x0f\x84\xee\x00\x00\x00\x55\x48\x89\xe5\x41\x57\x41\x56\x41\x55\x41" +
	"\x54\x53\x50\x48\x89\xf3\x48\xb9\xff\xff\xff\xff\xff\xff\x00\x00\x48\x21\xcb\x8b\x0b\xc1\xe9\x04\x83\xe1\x07\x48\x39\xc1\x0f\x83" +
	"\xb1\x00\x00\x00\x49\x89\xfe\x4c\x8b\xa7\x28\x01\x00\x00\x48\xc1\xe0\x05\x4c\x3b\x64\x07\x38\x76\x12\x49\x8b\x86\x20\x01\x00\x00" +
	"\x4a\x39\x5c\xe0\xf8\x0f\x84\x8a\x00\x00\x00\x49\x8b\x86\x30\x01\x00\x00\x4c\x39\xe0\x76\x09\x4d\x8b\xbe\x20\x01\x00\x00\xeb\x65" +
	"\x48\x8d\x0c\x00\x48\x85\xc0\x41\xbd\x00\x10\x00\x00\x4c\x0f\x45\xe9\x49\x8b\x3e\x4a\x8d\x34\xed\x00\x00\x00\x00\xff\x57\x28\x49" +
	"\x89\xc7\x48\x85\xc0\x75\x08\x4c\x89\xf7\xe8\x50\x24\x00\x00\x49\xc1\xe4\x03\x4d\x85\xe4\x74\x18\x49\x8b\x86\x20\x01\x00\x00\x31" +
	"\xc9\x8a\x14\x08\x41\x88\x14\x0f\x48\xff\xc1\x49\x39\xcc\x75\xf1\x4d\x89\xbe\x20\x01\x00\x00\x4d\x89\xae\x30\x01\x00\x00\x4d\x8b" +
	"\xa6\x28\x01\x00\x00\x49\x8d\x44\x24\x01\x49\x89\x86\x28\x01\x00\x00\x4b\x89\x1c\xe7\x48\x83\xc4\x08\x5b\x41\x5c\x41\x5d\x41\x5e" +
	"\x41\x5f\x5d\x31\xc0\xc3\x55\x48\x89\xe5\x48\x8b\x47\x08\x48\x83\xf8\x07\x75\x06\x48\xff\x47\x10\xeb\x28\x48\xff\xc0\x48\x89\x47" +
	"\x08\x48\xc1\xe0\x05\x0f\x57\xc0\x0f\x11\x44\x07\x20\x48\xc7\x44\x07\x30\x00\x00\x40\x00\x48\x8b\x8f\x28\x01\x00\x00\x48\x89\x4c" +
	"\x07\x38\x31\xc0\x5d\xc3\x55\x48\x89\xe5\x41\x57\x41\x56\x53\x50\x48\x89\xf3\x49\x89\xfe\x48\x8b\x47\x10\x48\x85\xc0\x74\x09\x48" +
	"\xff\xc8\x49\x89\x46\x10\xeb\x44\xe8\x4d\x00\x00\x00\x4d\x8b\x7e\x08\x49\x8d\x57\xff\x4c\x89\xf7\x4c\x89\xfe\x48\x89\xd9\xe8\x64" +
	"\x00\x00\x00\x49\xff\xcf\x4d\x89\x7e\x08\x75\x20\x49\x8b\x86\x70\xa3\x00\x00\x49\x3b\x86\x78\xa3\x00\x00\x76\x10\x48\x89\x5d\xe0" +
	"\x4c\x89\xf7\xe8\x5b\x02\x00\x00\x48\x8b\x5d\xe0\x48\x89\xd8\x48\x83\xc4\x08\x5b\x41\x5e\x41\x5f\x5d\xc3\x55\x48\x89\xe5\x48\x81" +
	"\xec\x00\x20\x00\x00\x31\xc0\x48\xc7\x84\xc5\x00\xe0\xff\xff\x00\x00\x00\x00\x48\xff\xc0\x48\x3d\x00\x04\x00\x00\x75\xe9\x48\x81" +
	"\xc4\x00\x20\x00\x00\x5d\xc3\x55\x48\x89\xe5\x41\x57\x41\x56\x41\x55\x41\x54\x53\x48\x83\xec\x18\x49\x89\xcc\x49\x89\xd6\x49\x89" +
	"\xf7\x48\x89\xfb\x49\x89\xf5\x49\xc1\xe5\x05\x48\x89\x77\x18\xe8\xda\x31\x00\x00\x48\x89\xdf\x4c\x89\xe6\xe8\x1e\x32\x00\x00\x4e" +
	"\x8b\x64\x2b\x38\x4c\x3b\xa3\x28\x01\x00\x00\x73\x37\x48\x8b\x83\x20\x01\x00\x00\x4a\x8b\x34\xe0\x48\x89\xdf\xe8\x2f\x32\x00\x00" +
	"\x49\xff\xc4\xeb\xdf\x48\x8b\x8b\x98\xa3\x00\x00\x48\x8d\x50\xff\x48\x89\x93\xa0\xa3\x00\x00\x48\x8b\x74\xc1\xf8\x48\x89\xdf\xe8" +
	"\x0b\x32\x00\x00\x48\x8b\x83\xa0\xa3\x00\x00\x48\x85\xc0\x75\xd5\x4a\x8d\x04\x2b\x48\x83\xc0\x20\x48\x89\x45\xd0\x48\xc7\x43\x18" +
	"\x00\x00\x00\x00\x4d\x39\xfe\x73\x0b\x48\x8b\x45\xd0\x48\xc7\x00\x00\x00\x00\x00\x4c\x89\x6d\xc8\x48\x83\xbb\x40\xa1\x00\x00\x00" +
	"\x0f\x84\xe4\x00\x00\x00\x45\x31\xe4\x45\x31\xed\x4a\x8d\x0c\xad\x00\x00\x00\x00\x4c\x01\xe9\x4c\x39\xbc\xcb\x60\x01\x00\x00\x0f" +
	"\x85\xb3\x00\x00\x00\x48\x8d\x34\xcb\x48\x81\xc6\x40\x01\x00\x00\x48\x8b\x16\x48\x8b\x46\x08\x49\x89\xd0\x48\x39\xc2\x73\x18\x49" +
	"\x89\xd0\x49\x8b\x38\x40\x84\xff\x78\x0d\x48\xc1\xef\x08\x4d\x8d\x04\xf8\x49\x39\xc0\x72\xeb\x48\x8d\x3c\xcb\x48\x81\xc7\x60\x01" +
	"\x00\x00\x49\x39\xc0\x74\x1f\x4c\x89\x37\x48\x89\xdf\x4c\x89\xf2\xe8\x82\x32\x00\x00\x49\x01\xc4\x4d\x85\xf6\x75\x5b\x48\x01\x83" +
	"\x70\xa3\x00\x00\xeb\x52\x4c\x8b\x45\xd0\x49\x3b\x30\x75\x0b\x4c\x8b\x45\xd0\x49\xc7\x00\x00\x00\x00\x00\x48\x8d\x0c\xcb\x48\x81" +
	"\xc1\x48\x01\x00\x00\x4c\x8b\x41\x10\x48\x29\xd0\x48\xc1\xf8\x03\x48\xc1\xe8\x06\x48\x8d\x04\xc5\x08\x00\x00\x00\x31\xd2\x41\xc6" +
	"\x04\x10\x00\x48\xff\xc2\x48\x39\xd0\x75\xf3\x48\x8b\x06\x48\x89\x01\x48\xc7\x07\x08\x00\x00\x00\x49\xff\xc5\x4c\x3b\xab\x40\xa1" +
	"\x00\x00\x0f\x82\x24\xff\xff\xff\xeb\x03\x45\x31\xe4\x4d\x39\xfe\x73\x5f\x48\x8b\x45\xc8\x48\x01\xd8\x48\x83\xc0\x38\x48\x8b\x00" +
	"\x4d\x85\xf6\x74\x42\x48\x8b\xb3\x28\x01\x00\x00\x48\x39\xf0\x73\x36\x48\x8b\x93\x20\x01\x00\x00\x48\x89\xc1\x48\x8b\x3c\xc2\x44" +
	"\x8b\x07\x41\xc1\xe8\x04\x41\x83\xe0\x07\x4d\x39\xf0\x73\x0e\x48\x89\x3c\xca\x48\xff\xc1\x48\x8b\xb3\x28\x01\x00\x00\x48\xff\xc0" +
	"\x48\x39\xf0\x72\xd6\xeb\x03\x48\x89\xc1\x48\x89\x8b\x28\x01\x00\x00\x4c\x89\xe0\x48\x83\xc4\x18\x5b\x41\x5c\x41\x5d\x41\x5e\x41" +
	"\x5f\x5d\xc3\x55\x48\x89\xe5\x41\x57\x41\x56\x41\x55\x41\x54\x53\x50\x48\x89\xfb\xe8\xd5\x2f\x00\x00\x48\x8b\x83\xa0\xa3\x00\x00" +
	"\x48\x85\xc0\x74\x21\x48\x8b\x8b\x98\xa3\x00\x00\x48\x8d\x50\xff\x48\x89\x93\xa0\xa3\x00\x00\x48\x8b\x74\xc1\xf8\x48\x89\xdf\xe8" +
	"\x2b\x30\x00\x00\xeb\xd3\x48\x8b\x93\x28\x01\x00\x00\x48\x85\xd2\x74\x2c\x48\x8b\x8b\x20\x01\x00\x00\x31\xc0\x31\xf6\x48\x8b\x3c" +
	"\xf1\xf6\x07\xf0\x74\x0e\x48\x89\x3c\xc1\x48\xff\xc0\x48\x8b\x93\x28\x01\x00\x00\x48\xff\xc6\x48\x39\xd6\x72\xe1\xeb\x02\x31\xc0" +
	"\xb9\x58\x00\x00\x00\x48\x39\x04\x0b\x76\x04\x48\x89\x04\x0b\x48\x83\xc1\x20\x48\x81\xf9\x38\x01\x00\x00\x75\xe9\x48\x89\x83\x28" +
	"\x01\x00\x00\xb8\x60\xa1\x00\x00\xc6\x04\x03\x00\x48\xff\xc0\x48\x3d\x68\xa3\x00\x00\x75\xf1\x48\xc7\x83\x68\xa3\x00\x00\x00\x00" +
	"\x00\x00\x48\x83\xbb\x40\xa1\x00\x00\x00\x0f\x84\xed\x00\x00\x00\x45\x31\xf6\x45\x31\xff\x4b\x8d\x04\xbf\x48\x8b\x8c\xc3\x60\x01" +
	"\x00\x00\x48\x83\xf9\x08\x0f\x84\xbf\x00\x00\x00\x48\x8d\x34\xc3\x48\x81\xc6\x40\x01\x00\x00\x48\x85\xc9\x75\x3f\x48\x8b\x16\x48" +
	"\x8b\x8c\xc3\x48\x01\x00\x00\x48\x89\xd7\x48\x39\xca\x73\x18\x48\x89\xd7\x4c\x8b\x07\x45\x84\xc0\x78\x0d\x49\xc1\xe8\x08\x4a\x8d" +
	"\x3c\xc7\x48\x39\xcf\x72\xeb\x48\x39\xcf\x74\x39\x48\x89\xdf\x31\xd2\xe8\x61\x30\x00\x00\x49\x01\xc6\xeb\x70\x48\x8b\x0e\x48\x8b" +
	"\x84\xc3\x48\x01\x00\x00\x48\x39\xc1\x73\x60\x48\x8b\x11\x48\x89\xd6\x48\x81\xe6\x7f\xff\xff\xff\x48\x89\x31\x48\xc1\xea\x08\x48" +
	"\x8d\x0c\xd1\xeb\xe1\x48\x3b\xb3\x48\xa1\x00\x00\x74\xbe\x48\x8d\x04\xc3\x48\x05\x60\x01\x00\x00\x48\x8b\x78\xf8\x48\x29\xd1\x48" +
	"\xc1\xf9\x03\x48\xc1\xe9\x06\x48\x8d\x0c\xcd\x08\x00\x00\x00\x31\xd2\xc6\x04\x17\x00\x48\xff\xc2\x48\x39\xd1\x75\xf4\x48\x8b\x0e" +
	"\x48\x89\x48\xe8\x48\xc7\x00\x08\x00\x00\x00\x49\xff\xc7\x4c\x3b\xbb\x40\xa1\x00\x00\x0f\x82\x1b\xff\xff\xff\xeb\x03\x45\x31\xf6" +
	"\x48\xc7\x83\x70\xa3\x00\x00\x00\x00\x00\x00\x49\x81\xfe\x01\x00\x40\x00\xb8\x00\x00\x40\x00\x49\x0f\x43\xc6\x48\x89\x83\x78\xa3" +
	"\x00\x00\x48\x83\xc4\x08\x5b\x41\x5c\x41\x5d\x41\x5e\x41\x5f\x5d\xc3\x55\x48\x89\xe5\xe8\x09\xfe\xff\xff\x31\xc0\x5d\xc3\x66\x48" +
	"\x0f\x6e\xc6\x66\x0f\x2e\xc0\x7a\x10\x55\x48\x89\xe5\xe8\xf1\xcc\xff\xff\x66\x48\x0f\x7e\xc0\x5d\xc3\x48\x89\xf0\x48\xc1\xe8\x30" +
	"\x48\x05\x07\x00\xff\xff\x48\x83\xf8\x02\x72\xdd\x48\x89\xf0\x48\x0f\xba\xe8\x3f\x48\xb9\x00\x00\x00\x00\x00\x00\xf8\xff\x48\x39" +
	"\xc8\x74\xc6\x31\xc0\xc3\x55\x48\x89\xe5\x41\x57\x41\x56\x41\x55\x41\x54\x53\x48\x81\xec\x88\x01\x00\x00\x48\x89\x4d\xd0\x48\x85" +
	"\xf6\x0f\x84\x1b\x03\x00\x00\x49\x89\xd5\x48\x89\x75\x80\x41\x0f\xb6\xd8\x45\x89\xc4\x41\xc1\xec\x08\xb8\xff\x00\x00\x00\x41\x21" +
	"\xc4\x41\xc1\xe8\x10\x41\x21\xc0\x31\xc0\x66\x0f\x57\xc0\x66\x0f\x11\x84\x05\x58\xfe\xff\xff\x48\x83\xc0\x10\x48\x3d\x20\x01\x00" +
	"\x00\x75\xeb\x4c\x89\x85\x78\xff\xff\xff\x48\x85\xdb\x48\x89\x7d\xc8\x0f\x84\x60\x01\x00\x00\x45\x31\xf6\x4d\x39\xe6\x73\x0b\x48" +
	"\x8b\x45\xd0\x46\x0f\xb6\x3c\x30\xeb\x03\x45\x31\xff\x4b\x8b\x74\xf5\x00\x4c\x89\xfa\xe8\x5d\x03\x00\x00\x49\x8d\x4f\xf5\x48\x83" +
	"\xf9\xfd\x0f\x87\x96\x00\x00\x00\x4d\x85\xff\x74\x2c\x48\x8b\x8d\x58\xff\xff\xff\x48\x83\xf9\x05\x0f\x87\xa9\x00\x00\x00\x48\x8d" +
	"\x51\x01\x48\x89\x95\x58\xff\xff\xff\x48\x8d\x0c\xcd\x58\xfe\xff\xff\x48\x01\xe9\xe9\x88\x00\x00\x00\x4b\x8b\x4c\xf5\x00\x66\x48" +
	"\x0f\x6e\xc1\x66\x0f\x2e\xc0\x0f\x8a\xb2\x00\x00\x00\xf2\x48\x0f\x2c\xd0\x0f\x57\xc9\xf2\x48\x0f\x2a\xca\x66\x0f\x2e\xc1\x40\x0f" +
	"\x9b\xc6\x0f\x94\xc2\x48\xc1\xe9\x30\x81\xf9\xf9\xff\x00\x00\x74\x9c\xf2\x0f\x10\x0d\xa7\x31\x00\x00\x66\x0f\xc2\xc8\x01\xf2\x0f" +
	"\x10\x15\xaa\x32\x00\x00\x66\x0f\xc2\xc2\x01\x66\x0f\x54\xc1\x66\x0f\x7e\xc1\x40\x20\xf2\x20\xca\x0f\x85\x6f\xff\xff\xff\x48\x8b" +
	"\x8d\x60\xff\xff\xff\x48\x83\xf9\x07\x77\x1c\x48\x8d\x51\x01\x48\x89\x95\x60\xff\xff\xff\x48\x8d\x0c\xcd\x98\xfe\xff\xff\x48\x01" +
	"\xe9\x48\x8b\x7d\xc8\xeb\x27\x48\x8b\x8d\x68\xff\xff\xff\x48\x83\xf9\x0f\x48\x8b\x7d\xc8\x77\x19\x48\x8d\x51\x01\x48\x89\x95\x68" +
	"\xff\xff\xff\x48\x8d\x0c\xcd\xd8\xfe\xff\xff\x48\x01\xe9\x48\x89\x01\x49\xff\xc6\x4c\x39\xf3\x0f\x85\xdd\xfe\xff\xff\xeb\x38\x48" +
	"\x89\xca\x48\xc1\xea\x30\x48\x81\xc2\x07\x00\xff\xff\x48\x83\xfa\x02\x0f\x82\x36\xff\xff\xff\x48\x89\xca\x48\x0f\xba\xea\x3f\x48" +
	"\xbe\x00\x00\x00\x00\x00\x00\xf8\xff\x48\x39\xf2\x0f\x84\x1b\xff\xff\xff\xe9\xd6\xfe\xff\xff\xe8\x51\x67\xff\xff\x31\xc9\x48\x8b" +
	"\x85\x78\xff\xff\xff\x48\x83\xf8\x09\x0f\x94\xc1\x01\xc9\x48\x83\xf8\x0a\xb8\x01\x00\x00\x00\x0f\x45\xc1\x48\x8b\xbd\x58\xfe\xff" +
	"\xff\x48\x8b\xb5\x60\xfe\xff\xff\x48\x8b\x95\x68\xfe\xff\xff\x48\x8b\x8d\x70\xfe\xff\xff\x4c\x8b\x85\x78\xfe\xff\xff\x4c\x8b\x8d" +
	"\x80\xfe\xff\xff\xf3\x0f\x7e\x85\x98\xfe\xff\xff\xf2\x0f\x10\x8d\xa0\xfe\xff\xff\xf2\x0f\x10\x95\xa8\xfe\xff\xff\xf2\x0f\x10\x9d" +
	"\xb0\xfe\xff\xff\xf2\x0f\x10\xa5\xb8\xfe\xff\xff\xf2\x0f\x10\xad\xc0\xfe\xff\xff\xf2\x0f\x10\xb5\xc8\xfe\xff\xff\xf2\x0f\x10\xbd" +
	"\xd0\xfe\xff\xff\x4c\x8b\x95\xd8\xfe\xff\xff\x4c\x89\x55\xd0\x4c\x8b\x95\xe0\xfe\xff\xff\x4c\x89\x55\x88\x4c\x8b\x95\xe8\xfe\xff" +
	"\xff\x4c\x89\x55\x90\x4c\x8b\x95\xf0\xfe\xff\xff\x4c\x89\x55\x98\x4c\x8b\x95\xf8\xfe\xff\xff\x4c\x89\x55\xa0\x4c\x8b\x95\x00\xff" +
	"\xff\xff\x4c\x89\x55\xa8\x4c\x8b\x95\x08\xff\xff\xff\x4c\x89\x55\xb0\x4c\x8b\x95\x10\xff\xff\xff\x4c\x89\x55\xb8\x4c\x8b\x95\x18" +
	"\xff\xff\xff\x4c\x89\x55\xc0\x48\x8b\x9d\x20\xff\xff\xff\x4c\x8b\xb5\x28\xff\xff\xff\x4c\x8b\xbd\x30\xff\xff\xff\x4c\x8b\xa5\x38" +
	"\xff\xff\xff\x4c\x8b\xad\x40\xff\xff\xff\x4c\x8b\x95\x48\xff\xff\xff\x4c\x8b\x9d\x50\xff\xff\xff\x85\xc0\x74\x68\x83\xf8\x02\x0f" +
	"\x85\x98\x00\x00\x00\xb0\x08\x41\x53\x41\x52\x41\x55\x41\x54\x41\x57\x41\x56\x53\xff\x75\xc0\xff\x75\xb8\xff\x75\xb0\xff\x75\xa8" +
	"\xff\x75\xa0\xff\x75\x98\xff\x75\x90\xff\x75\x88\xff\x75\xd0\xff\x55\x80\x48\x81\xc4\x80\x00\x00\x00\x66\x0f\x7e\xc6\xe9\x94\x00" +
	"\x00\x00\x48\x8d\x35\x90\x33\x00\x00\xba\x14\x00\x00\x00\x48\x81\xc4\x88\x01\x00\x00\x5b\x41\x5c\x41\x5d\x41\x5e\x41\x5f\x5d\xe9" +
	"\xc0\xba\xff\xff\xb0\x08\x41\x53\x41\x52\x41\x55\x41\x54\x41\x57\x41\x56\x53\xff\x75\xc0\xff\x75\xb8\xff\x75\xb0\xff\x75\xa8\xff" +
	"\x75\xa0\xff\x75\x98\xff\x75\x90\xff\x75\x88\xff\x75\xd0\xff\x55\x80\x48\x81\xc4\x80\x00\x00\x00\x48\x89\xc6\xeb\x39\xb0\x08\x41" +
	"\x53\x41\x52\x41\x55\x41\x54\x41\x57\x41\x56\x53\xff\x75\xc0\xff\x75\xb8\xff\x75\xb0\xff\x75\xa8\xff\x75\xa0\xff\x75\x98\xff\x75" +
	"\x90\xff\x75\x88\xff\x75\xd0\xff\x55\x80\x48\x81\xc4\x80\x00\x00\x00\x66\x48\x0f\x7e\xc6\x48\x8b\x7d\xc8\x48\x8b\x95\x78\xff\xff" +
	"\xff\x48\x81\xc4\x88\x01\x00\x00\x5b\x41\x5c\x41\x5d\x41\x5e\x41\x5f\x5d\xe9\xc6\x01\x00\x00\x55\x48\x89\xe5\x48\x83\xfa\x0a\x74" +
	"\x24\x48\x83\xfa\x09\x75\x39\x66\x48\x0f\x6e\xc6\x66\x0f\x2e\xc0\x0f\x8a\x15\x01\x00\x00\xe8\xa8\xc8\xff\xff\xf2\x0f\x5a\xc0\x66" +
	"\x0f\x7e\xc0\xeb\x62\x66\x48\x0f\x6e\xc6\x66\x0f\x2e\xc0\x0f\x8a\x40\x01\x00\x00\xe8\x8a\xc8\xff\xff\x66\x48\x0f\x7e\xc0\xeb\x47" +
	"\x48\x89\xf1\x48\xc1\xe9\x30\x48\x81\xf9\xfb\xff\x00\x00\x74\x23\x81\xf9\xff\xff\x00\x00\x75\x31\x48\xb8\xff\xff\xff\xff\xff\xff" +
	"\x00\x00\x48\x21\xc6\x31\xc0\x81\xf9\xff\xff\x00\x00\x48\x0f\x43\xc6\xeb\x14\x48\xb8\xff\xff\xff\xff\xff\xff\x00\x00\x48\x21\xc6" +
	"\x48\x83\xc6\x10\x48\x89\xf0\x5d\xc3\x66\x48\x0f\x6e\xc6\x66\x0f\x2e\xc0\x7b\x24\x48\x81\xc1\x07\x00\xff\xff\x48\x83\xf9\x02\x72" +
	"\x17\x48\x89\xf0\x48\x0f\xba\xe8\x3f\x48\xb9\x00\x00\x00\x00\x00\x00\xf8\xff\x48\x39\xc8\x75\x6c\x48\x85\xd2\x74\x06\x5d\xe9\x4e" +
	"\x65\xff\xff\xf2\x48\x0f\x2c\xc0\xf2\x48\x0f\x2a\xc8\x66\x0f\x2e\xc1\x0f\x9b\xc1\x0f\x94\xc0\x48\xba\xff\xff\xff\xff\xff\xff\xfe" +
	"\xff\x48\xff\xc2\x48\x21\xf2\x49\xb8\x00\x00\x00\x00\x00\x00\xf9\xff\x4c\x39\xc2\x74\xc7\xf2\x0f\x10\x0d\xd2\x2e\x00\x00\xf2\x0f" +
	"\x10\x15\xba\x2d\x00\x00\x66\x0f\xc2\xd0\x01\x66\x0f\xc2\xc1\x01\x66\x0f\x54\xc2\x66\x0f\x7e\xc2\x20\xc8\x20\xd0\x0f\x84\x12\xff" +
	"\xff\xff\xeb\x99\x31\xc0\xe9\x5c\xff\xff\xff\x48\x89\xf0\x48\xc1\xe8\x30\x48\x3d\xf9\xff\x00\x00\x0f\x84\xd8\xfe\xff\xff\x48\xb9" +
	"\x00\x00\x00\x00\x00\x00\xf8\xff\x48\x39\xce\x0f\x84\xc5\xfe\xff\xff\x3d\xfa\xff\x00\x00\x0f\x84\xba\xfe\xff\xff\x31\xc0\x48\xb9" +
	"\x00\x00\x00\x00\x00\x00\xf8\x7f\x48\x39\xce\x48\x0f\x45\xf0\xe9\xa2\xfe\xff\xff\x48\x89\xf0\x48\xc1\xe8\x30\x48\x3d\xf9\xff\x00" +
	"\x00\x0f\x84\xad\xfe\xff\xff\x48\xb9\x00\x00\x00\x00\x00\x00\xf8\xff\x48\x39\xce\x0f\x84\x9a\xfe\xff\xff\x3d\xfa\xff\x00\x00\x0f" +
	"\x84\x8f\xfe\xff\xff\x31\xc0\x48\xb9\x00\x00\x00\x00\x00\x00\xf8\x7f\x48\x39\xce\x48\x0f\x45\xf0\xe9\x77\xfe\xff\xff\x55\x48\x89" +
	"\xe5\x41\x57\x41\x56\x41\x54\x53\x48\x89\xf3\x49\x89\xfe\x48\x83\xfa\x07\x7f\x24\x48\x83\xfa\x03\x7f\x3c\x48\x83\xfa\x01\x74\x7b" +
	"\x48\x83\xfa\x02\x0f\x84\x93\x00\x00\x00\x48\x83\xfa\x03\x75\x75\x0f\xbf\xc3\xe9\x88\x00\x00\x00\x48\x83\xfa\x0a\x7f\x33\x48\x83" +
	"\xfa\x08\x74\x5c\x48\x83\xfa\x09\x0f\x84\x87\x00\x00\x00\x48\x83\xfa\x0a\x74\x75\xeb\x4f\x48\x83\xfa\x04\x74\x5c\x48\x83\xfa\x05" +
	"\x74\x7d\x48\x83\xfa\x06\x75\x3d\x89\xd8\xf2\x48\x0f\x2a\xc0\xeb\x53\x48\x8d\x42\xf5\x48\x83\xf8\x02\x73\x16\x48\xb8\x00\x00\x00" +
	"\x00\x00\x00\xff\xff\x48\x09\xd8\x48\x85\xdb\x48\x0f\x45\xd8\xeb\x38\x48\x83\xfa\x0d\x75\x0e\x31\xdb\xeb\x2e\x0f\xbe\xc3\xeb\x20" +
	"\x48\x85\xdb\x78\x40\x4c\x89\xf7\x48\x89\xde\x5b\x41\x5c\x41\x5e\x41\x5f\x5d\xe9\x23\x70\xff\xff\x0f\xb7\xc3\xeb\x03\x0f\xb6\xc3" +
	"\xf2\x0f\x2a\xc0\x66\x48\x0f\x7e\xc3\x48\x89\xd8\x5b\x41\x5c\x41\x5e\x41\x5f\x5d\xc3\x66\x0f\x6e\xc3\xf3\x0f\x5a\xc0\xeb\xe5\xf2" +
	"\x0f\x2a\xc3\xeb\xdf\x49\x89\xdf\x49\xd1\xef\x4c\x89\xf7\x4c\x89\xfe\xe8\xe5\x6f\xff\xff\x49\x89\xc4\x4c\x29\xfb\x4c\x89\xf7\x48" +
	"\x89\xde\xe8\xd4\x6f\xff\xff\xbe\x01\x00\x00\x00\x4c\x89\xf7\x4c\x89\xe2\x48\x89\xc1\x5b\x41\x5c\x41\x5e\x41\x5f\x5d\xe9\x67\x64" +
	"\xff\xff\x55\x48\x89\xe5\x41\x56\x53\x48\x83\xec\x10\x49\x89\xce\x48\x89\xfb\x48\x8d\x4d\xe8\xe8\xc9\x00\x00\x00\x48\x85\xc0\x74" +
	"\x21\x49\x83\xfe\x0c\x77\x5c\xb9\x60\x02\x00\x00\x4c\x0f\xa3\xf1\x72\x1d\xb9\x18\x00\x00\x00\x4c\x0f\xa3\xf1\x73\x16\x0f\xb7\x30" +
	"\xeb\x53\x48\x8b\x45\xe8\x48\x83\xc4\x10\x5b\x41\x5e\x5d\xc3\x8b\x30\xeb\x42\x49\x83\xfe\x0c\x75\x2a\x48\x8b\x30\x48\x85\xf6\x74" +
	"\x47\x48\xc7\xc2\xff\xff\xff\xff\x80\x7c\x16\x01\x00\x48\x8d\x52\x01\x75\xf5\x48\x89\xdf\x48\x83\xc4\x10\x5b\x41\x5e\x5d\xe9\xd9" +
	"\x8c\xff\xff\x49\x8d\x4e\xff\x48\x83\xf9\x02\x73\x05\x0f\xb6\x30\xeb\x03\x48\x8b\x30\x48\x89\xdf\x4c\x89\xf2\x48\x83\xc4\x10\x5b" +
	"\x41\x5e\x5d\xe9\x35\xfe\xff\xff\xba\x03\x00\x00\x00\x48\x89\xdf\xbe\x04\x00\x00\x00\xe8\xb9\xb0\xff\xff\x48\xc7\x40\x08\x00\x00" +
	"\x00\x00\xc6\x40\x10\x00\x48\xb9\xff\xff\xff\xff\xff\xff\x00\x00\x48\x21\xc1\x48\xb8\x00\x00\x00\x00\x00\x00\xfb\xff\x48\x09\xc8" +
	"\xe9\x61\xff\xff\xff\x55\x48\x89\xe5\x41\x57\x41\x56\x41\x55\x41\x54\x53\x50\x48\x89\xcb\x49\x89\xd4\x49\x89\xf7\x49\x89\xfe\x66" +
	"\x48\x0f\x6e\xc6\x66\x0f\x2e\xc0\x7a\x26\x4c\x89\xf7\x4c\x89\xfe\xe8\x1c\x62\xff\xff\x49\x89\xc5\x4d\x85\xed\x74\x54\x4c\x89\xf7" +
	"\x4c\x89\xe6\xe8\x09\x62\xff\xff\x4c\x01\xe8\xe9\x8a\x00\x00\x00\x4c\x89\xf8\x48\xc1\xe8\x30\x48\x8d\x88\x07\x00\xff\xff\x48\x83" +
	"\xf9\x02\x72\xc6\x4c\x89\xf9\x48\x0f\xba\xe9\x3f\x48\xba\x00\x00\x00\x00\x00\x00\xf8\xff\x48\x39\xd1\x74\xaf\x3d\xff\xff\x00\x00" +
	"\x72\x0f\x49\xbd\xff\xff\xff\xff\xff\xff\x00\x00\x4d\x21\xfd\xeb\xa7\x48\xb8\xff\xff\xff\xff\xff\xff\x00\x00\x49\x8d\x0c\x07\x48" +
	"\xff\xc1\x48\x83\xc0\x02\x48\x39\xc1\x73\x16\x48\x8d\x35\x10\x2f\x00\x00\xba\x0c\x00\x00\x00\x4c\x89\xf7\xe8\xa5\xb5\xff\xff\xeb" +
	"\x14\x48\x8d\x35\x6c\x2e\x00\x00\x4c\x89\xf7\x4c\x89\xfa\x31\xc9\xe8\xf3\x7c\xff\xff\x48\x89\x03\x31\xc0\x48\x83\xc4\x08\x5b\x41" +
	"\x5c\x41\x5d\x41\x5e\x41\x5f\x5d\xc3\x55\x48\x89\xe5\x41\x57\x41\x56\x41\x55\x41\x54\x53\x48\x83\xec\x18\x4c\x89\xc3\x49\x89\xcc" +
	"\x49\x89\xfe\x48\x8d\x4d\xc8\xe8\xf9\xfe\xff\xff\x48\x85\xc0\x74\x48\x49\x89\xc7\x49\x83\xfc\x0c\xba\x0b\x00\x00\x00\x49\x0f\x45" +
	"\xd4\x4c\x89\xf7\x48\x89\xde\xe8\x0b\xfb\xff\xff\x49\x83\xfc\x09\x77\x3a\xb9\x60\x02\x00\x00\x4c\x0f\xa3\xe1\x72\x25\xb9\x06\x00" +
	"\x00\x00\x4c\x0f\xa3\xe1\x72\x1f\xb9\x18\x00\x00\x00\x4c\x0f\xa3\xe1\x73\x19\x66\x41\x89\x07\xeb\x16\x48\x8b\x5d\xc8\xe9\x16\x01" +
	"\x00\x00\x41\x89\x07\xeb\x08\x41\x88\x07\xeb\x03\x49\x89\x07\x49\x83\x7e\x08\x00\x0f\x84\xfe\x00\x00\x00\x4c\x89\xf7\x4c\x89\xfe" +
	"\xe8\x19\x22\x00\x00\x48\x85\xc0\x0f\x84\xea\x00\x00\x00\x48\x89\xc7\x4c\x89\xfe\xe8\xec\x28\x00\x00\x48\x85\xc0\x0f\x84\xd6\x00" +
	"\x00\x00\x49\x89\xc7\x49\x8b\x46\x08\x48\x85\xc0\x0f\x84\xc6\x00\x00\x00\x41\x8b\x0f\xc1\xe9\x04\x83\xe1\x07\x48\x39\xc1\x0f\x83" +
	"\xb4\x00\x00\x00\x4d\x8b\xae\x28\x01\x00\x00\x48\xc1\xe0\x05\x4d\x3b\x6c\x06\x38\x76\x12\x49\x8b\x86\x20\x01\x00\x00\x4e\x39\x7c" +
	"\xe8\xf8\x0f\x84\x90\x00\x00\x00\x49\x8b\x86\x30\x01\x00\x00\x4c\x39\xe8\x76\x09\x4d\x8b\xa6\x20\x01\x00\x00\xeb\x6c\x48\x8d\x0c" +
	"\x00\x48\x85\xc0\xb8\x00\x10\x00\x00\x48\x0f\x45\xc1\x49\x8b\x3e\x48\x89\x45\xd0\x48\x8d\x34\xc5\x00\x00\x00\x00\xff\x57\x28\x49" +
	"\x89\xc4\x48\x85\xc0\x75\x08\x4c\x89\xf7\xe8\xd0\x14\x00\x00\x49\xc1\xe5\x03\x4d\x85\xed\x74\x18\x49\x8b\x86\x20\x01\x00\x00\x31" +
	"\xc9\x8a\x14\x08\x41\x88\x14\x0c\x48\xff\xc1\x49\x39\xcd\x75\xf1\x4d\x89\xa6\x20\x01\x00\x00\x48\x8b\x45\xd0\x49\x89\x86\x30\x01" +
	"\x00\x00\x4d\x8b\xae\x28\x01\x00\x00\x49\x8d\x45\x01\x49\x89\x86\x28\x01\x00\x00\x4f\x89\x3c\xec\x48\x89\xd8\x48\x83\xc4\x18\x5b" +
	"\x41\x5c\x41\x5d\x41\x5e\x41\x5f\x5d\xc3\x55\x48\x89\xe5\x53\x50\x48\x89\xf3\x48\x83\xc3\x07\x48\x89\xda\x48\xc1\xea\x03\x48\xff" +
	"\xc2\xbe\x0b\x00\x00\x00\xe8\xe8\xad\xff\xff\x48\x83\xc0\x08\x48\x83\xe3\xf8\x74\x0e\x31\xc9\xc6\x04\x08\x00\x48\xff\xc1\x48\x39" +
	"\xcb\x75\xf4\x48\xb9\x00\x00\x00\x00\x00\x00\xff\xff\x48\x09\xc8\x48\x83\xc4\x08\x5b\x5d\xc3\x48\x89\xf2\x48\x89\xf0\x48\xc1\xe8" +
	"\x30\x48\x3d\xff\xff\x00\x00\x74\x69\x3d\xfb\xff\x00\x00\x75\x13\x48\x83\xc2\x10\x48\xb8\x00\x00\x00\x00\x00\x00\xff\xff\x48\x09" +
	"\xc2\xeb\x4f\x66\x48\x0f\x6e\xc2\x66\x0f\x2e\xc0\x7b\x23\x48\x05\x07\x00\xff\xff\x48\x83\xf8\x02\x72\x17\x48\x89\xd0\x48\x0f\xba" +
	"\xe8\x3f\x48\xb9\x00\x00\x00\x00\x00\x00\xf8\xff\x48\x39\xc8\x75\x25\x55\x48\x89\xe5\x48\x89\xd6\xe8\x14\x5f\xff\xff\x48\xba\x00" +
	"\x00\x00\x00\x00\x00\xff\xff\x48\x09\xc2\x48\x85\xc0\x48\x0f\x44\xd0\x5d\x48\x89\xd0\xc3\x48\x8d\x35\xc0\x29\x00\x00\x31\xc9\xe9" +
	"\x64\x7a\xff\xff\x55\x48\x89\xe5\x48\x83\xec\x10\x48\x8d\x55\xf8\xe8\x4e\x00\x00\x00\x48\x85\xc0\x74\x36\x31\xc9\x48\xff\xc1\x48" +
	"\x8d\x50\xff\x48\x21\xd0\x75\xf4\x66\x48\x0f\x6e\xc1\x66\x0f\x62\x05\xcb\x28\x00\x00\x66\x0f\x5c\x05\xb3\x28\x00\x00\x66\x0f\x28" +
	"\xc8\x66\x0f\x15\xc8\xf2\x0f\x58\xc8\x66\x48\x0f\x7e\xc8\xeb\x02\x31\xc0\x48\x8b\x4d\xf8\x48\x85\xc9\x48\x0f\x45\xc1\x48\x83\xc4" +
	"\x10\x5d\xc3\x55\x48\x89\xe5\x53\x50\x48\x89\xd3\x48\x89\xf2\x66\x48\x0f\x6e\xc6\x66\x0f\x2e\xc0\x7a\x15\x48\xc7\x03\x00\x00\x00" +
	"\x00\x48\x89\xd6\x48\x83\xc4\x08\x5b\x5d\xe9\x62\x5e\xff\xff\x48\x89\xd0\x48\xc1\xe8\x30\x48\x05\x07\x00\xff\xff\x48\x83\xf8\x02" +
	"\x72\xd8\x48\x89\xd0\x48\x0f\xba\xe8\x3f\x48\xb9\x00\x00\x00\x00\x00\x00\xf8\xff\x48\x39\xc8\x74\xc1\x48\x8d\x35\x25\x29\x00\x00" +
	"\x31\xc9\xe8\xa1\x79\xff\xff\x48\x89\x03\x31\xc0\x48\x83\xc4\x08\x5b\x5d\xc3\x55\x48\x89\xe5\x53\x50\x48\x8d\x5d\xf0\x48\x89\xda" +
	"\xe8\x7e\xff\xff\xff\x48\x8b\x0b\x48\x85\xc0\x74\x0a\x48\x0f\xbd\xc0\x48\x83\xf0\x3f\xeb\x05\xb8\x40\x00\x00\x00\x48\x85\xc9\xf2" +
	"\x0f\x2a\xc0\x66\x48\x0f\x7e\xc0\x48\x0f\x45\xc1\x48\x83\xc4\x08\x5b\x5d\xc3\x55\x48\x89\xe5\x53\x50\x48\x8d\x5d\xf0\x48\x89\xda" +
	"\xe8\x3e\xff\xff\xff\x48\x8b\x0b\x48\x85\xc9\x74\x0a\x48\x89\xc8\x48\x83\xc4\x08\x5b\x5d\xc3\x48\x85\xc0\x74\x3e\x31\xc9\xa8\x01" +
	"\x75\xeb\x48\x89\xc2\x48\xff\xc1\x48\xd1\xea\xa8\x02\x48\x89\xd0\x74\xf3\x66\x48\x0f\x6e\xc1\x66\x0f\x62\x05\xa1\x27\x00\x00\x66" +
	"\x0f\x5c\x05\x89\x27\x00\x00\x66\x0f\x28\xc8\x66\x0f\x15\xc8\xf2\x0f\x58\xc8\x66\x48\x0f\x7e\xc9\xeb\xb3\x48\xb9\x00\x00\x00\x00" +
	"\x00\x00\x50\x40\xeb\xa7\x55\x48\x89\xe5\x48\x89\xf0\x48\xc1\xe8\x30\x3d\xff\xff\x00\x00\x72\x13\x48\xb8\xff\xff\xff\xff\xff\xff" +
	"\x00\x00\x48\x21\xc6\x5d\xe9\xd0\x69\xff\xff\x5d\xe9\x5f\xb5\xff\xff\x55\x48\x89\xe5\x41\x56\x53\x48\x89\xf3\x49\x89\xfe\x66\x48" +
	"\x0f\x6e\xc6\x66\x0f\x2e\xc0\x7a\x1f\x4c\x89\xf7\x48\x89\xde\xe8\x1d\x5d\xff\xff\x48\x85\xc0\x78\x39\x4c\x89\xf7\x48\x89\xc6\x5b" +
	"\x41\x5e\x5d\xe9\x42\xfd\xff\xff\x48\x89\xd8\x48\xc1\xe8\x30\x48\x05\x07\x00\xff\xff\x48\x83\xf8\x02\x72\xce\x48\x89\xd8\x48\x0f" +
	"\xba\xe8\x3f\x48\xb9\x00\x00\x00\x00\x00\x00\xf8\xff\x48\x39\xc8\x74\xb7\x48\x8d\x35\x76\x29\x00\x00\x4c\x89\xf7\x48\x89\xda\x31" +
	"\xc9\x5b\x41\x5e\x5d\xe9\x3e\x78\xff\xff\x55\x48\x89\xe5\x41\x56\x53\x48\x89\xf0\x48\xc1\xe8\x30\x3d\xfb\xff\x00\x00\x74\x67\x48" +
	"\xb8\x00\x00\x00\x00\x00\x00\xff\xff\x48\xbb\xff\xff\xff\xff\xff\xff\x00\x00\x48\x39\xc6\x72\x20\x48\x21\xde\x74\x1b\x48\xc7\xc2" +
	"\xff\xff\xff\xff\x80\x7c\x16\x01\x00\x48\x8d\x52\x01\x75\xf5\x5b\x41\x5e\x5d\xe9\xa4\x86\xff\xff\x49\xbe\x00\x00\x00\x00\x00\x00" +
	"\xfb\xff\xba\x03\x00\x00\x00\xbe\x04\x00\x00\x00\xe8\xa2\xaa\xff\xff\x48\xc7\x40\x08\x00\x00\x00\x00\xc6\x40\x10\x00\x48\x21\xc3" +
	"\x4c\x09\xf3\x48\x89\xde\x48\x89\xf0\x5b\x41\x5e\x5d\xc3\x55\x48\x89\xe5\x48\x89\xb7\xb0\xa3\x00\x00\x31\xc0\x5d\xc3\x55\x48\x89" +
	"\xe5\x41\x56\x53\x48\x83\xec\x40\x48\x89\xf3\x48\x8d\x0d\x84\x00\x00\x00\x48\x8d\x45\xb0\x48\x89\x08\x48\x8d\x0d\x95\x00\x00\x00" +
	"\x48\x89\x48\x08\x48\x8d\x0d\xa6\x00\x00\x00\x48\x89\x48\x10\x48\x8d\x0d\xc7\x00\x00\x00\x48\x89\x48\x18\x48\x8d\x0d\xd9\x00\x00" +
	"\x00\x48\x89\x48\x20\x48\x8d\x0d\xeb\x00\x00\x00\x48\x89\x48\x28\x48\x8d\x0d\x12\x01\x00\x00\x48\x89\x48\x30\x48\xc7\x40\x38\x00" +
	"\x00\x00\x00\x48\x8d\x57\x08\x48\x8b\x37\x48\x8d\x0c\xf7\x48\x83\xc1\x10\x48\x89\xc7\xe8\x23\x5a\xff\xff\x49\x89\xc6\x48\x89\xc7" +
	"\xff\xd3\x4c\x89\xf7\x48\x89\xc6\xe8\x1f\x5b\xff\xff\x48\x83\xc4\x40\x5b\x41\x5e\x5d\xc3\x55\x48\x89\xe5\x48\x89\xf7\xb8\x01\x00" +
	"\x00\x00\x48\x89\xd6\x48\x89\xca\x45\x31\xd2\x45\x31\xc0\x45\x31\xc9\x0f\x05\x5d\xc3\x55\x48\x89\xe5\x48\x89\xf7\x31\xc0\x48\x89" +
	"\xd6\x48\x89\xca\x45\x31\xd2\x45\x31\xc0\x45\x31\xc9\x0f\x05\x5d\xc3\x55\x48\x89\xe5\x48\x85\xd2\xb8\x41\x02\x00\x00\x48\x0f\x45" +
	"\xd0\xb8\x01\x01\x00\x00\x41\xba\xa4\x01\x00\x00\x48\xc7\xc7\x9c\xff\xff\xff\x45\x31\xc0\x45\x31\xc9\x0f\x05\x5d\xc3\x55\x48\x89" +
	"\xe5\x48\x89\xf7\xb8\x03\x00\x00\x00\x31\xf6\x31\xd2\x45\x31\xd2\x45\x31\xc0\x45\x31\xc9\x0f\x05\x5d\xc3\x55\x48\x89\xe5\x48\x89" +
	"\xf7\xb8\xe7\x00\x00\x00\x31\xf6\x31\xd2\x45\x31\xd2\x45\x31\xc0\x45\x31\xc9\x0f\x05\xeb\xea\x55\x48\x89\xe5\x53\x31\xdb\xb8\x09" +
	"\x00\x00\x00\xba\x03\x00\x00\x00\x41\xba\x22\x00\x00\x00\x31\xff\x49\xc7\xc0\xff\xff\xff\xff\x45\x31\xc9\x0f\x05\x48\x3d\x01\xf0" +
	"\xff\xff\x48\x0f\x43\xc3\x5b\x5d\xc3\x55\x48\x89\xe5\x48\x89\xf7\xb8\x3e\x01\x00\x00\x48\x89\xd6\x31\xd2\x45\x31\xd2\x45\x31\xc0" +
	"\x45\x31\xc9\x0f\x05\x5d\xc3\x55\x48\x89\xe5\x48\x8d\x46\x30\x48\x89\x46\x18\xb8\x01\x00\x00\x00\x48\x89\x46\x20\x48\x89\x46\x30" +
	"\x48\x89\xf8\x48\xc1\xe8\x30\x48\x3d\xfa\xff\x00\x00\x74\x2e\x3d\xf9\xff\x00\x00\x75\x61\x48\xb8\xff\xff\xff\xff\xff\xff\x00\x00" +
	"\x48\x21\xc7\x48\x8b\x47\x08\x89\xc1\x48\x89\x4e\x08\x48\x83\xc7\x10\x48\x89\x3e\x48\xc1\xe8\x3f\x89\x46\x10\xeb\x78\x48\xb8\xff" +
	"\xff\xff\xff\xff\xff\x00\x00\x48\x21\xc7\x48\x8b\x47\x08\x89\xc1\x48\x89\x4e\x08\x48\x8d\x57\x10\x48\x89\x16\x48\xc1\xe8\x3f\x89" +
	"\x46\x10\x48\x8d\x04\xcf\x48\x83\xc0\x18\x8b\x48\xf8\x48\x89\x46\x18\x48\x89\x4e\x20\xeb\x3e\x66\x48\x0f\x6e\xc7\xf2\x48\x0f\x2c" +
	"\xc0\x48\x89\xc1\x48\xf7\xd9\x48\x0f\x48\xc8\x48\x8d\x56\x28\x48\x89\x4e\x28\x48\x89\xc1\x48\xc1\xe9\x3f\x48\x89\x16\x48\xc7\x46" +
	"\x08\x01\x00\x00\x00\x89\x4e\x10\x48\x85\xc0\x75\x08\x48\xc7\x46\x08\x00\x00\x00\x00\x5d\xc3\x55\x48\x89\xe5\x41\x57\x41\x56\x41" +
	"\x54\x53\x48\x83\xec\x20\x4c\x89\xc3\x49\x89\xcf\x49\x89\xf6\x4c\x8d\x65\xc0\x4c\x8d\x45\xd0\x4c\x89\xe1\xe8\x41\x00\x00\x00\x31" +
	"\xc0\x49\x83\x7c\x24\x08\x00\xb9\x00\x00\x00\x00\x74\x04\x41\x8b\x4e\x10\x0f\x10\x45\xc0\x41\x0f\x11\x07\x41\x89\x4f\x10\x48\x83" +
	"\x7d\xd8\x00\x74\x04\x41\x8b\x46\x10\x0f\x10\x45\xd0\x0f\x11\x03\x89\x43\x10\x48\x83\xc4\x20\x5b\x41\x5c\x41\x5e\x41\x5f\x5d\xc3" +
	"\x55\x48\x89\xe5\x41\x57\x41\x56\x41\x55\x41\x54\x53\x48\x83\xec\x58\x49\x89\xc9\x4c\x8b\x6e\x08\x4c\x8b\x62\x08\x4d\x89\xef\x4d" +
	"\x29\xe7\x75\x19\x4c\x89\xe8\x48\x83\xe8\x01\x72\x25\x48\x8b\x0e\x4c\x8b\x12\x4d\x8b\x14\xc2\x4c\x39\x14\xc1\x74\xea\x73\x13\x0f" +
	"\x57\xc0\x41\x0f\x11\x01\x0f\x10\x06\x41\x0f\x11\x00\xe9\xb2\x03\x00\x00\x49\x83\xfc\x01\x75\x5d\x48\x8b\x02\x48\x8b\x10\x4d\x89" +
	"\xc6\x48\x8d\x5d\x88\x49\x89\xff\x48\x89\xd9\x4d\x89\xcc\xe8\xa0\x03\x00\x00\x49\x89\x04\x24\x49\x89\x54\x24\x08\xba\x02\x00\x00" +
	"\x00\x4c\x89\xff\xbe\x01\x00\x00\x00\xe8\x25\xa7\xff\xff\x48\x8d\x48\x08\x48\xc7\x40\x08\x00\x00\x00\x00\x48\x8b\x13\x48\x89\x50" +
	"\x08\x31\xc0\x48\x85\xd2\x0f\x95\xc0\x49\x89\x0e\x49\x89\x46\x08\xe9\x4f\x03\x00\x00\x48\x89\x75\xa0\x4c\x89\x4d\xb8\x4c\x89\x45" +
	"\xb0\x48\x89\x55\x98\x48\x8b\x02\x4a\x8b\x44\xe0\xf8\xb9\x40\x00\x00\x00\x48\x85\xc0\x74\x08\x48\x0f\xbd\xc8\x48\x83\xf1\x3f\x48" +
	"\x89\x4d\xa8\x4d\x8d\x74\x24\xff\x49\x83\xfc\x01\x4c\x89\xe6\x48\x83\xd6\x00\x48\xc1\xe6\x03\x48\x89\x7d\xd0\x48\x89\x75\xc0\xe8" +
	"\x38\xdd\xff\xff\x48\x89\xc3\x48\x8b\x45\xa0\x48\x8b\x70\x08\x48\x8d\x46\x01\x48\x83\xf8\x01\x48\x83\xd6\x01\x48\xc1\xe6\x03\x48" +
	"\x8b\x7d\xd0\xe8\x14\xdd\xff\xff\x4c\x8b\x4d\xa8\x48\x89\x45\xc8\x48\x8b\x45\x98\x48\x8b\x00\xbf\x40\x00\x00\x00\x4c\x29\xcf\x4a" +
	"\x8b\x14\xf0\x44\x89\xc9\x48\xd3\xe2\x45\x85\xc9\x74\x0c\x4a\x8b\x74\xf0\xf8\x89\xf9\x48\xd3\xee\xeb\x02\x31\xf6\x48\x09\xd6\x4a" +
	"\x89\x34\xf3\x49\xff\xce\x75\xd7\x48\x8b\x00\x44\x89\xc9\x48\xd3\xe0\x48\x89\x03\x48\x8b\x7d\xa0\x48\x8b\x17\x48\x8b\x47\x08\x45" +
	"\x85\xc9\x74\x0f\x48\x8b\x74\xc2\xf8\x44\x89\xc9\xf6\xd9\x48\xd3\xee\xeb\x02\x31\xf6\x4c\x8b\x75\xc8\x49\x89\x34\xc6\x48\x8b\x77" +
	"\x08\x48\xff\xce\x74\x32\xb8\x40\x00\x00\x00\x4c\x29\xc8\x48\x8b\x3c\xf2\x44\x89\xc9\x48\xd3\xe7\x45\x85\xc9\x74\x0c\x4c\x8b\x44" +
	"\xf2\xf8\x89\xc1\x49\xd3\xe8\xeb\x03\x45\x31\xc0\x49\x09\xf8\x4d\x89\x04\xf6\x48\xff\xce\x75\xd6\x48\x8b\x02\x44\x89\xc9\x48\xd3" +
	"\xe0\x49\x89\x06\x49\x8d\x77\x01\x48\x83\xfe\x01\x48\x83\xd6\x00\x48\xc1\xe6\x03\x48\x8b\x7d\xd0\xe8\x3f\xdc\xff\xff\x48\x89\xc1" +
	"\x4d\x89\xfa\x49\xff\xc2\x75\x18\x45\x31\xd2\x48\x8b\x5d\xb0\x48\x8b\x7d\xd0\x48\x8b\x45\xb8\x48\x8b\x75\xc0\xe9\x5a\x01\x00\x00" +
	"\x4f\x8d\x1c\xe6\x49\xc1\xe5\x03\x4a\x8d\x04\xe5\x00\x00\x00\x00\x49\x29\xc5\x4d\x01\xf5\x4f\x8b\x44\xfb\xf8\x4b\x8b\x3c\xfb\x4e" +
	"\x8b\x74\xe3\xf8\x4c\x39\xf7\x73\x16\x4c\x89\x75\x90\x4c\x89\xc0\x48\x89\xfa\x48\xf7\x75\x90\x48\x89\xc6\x49\x89\xd0\xeb\x16\x4d" +
	"\x01\xf0\x0f\x92\xc0\x48\xc7\xc6\xff\xff\xff\xff\x4c\x39\xf7\x77\x25\x84\xc0\x75\x21\x4e\x8b\x4c\xe3\xf0\x4c\x89\xc8\x48\xf7\xe6" +
	"\x49\x39\xd0\x72\x09\x75\x0f\x4b\x39\x44\xfb\xf0\x73\x08\x48\xff\xce\x4d\x01\xf0\x73\xe4\x4d\x85\xe4\x74\x49\x45\x31\xc9\x45\x31" +
	"\xc0\x31\xff\x4c\x8b\x75\xc8\x48\x89\xf0\x48\xf7\x24\xfb\x4c\x01\xc0\x49\x89\xd0\x49\x83\xd0\x00\x49\x8b\x54\xfd\x00\x48\x29\xc2" +
	"\x0f\x92\xc0\x4c\x29\xca\x41\x0f\x92\xc1\x41\x08\xc1\x45\x0f\xb6\xc9\x49\x89\x54\xfd\x00\x48\xff\xc7\x49\x39\xfc\x75\xc9\x4b\x8b" +
	"\x3c\xfb\xeb\x0a\x45\x31\xc0\x45\x31\xc9\x4c\x8b\x75\xc8\x48\x89\xf8\x4c\x29\xc0\x4c\x29\xc8\x0f\x92\xc2\x4b\x89\x04\xfb\x4c\x39" +
	"\xc7\x72\x04\x84\xd2\x74\x41\x4d\x85\xe4\x74\x30\x31\xc0\x31\xd2\x48\x8b\x3c\xc3\x49\x03\x7c\xc5\x00\x41\x0f\x92\xc0\x48\x01\xd7" +
	"\x0f\x92\xc2\x44\x08\xc2\x0f\xb6\xd2\x49\x89\x7c\xc5\x00\x48\xff\xc0\x49\x39\xc4\x75\xda\x4b\x8b\x04\xfb\xeb\x02\x31\xd2\x48\x01" +
	"\xd0\x48\xff\xce\x4b\x89\x04\xfb\x4a\x89\x34\xf9\x49\x83\xc5\xf8\x49\x83\xef\x01\x0f\x83\xdc\xfe\xff\xff\x48\x8b\x5d\xb0\x48\x8b" +
	"\x7d\xd0\x48\x8b\x45\xb8\x48\x8b\x75\xc0\x4a\x83\x7c\xd1\xf8\x00\x75\x08\x49\xff\xca\x75\xf3\x45\x31\xd2\x48\x89\x08\x4c\x89\x50" +
	"\x08\xe8\xb6\xda\xff\xff\x4d\x85\xe4\x74\x6f\x49\x8d\x74\x24\x01\xba\x40\x00\x00\x00\x4c\x8b\x5d\xa8\x4c\x29\xda\x4c\x89\xe7\x48" +
	"\xf7\xdf\x41\xb8\x01\x00\x00\x00\x4f\x8b\x4c\xc6\xf8\x44\x89\xd9\x49\xd3\xe9\x45\x85\xdb\x74\x16\x41\xba\x00\x00\x00\x00\x49\x39" +
	"\xf0\x73\x0e\x4f\x8b\x14\xc6\x89\xd1\x49\xd3\xe2\xeb\x03\x45\x31\xd2\x4d\x09\xca\x4e\x89\x54\xc0\xf8\x4a\x8d\x0c\x07\x48\xff\xc1" +
	"\x49\xff\xc0\x48\x83\xf9\x01\x75\xbf\xeb\x05\x49\xff\xcc\x74\x0a\x4a\x83\x7c\xe0\xf8\x00\x74\xf3\xeb\x03\x45\x31\xe4\x48\x89\x03" +
	"\x4c\x89\x63\x08\x48\x83\xc4\x58\x5b\x41\x5c\x41\x5d\x41\x5e\x41\x5f\x5d\xc3\x55\x48\x89\xe5\x41\x57\x41\x56\x53\x50\x48\x89\xcb" +
	"\x49\x89\xd6\x49\x89\xf7\x48\x8b\x76\x08\x48\x83\xfe\x01\x48\x83\xd6\x00\x48\xc1\xe6\x03\xe8\x01\xda\xff\xff\x48\x89\xc1\x49\x8b" +
	"\x77\x08\x48\x85\xf6\x74\x3a\x49\x8b\x3f\x31\xd2\x49\x89\xf0\x4a\x8b\x44\xc7\xf8\x4c\x89\x75\xe0\x48\xf7\x75\xe0\x4a\x89\x44\xc1" +
	"\xf8\x49\x8d\x40\xff\x49\x89\xc0\x48\x85\xc0\x75\xe2\x48\x85\xf6\x74\x11\x48\x83\x7c\xf1\xf8\x00\x75\x0b\x48\xff\xce\x75\xf3\xeb" +
	"\x02\x31\xd2\x31\xf6\x48\x89\x13\x48\x89\xc8\x48\x89\xf2\x48\x83\xc4\x08\x5b\x41\x5e\x41\x5f\x5d\xc3\x55\x48\x89\xe5\x53\x50\x48" +
	"\x89\xf3\xba\x02\x00\x00\x00\xbe\x01\x00\x00\x00\xe8\x02\xa3\xff\xff\x48\x89\x58\x08\x48\x83\xc0\x08\x31\xd2\x48\x85\xdb\x0f\x95" +
	"\xc2\x48\x83\xc4\x08\x5b\x5d\xc3\x48\x8b\x56\x08\x48\x85\xd2\x0f\x84\xa2\x00\x00\x00\x55\x48\x89\xe5\x53\x50\x48\x89\xf3\x48\x83" +
	"\xfa\x01\x75\x2d\x48\x8b\x03\x48\x8b\x00\x48\x89\xc1\x48\xc1\xe9\x35\x75\x1e\xf2\x48\x0f\x2a\xc0\x83\x7b\x10\x00\x74\x0c\x66\x0f" +
	"\x57\xc9\xf2\x0f\x5c\xc8\x66\x0f\x28\xc1\x66\x48\x0f\x7e\xc2\xeb\x60\x48\x83\xc2\x02\xbe\x02\x00\x00\x00\xe8\x94\xa2\xff\xff\x31" +
	"\xc9\x83\x7b\x10\x00\x0f\x95\xc1\x48\xc1\xe1\x3f\x48\x0b\x4b\x08\x48\x89\x48\x08\x48\x8b\x4b\x08\x48\xc1\xe1\x03\x48\x85\xc9\x74" +
	"\x16\x48\x8b\x13\x31\xf6\x40\x8a\x3c\x32\x40\x88\x7c\x30\x10\x48\xff\xc6\x48\x39\xf1\x75\xef\x48\xb9\xff\xff\xff\xff\xff\xff\x00" +
	"\x00\x48\x21\xc8\x48\xba\x00\x00\x00\x00\x00\x00\xf9\xff\x48\x09\xc2\x48\x83\xc4\x08\x5b\x5d\x48\x89\xd0\xc3\x55\x48\x89\xe5\x41" +
	"\x57\x41\x56\x53\x50\x49\x89\xcf\x49\x89\xd6\x48\x89\xfb\x8b\x42\x10\x3b\x41\x10\x75\x10\x48\x89\xf7\x4c\x89\xf6\x4c\x89\xfa\xe8" +
	"\xa6\x04\x00\x00\xeb\x48\x49\x8b\x46\x08\x49\x3b\x47\x08\x75\x16\x48\x83\xe8\x01\x72\x54\x49\x8b\x0e\x49\x8b\x17\x48\x8b\x14\xc2" +
	"\x48\x39\x14\xc1\x74\xea\x48\x89\xf7\x73\x18\x4c\x89\xfe\x4c\x89\xf2\xe8\x1c\x05\x00\x00\x48\x89\x03\x48\x89\x53\x08\x41\x8b\x47" +
	"\x10\xeb\x16\x4c\x89\xf6\x4c\x89\xfa\xe8\x04\x05\x00\x00\x48\x89\x03\x48\x89\x53\x08\x41\x8b\x46\x10\x89\x43\x10\x48\x89\xd8\x48" +
	"\x83\xc4\x08\x5b\x41\x5e\x41\x5f\x5d\xc3\x0f\x57\xc0\x0f\x11\x03\x48\xc7\x43\x10\x00\x00\x00\x00\xeb\xe2\x55\x48\x89\xe5\x41\x57" +
	"\x41\x56\x41\x55\x41\x54\x53\x48\x83\xec\x78\x48\x89\x75\x80\x48\x89\x55\x88\x48\x8b\x45\x18\x48\x85\xc0\x74\x33\x49\x89\xd7\x49" +
	"\x89\xf6\x49\x89\xfc\x4c\x8d\x6d\x10\x48\x83\xfa\x01\x75\x27\x49\x83\x3e\x01\x0f\x84\x12\x01\x00\x00\x49\x8b\x4d\x00\x48\x89\x4d" +
	"\xb0\x48\x89\x45\xb8\x4c\x89\x75\xc0\x4c\x89\x7d\xc8\xeb\x20\x31\xc9\xe9\x9b\x01\x00\x00\x49\x8b\x4d\x00\x48\x89\x4d\xb0\x48\x89" +
	"\x45\xb8\x4c\x89\x75\xc0\x4c\x89\x7d\xc8\x4d\x85\xff\x74\x60\x4c\x89\x7d\xa8\x4c\x89\x75\xa0\x4c\x8d\x6d\xb0\x4c\x8d\x7d\xc0\x48" +
	"\x8d\x9d\x60\xff\xff\xff\x4c\x8d\xb5\x70\xff\xff\xff\x4c\x89\xe7\x4c\x89\xee\x4c\x89\xfa\x48\x89\xd9\x4d\x89\xf0\xe8\x3f\xf9\xff" +
	"\xff\x0f\x28\x45\xc0\x0f\x29\x45\xb0\x0f\x10\x85\x70\xff\xff\xff\x0f\x29\x45\xc0\x48\x83\x7d\xc8\x00\x75\xd2\x48\x8b\x4d\xb0\x48" +
	"\x8b\x45\xb8\x4c\x8b\x75\xa0\x4c\x8b\x7d\xa8\x4c\x8d\x6d\x10\x48\x89\x4d\x90\x48\x89\x45\x98\x48\x83\xf8\x01\x75\x06\x48\x83\x39" +
	"\x01\x74\x56\x48\x8d\x55\x90\x4c\x8d\x75\xb0\x4c\x8d\x7d\xc0\x4c\x89\xe7\x4c\x89\xee\x4c\x89\xf1\x4d\x89\xf8\xe8\xe0\xf8\xff\xff" +
	"\x41\x0f\x10\x06\x41\x0f\x11\x45\x00\x4c\x89\xeb\x4c\x8d\x6d\x80\x4c\x89\xe7\x4c\x89\xee\x48\x8d\x55\x90\x4c\x89\xf1\x4d\x89\xf8" +
	"\xe8\xbb\xf8\xff\xff\x41\x0f\x10\x06\x41\x0f\x29\x45\x00\x4d\x8b\x75\x00\x4d\x8b\x7d\x08\x49\x89\xdd\x49\x83\xff\x01\x75\x1f\x41" +
	"\xbf\x01\x00\x00\x00\x49\x83\x3e\x01\x75\x13\x4c\x89\xe7\x4c\x89\xee\xe8\x52\xfd\xff\xff\x48\x89\xc1\xe9\x93\x00\x00\x00\x49\x8b" +
	"\x5d\x08\x49\x8d\x14\x1f\x48\x83\xc2\x03\x4c\x89\xe7\xbe\x03\x00\x00\x00\xe8\x1c\xa0\xff\xff\x31\xc9\x41\x83\x7d\x10\x00\x0f\x95" +
	"\xc1\x48\xc1\xe1\x3f\x48\x09\xd9\x48\x89\x48\x08\x48\x8d\x48\x10\x48\x8d\x14\xdd\x00\x00\x00\x00\x48\x85\xd2\x74\x16\x49\x8b\x75" +
	"\x00\x31\xff\x44\x8a\x04\x3e\x44\x88\x04\x39\x48\xff\xc7\x48\x39\xfa\x75\xf0\x4c\x89\x3c\xd9\x49\xc1\xe7\x03\x4d\x85\xff\x74\x17" +
	"\x48\x8d\x0c\xd9\x31\xd2\x41\x8a\x34\x16\x40\x88\x74\x11\x08\x48\xff\xc2\x49\x39\xd7\x75\xef\x48\xb9\xff\xff\xff\xff\xff\xff\x00" +
	"\x00\x48\x21\xc8\x48\xb9\x00\x00\x00\x00\x00\x00\xfa\xff\x48\x09\xc1\x48\x89\xc8\x48\x83\xc4\x78\x5b\x41\x5c\x41\x5d\x41\x5e\x41" +
	"\x5f\x5d\xc3\x48\x8b\x46\x08\x48\x85\xc0\x0f\x84\xbe\x00\x00\x00\x55\x48\x89\xe5\x41\x57\x41\x56\x41\x54\x53\x48\x89\xd3\x49\x89" +
	"\xf6\x48\x8b\x72\x08\x48\x85\xf6\x0f\x84\xa6\x00\x00\x00\x48\x8d\x0c\x06\x48\x83\xf9\x01\x48\x11\xc6\x48\xc1\xe6\x03\xe8\xda\xd5" +
	"\xff\xff\x48\x89\xc1\x49\x8b\x56\x08\x48\x8b\x43\x08\x48\x8d\x34\x10\x48\x85\xd2\x74\x64\x31\xff\x49\x89\xc8\x48\x85\xc0\x74\x3a" +
	"\x4d\x8b\x0e\x4c\x8b\x13\x45\x31\xdb\x45\x31\xe4\x4b\x8b\x04\xda\x49\xf7\x24\xf9\x45\x31\xff\x4b\x03\x04\xd8\x41\x0f\x92\xc7\x4c" +
	"\x01\xe0\x49\x11\xd7\x4b\x89\x04\xd8\x49\xff\xc3\x48\x8b\x43\x08\x4d\x89\xfc\x49\x39\xc3\x72\xd4\xeb\x05\x45\x31\xff\x31\xc0\x48" +
	"\x8d\x14\xf9\x4c\x89\x3c\xc2\x48\xff\xc7\x49\x3b\x7e\x08\x73\x0a\x48\x8b\x43\x08\x49\x83\xc0\x08\xeb\xa1\x48\x85\xf6\x74\x17\x48" +
	"\x83\x7c\xf1\xf8\x00\x75\x11\x48\xff\xce\x75\xf3\xeb\x08\x31\xc9\x31\xf6\xeb\x0c\x31\xc9\x31\xf6\x5b\x41\x5c\x41\x5e\x41\x5f\x5d" +
	"\x48\x89\xc8\x48\x89\xf2\xc3\x55\x48\x89\xe5\x41\x57\x41\x56\x53\x48\x83\xec\x78\x49\x89\xf6\x48\x89\xfb\x48\x8b\x46\x10\x48\x89" +
	"\x45\xc0\x0f\x10\x06\x0f\x29\x45\xb0\x48\x8b\x42\x10\x48\x89\x45\xe0\x0f\x10\x02\x0f\x29\x45\xd0\x0f\x10\x42\x18\x0f\x29\x85\x70" +
	"\xff\xff\xff\x31\xc0\x89\x45\x80\x0f\x10\x46\x18\x0f\x29\x45\x90\x89\x45\xa0\x48\x83\x7a\x20\x01\x75\x0d\x48\x83\xc2\x18\x48\x8b" +
	"\x02\x48\x83\x38\x01\x74\x37\x4c\x8d\x7d\xb0\x48\x8d\x95\x70\xff\xff\xff\x48\x89\xdf\x4c\x89\xfe\xe8\xa6\xfe\xff\xff\x41\x83\x7f" +
	"\x10\x00\x0f\x95\xc1\x48\x85\xd2\x40\x0f\x95\xc6\x40\x20\xce\x40\x0f\xb6\xce\x49\x89\x07\x49\x89\x57\x08\x41\x89\x4f\x10\x49\x83" +
	"\x7e\x20\x01\x75\x12\x49\x83\xc6\x18\x49\x8b\x06\x48\x83\x38\x01\x75\x05\x8b\x4d\xe0\xeb\x30\x4c\x8d\x75\xd0\x48\x8d\x55\x90\x48" +
	"\x89\xdf\x4c\x89\xf6\xe8\x59\xfe\xff\xff\x41\x83\x7e\x10\x00\x0f\x95\xc1\x48\x85\xd2\x40\x0f\x95\xc6\x40\x20\xce\x40\x0f\xb6\xce" +
	"\x49\x89\x06\x49\x89\x56\x08\x8b\x55\xc0\x39\xca\x75\x2f\x48\x8b\x45\xb8\x48\x8b\x75\xd8\x48\x39\xf0\x75\x2d\x48\x8b\x55\xb0\x48" +
	"\x8b\x75\xd0\x48\x83\xe8\x01\x72\x2b\x48\x8b\x3c\xc2\x4c\x8b\x04\xc6\x4c\x39\xc7\x74\xed\x31\xd2\x4c\x39\xc7\xeb\x10\x31\xc0\xf7" +
	"\xda\x19\xc0\x83\xc8\x01\xeb\x17\x31\xd2\x48\x39\xf0\x19\xd2\x83\xca\x01\xeb\x02\x31\xd2\x89\xd0\xf7\xd8\x85\xc9\x0f\x44\xc2\x48" +
	"\x83\xc4\x78\x5b\x41\x5e\x41\x5f\x5d\xc3\x55\x48\x89\xe5\x41\x56\x53\x48\x89\xf3\x48\x8b\x46\x08\x48\x3b\x42\x08\x49\x89\xd6\x4c" +
	"\x0f\x42\xf6\x48\x0f\x42\xda\x48\x8b\x73\x08\x48\x8d\x46\x01\x48\x83\xf8\x01\x48\x83\xd6\x01\x48\xc1\xe6\x03\xe8\xbc\xd3\xff\xff" +
	"\x48\x8b\x4b\x08\x48\x8d\x51\x01\x48\x85\xc9\x74\x4a\x48\x8b\x0b\x31\xf6\x31\xff\x49\x3b\x7e\x08\x73\x09\x4d\x8b\x06\x4d\x8b\x04" +
	"\xf8\xeb\x03\x45\x31\xc0\x4c\x03\x04\xf9\x41\x0f\x92\xc1\x49\x01\xf0\x40\x0f\x92\xc6\x44\x08\xce\x40\x0f\xb6\xf6\x4c\x89\x04\xf8" +
	"\x48\xff\xc7\x4c\x8b\x43\x08\x4c\x39\xc7\x72\xc8\x4a\x89\x34\xc0\x48\x85\xd2\x75\x09\xeb\x14\x48\xc7\x00\x00\x00\x00\x00\x48\x83" +
	"\x7c\xd0\xf8\x00\x75\x07\x48\xff\xca\x75\xf3\x31\xd2\x5b\x41\x5e\x5d\xc3\x55\x48\x89\xe5\x41\x56\x53\x48\x89\xd3\x49\x89\xf6\x48" +
	"\x8b\x76\x08\x48\x83\xfe\x01\x48\x83\xd6\x00\x48\xc1\xe6\x03\xe8\x28\xd3\xff\xff\x49\x8b\x56\x08\x48\x85\xd2\x74\x51\x49\x8b\x0e" +
	"\x31\xff\x31\xf6\x48\x3b\x73\x08\x73\x09\x4c\x8b\x03\x4d\x8b\x04\xf0\xeb\x03\x45\x31\xc0\x4c\x8b\x0c\xf1\x4d\x29\xc1\x41\x0f\x92" +
	"\xc0\x49\x29\xf9\x40\x0f\x92\xc7\x44\x08\xc7\x40\x0f\xb6\xff\x4c\x89\x0c\xf0\x48\xff\xc6\x49\x3b\x76\x08\x72\xc8\x48\x85\xd2\x74" +
	"\x0d\x48\x83\x7c\xd0\xf8\x00\x75\x07\x48\xff\xca\x75\xf3\x31\xd2\x5b\x41\x5e\x5d\xc3\x66\x0f\x57\xd2\x66\x0f\x2e\xca\x75\x0f\x7a" +
	"\x0d\xf2\x0f\x10\x2d\xf7\x16\x00\x00\x66\x0f\x28\xc5\xc3\x66\x0f\x2e\xc2\x72\x11\x66\x0f\x2e\x0d\x3c\x17\x00\x00\x75\x07\x7a\x05" +
	"\xf2\x0f\x51\xc0\xc3\x66\x0f\x57\xed\x66\x0f\x2e\xc5\x75\x12\x7a\x10\x66\x0f\x2e\xcd\x77\xd2\xf2\x0f\x10\x2d\x49\x17\x00\x00\xeb" +
	"\xc8\xf2\x0f\x10\x25\x67\x17\x00\x00\x66\x0f\x2e\xe1\x0f\x86\xb6\x00\x00\x00\x66\x0f\x2e\x0d\x45\x16\x00\x00\x0f\x86\xa8\x00\x00" +
	"\x00\xf2\x48\x0f\x2c\xc1\x0f\x57\xd2\xf2\x48\x0f\x2a\xd0\x66\x0f\x28\xd9\xf2\x0f\xc2\xdc\x01\x66\x0f\x28\xe3\x66\x0f\x55\xe1\x66" +
	"\x0f\x54\xda\x66\x0f\x56\xdc\xf2\x0f\x10\x15\x11\x16\x00\x00\xf2\x0f\xc2\xd1\x01\x66\x0f\x54\xda\x66\x0f\x55\xd1\x66\x0f\x56\xd3" +
	"\x66\x0f\x2e\xd1\x75\x63\x7a\x61\xf2\x0f\x10\x15\x50\x16\x00\x00\x66\x0f\x28\xea\x48\x85\xc0\x74\x3a\x48\x89\xc1\x48\xf7\xd9\x48" +
	"\x0f\x48\xc8\xf2\x0f\x10\x1d\x35\x16\x00\x00\x66\x0f\x28\xeb\x66\x0f\x28\xe3\xf6\xc1\x01\x74\x04\x66\x0f\x28\xe0\xf2\x0f\x59\xec" +
	"\xf2\x0f\x59\xc0\x48\x89\xca\x48\xd1\xea\x48\x83\xf9\x01\x48\x89\xd1\x77\xdc\x48\x85\xc0\x0f\x89\x0d\xff\xff\xff\xf2\x0f\x5e\xd5" +
	"\x66\x0f\x28\xea\xe9\x00\xff\xff\xff\x66\x0f\x57\xd2\x66\x0f\x2e\xd0\x76\x0d\xf2\x0f\x10\x2d\x75\x16\x00\x00\xe9\xe9\xfe\xff\xff" +
	"\x55\x48\x89\xe5\x48\x83\xec\x10\x66\x0f\x29\x4d\xf0\xe8\x68\xa7\xff\xff\xf2\x0f\x59\x45\xf0\x48\x83\xc4\x10\x5d\xe9\xbc\xa5\xff" +
	"\xff\x55\x48\x89\xe5\x41\x56\x53\x48\x89\xfb\x48\x89\xf7\xe8\x8e\xbf\xff\xff\x49\x89\xc6\x80\x38\x65\x48\x8d\x05\xb3\x1a\x00\x00" +
	"\x48\x8d\x35\x17\x18\x00\x00\x48\x0f\x44\xf0\x48\xc7\xc2\xff\xff\xff\xff\x80\x7c\x16\x01\x00\x48\x8d\x52\x01\x75\xf5\x48\x89\xdf" +
	"\xe8\xe7\x68\xff\xff\x48\xc7\xc2\xff\xff\xff\xff\x41\x80\x7c\x16\x01\x00\x48\x8d\x52\x01\x75\xf4\x48\x89\xdf\x4c\x89\xf6\x5b\x41" +
	"\x5e\x5d\xe9\xc5\x68\xff\xff\x55\x48\x89\xe5\x48\x89\xf8\x48\xc1\xe8\x30\x48\x3d\xfb\xff\x00\x00\x75\x4e\x48\xba\x83\x03\x9d\x73" +
	"\xb0\x0f\x65\x14\x48\xb8\xff\xff\xff\xff\xff\xff\x00\x00\x48\x21\xc7\x48\x8b\x4f\x08\x48\x85\xc9\x0f\x84\x85\x00\x00\x00\x48\xbe" +
	"\xb3\x01\x00\x00\x00\x01\x00\x00\x45\x31\xc0\x42\x0f\xb6\x44\x07\x10\x48\x31\xd0\x48\x0f\xaf\xc6\x49\xff\xc0\x48\x89\xc2\x4c\x39" +
	"\xc1\x75\xe8\xe9\x95\x00\x00\x00\x48\x05\x07\x00\xff\xff\x48\x83\xf8\x01\x77\x54\x48\xba\x83\x03\x9d\x73\xb0\x0f\x65\x14\x48\xb8" +
	"\xff\xff\xff\xff\xff\xff\x00\x00\x48\x21\xc7\x48\x8b\x0f\x48\xc1\xe9\x05\x48\x83\xe1\xf8\x48\x83\xf9\x08\x74\x27\xbe\x08\x00\x00" +
	"\x00\x49\xb8\xb3\x01\x00\x00\x00\x01\x00\x00\x0f\xb6\x04\x37\x48\x31\xd0\x49\x0f\xaf\xc0\x48\xff\xc6\x48\x89\xc2\x48\x39\xf1\x75" +
	"\xea\xeb\x3a\x48\x89\xd0\xeb\x35\x31\xc0\x48\xb9\x00\x00\x00\x00\x00\x00\x00\x80\x48\x39\xcf\x48\x0f\x45\xc7\x48\x89\xc1\x48\xc1" +
	"\xe9\x21\x48\x31\xc1\x48\xba\xcd\x8c\x55\xed\xd7\xaf\x51\xff\x48\x0f\xaf\xd1\x48\x89\xd0\x48\xc1\xe8\x21\x48\x31\xd0\x5d\xc3\x55" +
	"\x48\x89\xe5\x53\x50\x48\x89\xfb\xe8\x60\x4a\xff\xff\x48\x8b\x3b\x48\x8d\x15\xca\x16\x00\x00\xbe\x02\x00\x00\x00\xb9\x05\x00\x00" +
	"\x00\xff\x17\x48\x8b\x3b\x48\x8d\x15\x4a\x19\x00\x00\xbe\x02\x00\x00\x00\xb9\x0d\x00\x00\x00\xff\x17\x48\x8b\x3b\x48\x8d\x15\x15" +
	"\x18\x00\x00\xbe\x02\x00\x00\x00\xb9\x01\x00\x00\x00\xff\x17\x48\x8b\x3b\x48\x8b\x47\x20\xbe\x46\x00\x00\x00\x48\x83\xc4\x08\x5b" +
	"\x5d\xff\xe0\x55\x48\x89\xe5\x41\x57\x41\x56\x41\x55\x41\x54\x53\x48\x81\xec\x08\x01\x00\x00\x48\x89\xfb\x66\x0f\x2e\xc0\x0f\x8a" +
	"\xa8\x08\x00\x00\x66\x48\x0f\x7e\xc0\x48\x85\xc0\x78\x2f\x66\x0f\x2e\x05\x8a\x13\x00\x00\x72\x6e\x48\x8d\x35\x94\x16\x00\x00\xba" +
	"\x03\x00\x00\x00\x48\x89\xdf\x48\x81\xc4\x08\x01\x00\x00\x5b\x41\x5c\x41\x5d\x41\x5e\x41\x5f\x5d\xe9\x0f\x67\xff\xff\xbe\x01\x00" +
	"\x00\x00\x48\x89\xdf\x0f\x29\x85\x40\xff\xff\xff\xe8\xb9\xd8\xff\xff\x66\x0f\x28\x8d\x40\xff\xff\xff\x48\x8b\x43\x08\x48\x8b\x4b" +
	"\x10\x48\x8d\x51\x01\x66\x0f\x57\xc0\x66\x0f\x2e\xc8\x48\x89\x53\x10\x0f\x85\xef\x01\x00\x00\x0f\x8a\xe9\x01\x00\x00\xc6\x04\x08" +
	"\x30\xe9\xcf\x07\x00\x00\xf2\x0f\x10\x0d\x02\x14\x00\x00\x66\x0f\x2e\xc8\x76\x65\xf2\x48\x0f\x2c\xc0\x48\x89\xc1\x66\x0f\x28\xc8" +
	"\xf2\x0f\x5c\x0d\x60\x13\x00\x00\x48\xc1\xf9\x3f\xf2\x48\x0f\x2c\xf1\x48\x21\xce\x48\x09\xc6\x66\x48\x0f\x6e\xd6\x66\x0f\x62\x15" +
	"\x1c\x14\x00\x00\x66\x0f\x5c\x15\x04\x14\x00\x00\x66\x0f\x28\xca\x66\x0f\x15\xca\xf2\x0f\x58\xca\x66\x0f\x2e\xc1\x75\x1b\x7a\x19" +
	"\x48\x89\xdf\x48\x81\xc4\x08\x01\x00\x00\x5b\x41\x5c\x41\x5d\x41\x5e\x41\x5f\x5d\xe9\x5b\x9d\xff\xff\x48\x89\x9d\x30\xff\xff\xff" +
	"\x4c\x8b\x2b\x66\x0f\x29\x85\x40\xff\xff\xff\x66\x48\x0f\x7e\xc3\x49\xbf\x00\x00\x00\x00\x00\x00\x10\x00\x49\x8d\x47\xff\x48\x21" +
	"\xd8\x48\xc1\xeb\x34\x81\xe3\xff\x07\x00\x00\x49\x89\xc4\x49\x0f\xba\xec\x34\x8d\x8b\xcd\xfb\xff\xff\x85\xdb\x4c\x0f\x44\xe0\x41" +
	"\xbe\xce\xfb\xff\xff\x44\x0f\x45\xf1\xba\x02\x00\x00\x00\x4c\x89\xef\xbe\x01\x00\x00\x00\xe8\xb8\x97\xff\xff\x48\x8d\x48\x08\x4d" +
	"\x39\xfc\x48\xc7\x40\x08\x0a\x00\x00\x00\x48\x89\x8d\x20\xff\xff\xff\xb8\x01\x00\x00\x00\x48\x89\x85\x28\xff\xff\xff\x41\x0f\x94" +
	"\xc7\xba\x02\x00\x00\x00\x4c\x89\xef\xbe\x01\x00\x00\x00\xe8\x80\x97\xff\xff\x48\x8d\x48\x08\x83\xfb\x02\x0f\x93\xc3\x44\x20\xfb" +
	"\xba\x01\x00\x00\x00\x48\x89\x50\x08\x48\x89\x8d\xf8\xfe\xff\xff\x48\x89\x95\x00\xff\xff\xff\x4c\x89\xef\x4c\x89\x65\xc8\x4c\x89" +
	"\xe6\xe8\x33\xf4\xff\xff\x48\x89\x85\x08\xff\xff\xff\x48\x89\x95\x10\xff\xff\xff\x0f\xb6\xdb\x45\x85\xf6\x0f\x88\x93\x00\x00\x00" +
	"\x45\x89\xf7\x48\x8d\xb5\xf8\xfe\xff\xff\x4c\x89\xef\x4c\x89\xfa\xe8\x07\x08\x00\x00\x48\x89\x45\x80\x48\x89\x55\x88\x49\x8d\x14" +
	"\x1f\x48\xff\xc2\x48\x8d\xb5\x08\xff\xff\xff\x4c\x89\xef\xe8\xe9\x07\x00\x00\x48\x89\x45\xb8\x48\x89\x55\xc0\x48\x8d\x34\x5d\x02" +
	"\x00\x00\x00\x4c\x89\xef\xe8\xce\xf3\xff\xff\x49\x89\xc4\x48\x89\x85\x50\xff\xff\xff\x48\x89\x95\x58\xff\xff\xff\x84\xdb\x48\x89" +
	"\x55\xd0\x0f\x84\xa0\x00\x00\x00\x48\x8d\x75\x80\xba\x01\x00\x00\x00\x4c\x89\xef\xe8\xa3\x07\x00\x00\x48\x89\x45\xa0\x48\x89\x55" +
	"\xa8\xe9\x8c\x00\x00\x00\xc6\x04\x08\x2d\xf2\x0f\x5c\xc1\xe9\x9b\xfd\xff\xff\x4c\x8d\x7b\x01\x48\x8d\xb5\x08\xff\xff\xff\x4c\x89" +
	"\xef\x4c\x89\xfa\xe8\x73\x07\x00\x00\x48\x89\x45\xb8\x48\x89\x55\xc0\x44\x29\xf3\xff\xc3\x4c\x8d\xb5\xf8\xfe\xff\xff\x4c\x89\xef" +
	"\x4c\x89\xf6\x48\x89\xda\xe8\x51\x07\x00\x00\x49\x89\xc4\x48\x89\x85\x50\xff\xff\xff\x48\x89\x55\xd0\x48\x89\x95\x58\xff\xff\xff" +
	"\x4c\x89\xef\x4c\x89\xfe\xe8\x2e\xf3\xff\xff\x48\x89\x45\xa0\x48\x89\x55\xa8\x41\x0f\x10\x06\x0f\x29\x85\x60\xff\xff\xff\x66\x0f" +
	"\x28\x85\x40\xff\xff\xff\xeb\x1f\x66\x0f\x10\x45\x80\x66\x0f\x29\x45\xa0\x66\x0f\x28\x85\x40\xff\xff\xff\x66\x0f\x10\x4d\x80\x66" +
	"\x0f\x29\x8d\x60\xff\xff\xff\xe8\x6e\xa2\xff\xff\xf2\x0f\x10\x0d\xe4\x10\x00\x00\xf2\x0f\x59\xc8\xf2\x0f\x58\x0d\x98\x10\x00\x00" +
	"\xf2\x0f\x2c\xc1\x66\x0f\x57\xc9\x31\xc9\x66\x0f\x2e\xc1\x0f\x97\xc1\x01\xc1\x48\x89\x8d\x78\xff\xff\xff\x0f\x84\x9f\x00\x00\x00" +
	"\x41\x89\xce\x41\xf7\xde\x44\x0f\x48\xf1\x4c\x8d\xbd\x20\xff\xff\xff\x48\x8b\x5d\xd0\x83\xbd\x78\xff\xff\xff\x00\x78\x28\x4c\x89" +
	"\xef\x48\x8d\xb5\x50\xff\xff\xff\x4c\x89\xfa\xe8\x13\xf6\xff\xff\x49\x89\xc4\x48\x89\xd3\x48\x89\x85\x50\xff\xff\xff\x48\x89\x95" +
	"\x58\xff\xff\xff\xeb\x4e\x4c\x89\xef\x48\x8d\x75\xb8\x4c\x89\xfa\xe8\xee\xf5\xff\xff\x48\x89\x45\xb8\x48\x89\x55\xc0\x4c\x89\xef" +
	"\x48\x8d\x75\xa0\x4c\x89\xfa\xe8\xd7\xf5\xff\xff\x48\x89\x45\xa0\x48\x89\x55\xa8\x4c\x89\xef\x48\x8d\xb5\x60\xff\xff\xff\x4c\x89" +
	"\xfa\xe8\xbd\xf5\xff\xff\x48\x89\x85\x60\xff\xff\xff\x48\x89\x95\x68\xff\xff\xff\x41\xff\xce\x0f\x85\x78\xff\xff\xff\xeb\x04\x48" +
	"\x8b\x5d\xd0\x48\x89\x5d\xd0\xb8\x01\x00\x00\x00\x48\x21\x45\xc8\x4c\x8d\x7d\xa0\x48\x8d\x9d\x20\xff\xff\xff\x4c\x8b\xb5\x78\xff" +
	"\xff\xff\x4c\x89\xef\x48\x8d\x75\xb8\x4c\x89\xfa\xe8\x99\xf7\xff\xff\x48\x89\x45\x80\x48\x89\x55\x88\x48\x8b\x75\xd0\x48\x89\xf1" +
	"\x48\x39\xf2\x75\x10\x48\x83\xe9\x01\x72\x3b\x49\x8b\x14\xcc\x48\x39\x14\xc8\x74\xf0\x73\x36\x4c\x89\xef\x48\x8d\x75\x80\x48\x89" +
	"\xda\xe8\x3d\xf5\xff\xff\x48\x8b\x4d\xd0\x48\x39\xca\x75\x10\x48\x83\xe9\x01\x72\x46\x49\x8b\x14\xcc\x48\x39\x14\xc8\x74\xf0\x72" +
	"\x41\xe9\x96\x00\x00\x00\x48\x83\x7d\xc8\x00\x75\xca\x4c\x89\xef\x48\x8d\xb5\x50\xff\xff\xff\x48\x89\xda\xe8\x04\xf5\xff\xff\x49" +
	"\x89\xc4\x48\x89\x85\x50\xff\xff\xff\x48\x89\x55\xd0\x48\x89\x95\x58\xff\xff\xff\xb8\x01\x00\x00\x00\xeb\x59\x48\x83\x7d\xc8\x00" +
	"\x74\x5a\x4c\x89\xef\x48\x8d\x75\xb8\x48\x89\xda\xe8\xd2\xf4\xff\xff\x48\x89\x45\xb8\x48\x89\x55\xc0\x4c\x89\xef\x4c\x89\xfe\x48" +
	"\x89\xda\xe8\xbc\xf4\xff\xff\x48\x89\x45\xa0\x48\x89\x55\xa8\x4c\x89\xef\x48\x8d\xb5\x60\xff\xff\xff\x48\x89\xda\xe8\xa2\xf4\xff" +
	"\xff\x48\x89\x85\x60\xff\xff\xff\x48\x89\x95\x68\xff\xff\xff\xb8\xff\xff\xff\xff\x41\x01\xc6\xe9\x06\xff\xff\xff\x4c\x89\xb5\x78" +
	"\xff\xff\xff\x4c\x89\xad\x18\xff\xff\xff\x45\x31\xed\x48\x8b\x45\xc8\x48\x83\xf8\x01\xb9\x00\x00\x00\x00\x19\xc9\x89\x8d\x40\xff" +
	"\xff\xff\x83\xf0\x01\x48\x89\x45\xc8\x4c\x89\xad\x38\xff\xff\xff\x4c\x8b\xad\x18\xff\xff\xff\x4c\x89\xef\x48\x8d\x5d\xb8\x48\x89" +
	"\xde\x4c\x8d\xb5\x20\xff\xff\xff\x4c\x89\xf2\xe8\x33\xf4\xff\xff\x48\x89\x85\xe8\xfe\xff\xff\x48\x89\x95\xf0\xfe\xff\xff\x4c\x89" +
	"\xef\x48\x8d\xb5\xe8\xfe\xff\xff\x48\x8d\x95\x50\xff\xff\xff\x48\x8d\x8d\xd8\xfe\xff\xff\x49\x89\xd8\xe8\xe2\xeb\xff\xff\x4c\x89" +
	"\xef\x48\x8d\x75\xa0\x4c\x89\xf2\xe8\xf6\xf3\xff\xff\x48\x89\x45\xa0\x48\x89\x55\xa8\x4c\x89\xef\x48\x8d\xb5\x60\xff\xff\xff\x4c" +
	"\x89\xf2\xe8\xdc\xf3\xff\xff\x48\x89\x85\x60\xff\xff\xff\x48\x89\x95\x68\xff\xff\xff\x48\x83\xbd\xe0\xfe\xff\xff\x00\x74\x0b\x48" +
	"\x8b\x8d\xd8\xfe\xff\xff\x8a\x19\xeb\x02\x31\xdb\x48\x39\x55\xc0\x75\x14\x48\x8b\x4d\xb8\x48\x83\xea\x01\x72\x19\x48\x8b\x34\xd0" +
	"\x48\x39\x34\xd1\x74\xf0\x41\xbf\x00\x00\x00\x00\x45\x19\xff\x41\x83\xcf\x01\xeb\x03\x45\x31\xff\x4c\x89\xef\x48\x8d\x75\xb8\x48" +
	"\x8d\x55\xa0\xe8\xa2\xf5\xff\xff\x48\x8b\x4d\xd0\x48\x39\xca\x75\x10\x48\x83\xe9\x01\x72\x19\x49\x8b\x14\xcc\x48\x39\x14\xc8\x74" +
	"\xf0\x41\xbe\x00\x00\x00\x00\x45\x19\xf6\x41\x83\xce\x01\xeb\x03\x45\x31\xf6\x44\x3b\x7d\xc8\x7d\x39\x44\x3b\xb5\x40\xff\xff\xff" +
	"\x7e\x30\xba\x01\x00\x00\x00\x4c\x89\xef\x48\x8d\x75\xb8\xe8\xa9\x03\x00\x00\x48\x8b\x4d\xd0\x48\x39\xca\x75\x10\x48\x83\xe9\x01" +
	"\x72\x0c\x49\x8b\x14\xcc\x48\x39\x14\xc8\x74\xf0\x72\x10\xfe\xc3\xeb\x0c\x44\x3b\xb5\x40\xff\xff\xff\x0f\x9f\xc0\x00\xc3\x48\x8b" +
	"\x8d\x38\xff\xff\xff\x80\xc3\x30\x4c\x8d\x69\x01\x88\x5c\x0d\x80\x44\x3b\x7d\xc8\x7c\x0d\x44\x3b\xb5\x40\xff\xff\xff\x0f\x8e\x86" +
	"\xfe\xff\xff\x48\x8b\x9d\x78\xff\xff\xff\x8d\x43\xef\x83\xf8\xeb\x0f\x87\xfd\x00\x00\x00\xff\xcb\x44\x8a\x75\x80\xbe\x01\x00\x00" +
	"\x00\x4c\x8b\xbd\x30\xff\xff\xff\x4c\x89\xff\xe8\x3a\xd2\xff\xff\x49\x8b\x47\x08\x49\x8b\x4f\x10\x48\x8d\x51\x01\x49\x89\x57\x10" +
	"\x44\x88\x34\x08\x41\x83\xfd\x02\x7c\x33\xbe\x01\x00\x00\x00\x4c\x89\xff\xe8\x13\xd2\xff\xff\x49\x8b\x47\x08\x49\x8b\x4f\x10\x48" +
	"\x8d\x51\x01\x49\x89\x57\x10\xc6\x04\x08\x2e\x48\x8d\x75\x81\x44\x89\xea\x48\xff\xca\x4c\x89\xff\xe8\x2f\x60\xff\xff\xbe\x01\x00" +
	"\x00\x00\x4c\x89\xff\xe8\xe0\xd1\xff\xff\x49\x8b\x47\x08\x49\x8b\x4f\x10\x48\x8d\x51\x01\x49\x89\x57\x10\xc6\x04\x08\x65\xb8\x01" +
	"\x00\x00\x00\x48\x8b\x8d\x78\xff\xff\xff\x29\xc8\x85\xc9\x41\x0f\x9e\xc6\x0f\x4e\xd8\x45\x00\xf6\x41\x80\xc6\x2b\xbe\x01\x00\x00" +
	"\x00\x4c\x89\xff\xe8\xa1\xd1\xff\xff\x49\x8b\x47\x08\x49\x8b\x4f\x10\x48\x8d\x51\x01\x49\x89\x57\x10\x44\x88\x34\x08\x83\xfb\x09" +
	"\x7f\x21\xbe\x01\x00\x00\x00\x4c\x89\xff\xe8\x7b\xd1\xff\xff\x49\x8b\x47\x08\x49\x8b\x4f\x10\x48\x8d\x51\x01\x49\x89\x57\x10\xc6" +
	"\x04\x08\x30\x48\x63\xf3\x4c\x89\xff\xe8\xa6\x96\xff\xff\xe9\xa2\x00\x00\x00\x85\xdb\x4c\x8b\xbd\x30\xff\xff\xff\x7e\x4b\x45\x89" +
	"\xee\x41\x29\xde\x0f\x8e\x9d\x00\x00\x00\x89\xdb\x48\x8d\x75\x80\x4c\x89\xff\x48\x89\xda\xe8\x71\x5f\xff\xff\xbe\x01\x00\x00\x00" +
	"\x4c\x89\xff\xe8\x22\xd1\xff\xff\x49\x8b\x47\x08\x49\x8b\x4f\x10\x48\x8d\x51\x01\x49\x89\x57\x10\xc6\x04\x08\x2e\x48\x8d\x34\x2b" +
	"\x48\x83\xc6\x80\x49\x63\xd6\xeb\x44\x48\x8d\x35\xc0\x0e\x00\x00\xba\x02\x00\x00\x00\x4c\x89\xff\xe8\x2f\x5f\xff\xff\x85\xdb\x79" +
	"\x25\xbe\x01\x00\x00\x00\x4c\x89\xff\xe8\xdc\xd0\xff\xff\x49\x8b\x47\x08\x49\x8b\x4f\x10\x48\x8d\x51\x01\x49\x89\x57\x10\xc6\x04" +
	"\x08\x30\xff\xc3\x75\xdb\x49\x63\xd5\x48\x8d\x75\x80\x4c\x89\xff\xe8\xf7\x5e\xff\xff\x48\x81\xc4\x08\x01\x00\x00\x5b\x41\x5c\x41" +
	"\x5d\x41\x5e\x41\x5f\x5d\xc3\x49\x63\xd5\x48\x8d\x75\x80\x4c\x89\xff\x49\x89\xce\xe8\xd3\x5e\xff\xff\x41\x39\xdd\x7d\xd7\x41\xf7" +
	"\xd6\x41\x01\xde\xbe\x01\x00\x00\x00\x4c\x89\xff\xe8\x79\xd0\xff\xff\x49\x8b\x47\x08\x49\x8b\x4f\x10\x48\x8d\x51\x01\x49\x89\x57" +
	"\x10\xc6\x04\x08\x30\x41\xff\xce\x75\xda\xeb\xa9\x48\x8d\x35\xfb\x0f\x00\x00\xe9\x67\xf7\xff\xff\x55\x48\x89\xe5\x41\x57\x41\x56" +
	"\x41\x55\x41\x54\x53\x48\x83\xec\x38\x48\x89\xf3\x48\x8b\x42\x08\x48\x85\xc0\x74\x79\x49\x89\xd4\x49\x89\xff\x48\xc1\xe0\x05\x48" +
	"\x8d\x34\x80\x48\x83\xc6\x08\xe8\xb0\xc6\xff\xff\x49\x89\xc6\x41\x0f\x10\x04\x24\x0f\x29\x45\xc0\x48\x83\x7d\xc8\x00\x74\x72\x49" +
	"\xc7\xc5\xff\xff\xff\xff\x4c\x8d\x65\xa0\x4c\x89\xff\x48\x8d\x75\xc0\x48\xba\x00\x00\xe8\x89\x04\x23\xc7\x8a\x4c\x89\xe1\xe8\x50" +
	"\xec\xff\xff\x48\x89\x45\xc0\x48\x89\x55\xc8\x48\x8b\x75\xa0\x4b\x89\x74\xee\x08\x49\xff\xc5\x48\x85\xd2\x75\xce\x48\x89\xdf\xe8" +
	"\x10\x95\xff\xff\x4d\x85\xed\x75\x3b\xe9\x9f\x00\x00\x00\xbe\x01\x00\x00\x00\x48\x89\xdf\xe8\xaf\xcf\xff\xff\x48\x8b\x43\x08\x48" +
	"\x8b\x4b\x10\x48\x8d\x51\x01\x48\x89\x53\x10\xc6\x04\x08\x30\xeb\x7c\x49\x8b\x76\xf8\x48\x89\xdf\xe8\xd7\x94\xff\xff\x49\xc7\xc5" +
	"\xff\xff\xff\xff\x49\xbf\xcd\xcc\xcc\xcc\xcc\xcc\xcc\xcc\x4b\x8b\x4c\xee\xf8\x49\xff\xcd\xbe\x13\x00\x00\x00\x48\x89\xc8\x49\xf7" +
	"\xe7\x48\xc1\xea\x03\x8d\x04\x12\x8d\x04\x80\x29\xc1\x80\xc9\x30\x88\x4c\x35\x9f\x48\x89\xd1\x48\xff\xce\x75\xdf\xbe\x13\x00\x00" +
	"\x00\x48\x89\xdf\xe8\x41\xcf\xff\xff\x48\x8b\x43\x08\x48\x03\x43\x10\x31\xc9\x8a\x54\x0d\xa0\x88\x14\x08\x48\xff\xc1\x48\x83\xf9" +
	"\x13\x75\xf0\x48\x83\x43\x10\x13\x4d\x85\xed\x75\xa1\x48\x83\xc4\x38\x5b\x41\x5c\x41\x5d\x41\x5e\x41\x5f\x5d\xc3\x55\x48\x89\xe5" +
	"\x41\x57\x41\x56\x53\x50\x48\x89\xf3\x48\x8b\x46\x08\x48\x85\xc0\x0f\x84\x8d\x00\x00\x00\x49\x89\xd6\x49\x89\xd7\x49\xc1\xef\x06" +
	"\x49\x8d\x77\x01\x49\x8d\x0c\x07\x48\xff\xc1\x48\x83\xf9\x01\x48\x11\xc6\x48\xc1\xe6\x03\xe8\x61\xc5\xff\xff\x48\x8b\x4b\x08\x49" +
	"\x8d\x14\x0f\x48\xff\xc2\x48\x85\xc9\x74\x44\x41\x83\xe6\x3f\x48\x8b\x3b\xbe\x40\x00\x00\x00\x4c\x29\xf6\x4e\x8d\x04\xf8\x49\x83" +
	"\xc0\x08\x45\x31\xc9\x4e\x8b\x14\xcf\x44\x89\xf1\x49\xd3\xe2\x4f\x09\x54\xc8\xf8\x4d\x85\xf6\x74\x0d\x4e\x8b\x14\xcf\x89\xf1\x49" +
	"\xd3\xea\x4f\x09\x14\xc8\x49\xff\xc1\x4c\x3b\x4b\x08\x72\xd6\x48\x85\xd2\x74\x12\x48\x83\x7c\xd0\xf8\x00\x75\x0c\x48\xff\xca\x75" +
	"\xf3\xeb\x03\x48\x8b\x03\x31\xd2\x48\x83\xc4\x08\x5b\x41\x5e\x41\x5f\x5d\xc3\x55\x48\x89\xe5\x41\x57\x41\x56\x41\x55\x41\x54\x53" +
	"\x50\x48\x89\xd3\x49\x89\xfe\x48\x8b\x8f\x40\xa1\x00\x00\x48\x85\xc9\x74\x50\x49\x8d\x96\x40\x01\x00\x00\x31\xc0\x48\x89\xcf\x48" +
	"\x83\x7a\x20\x08\x75\x27\x4c\x8b\x42\x10\x4c\x2b\x02\x4d\x89\xc1\x49\xc1\xf9\x03\x49\x39\xf1\x72\x14\x48\x85\xc0\x74\x0c\x4c\x8b" +
	"\x48\x10\x4c\x2b\x08\x4d\x39\xc8\x7d\x03\x48\x89\xd0\x48\x83\xc2\x28\x48\xff\xcf\x75\xc9\x48\x85\xc0\x74\x08\x4c\x8b\x38\xe9\xe4" +
	"\x00\x00\x00\x48\x85\xdb\xb8\x00\x00\x80\x00\xba\x00\x00\x04\x00\x48\x0f\x44\xd0\x4c\x8d\xae\xff\x01\x00\x00\x49\x81\xe5\x00\xfe" +
	"\xff\xff\x48\x39\xf2\x4c\x0f\x43\xea\x48\x81\xf9\x00\x04\x00\x00\x75\x08\x4c\x89\xf7\xe8\x25\xf4\xff\xff\x49\x8b\x3e\x4a\x8d\x34" +
	"\xed\x00\x00\x00\x00\xff\x57\x28\x49\x89\xc7\x49\x8b\x3e\x4c\x89\xee\x48\xc1\xee\x03\x48\x83\xce\x08\xff\x57\x28\x49\x89\xc4\x4d" +
	"\x85\xff\x74\x05\x4d\x85\xe4\x75\x08\x4c\x89\xf7\xe8\xee\xf3\xff\xff\x49\x8b\x86\x40\xa1\x00\x00\x48\x8d\x48\x01\x49\x89\x8e\x40" +
	"\xa1\x00\x00\x48\x8d\x04\x80\x4d\x89\xbc\xc6\x48\x01\x00\x00\x4d\x89\xbc\xc6\x40\x01\x00\x00\x4b\x8d\x0c\xef\x49\x89\x8c\xc6\x50" +
	"\x01\x00\x00\x4d\x89\xa4\xc6\x58\x01\x00\x00\x49\xc7\x84\xc6\x60\x01\x00\x00\x00\x00\x00\x00\x49\x8b\x96\x50\xa1\x00\x00\x48\xff" +
	"\xca\x4c\x39\xfa\x72\x07\x4d\x89\xbe\x50\xa1\x00\x00\x49\x8d\x04\xc6\x48\x05\x40\x01\x00\x00\x49\x39\x8e\x58\xa1\x00\x00\x73\x07" +
	"\x49\x89\x8e\x58\xa1\x00\x00\x4c\x89\x78\x08\x48\x89\x58\x20\x48\x83\xc4\x08\x5b\x41\x5c\x41\x5d\x41\x5e\x41\x5f\x5d\xc3\x48\x39" +
	"\xb7\x50\xa1\x00\x00\x77\x4f\x48\x39\xb7\x58\xa1\x00\x00\x76\x46\x55\x48\x89\xe5\x48\x8b\x87\x38\x01\x00\x00\x48\x85\xc0\x74\x0b" +
	"\x48\x39\x30\x77\x06\x48\x39\x70\x08\x77\x35\x48\x8b\x8f\x40\xa1\x00\x00\x48\x85\xc9\x74\x1b\x48\x8d\x87\x40\x01\x00\x00\x48\x39" +
	"\x30\x77\x06\x48\x39\x70\x08\x77\x10\x48\x83\xc0\x28\x48\xff\xc9\x75\xec\x31\xc0\xeb\x0a\x31\xc0\xc3\x48\x89\x87\x38\x01\x00\x00" +
	"\x5d\xc3\x55\x48\x89\xe5\x66\x0f\x28\xc8\xf2\x0f\x5e\x0d\x0e\x08\x00\x00\xf2\x0f\x58\x0d\x9e\x07\x00\x00\xf2\x48\x0f\x2c\xc1\xf2" +
	"\x48\x0f\x2a\xd0\xf2\x0f\x10\x25\xe4\x07\x00\x00\x66\x0f\x28\xd9\xf2\x0f\xc2\xdc\x01\x66\x0f\x28\xeb\x66\x0f\x55\xe9\x66\x0f\x54" +
	"\xda\x66\x0f\x56\xdd\xf2\x0f\x10\x15\xb3\x06\x00\x00\x66\x0f\x28\xea\xf2\x0f\xc2\xe9\x01\x66\x0f\x54\xdd\x66\x0f\x55\xe9\x66\x0f" +
	"\x56\xeb\xf2\x0f\x10\x1d\x86\x06\x00\x00\xf2\x0f\xc2\xcd\x01\x66\x0f\x28\xf5\xf2\x0f\x58\xf3\x66\x0f\x54\xf1\x66\x0f\x55\xcd\x66" +
	"\x0f\x56\xce\xf2\x0f\x10\x2d\xf5\x06\x00\x00\xf2\x0f\x59\xe9\xf2\x0f\x58\xe8\xf2\x0f\x10\x05\x7d\x07\x00\x00\xf2\x0f\x59\xc1\xf2" +
	"\x0f\x58\xc5\xf2\x0f\x10\x2d\x35\x07\x00\x00\xf2\x0f\x59\xe9\xf2\x0f\x58\xe8\xf2\x0f\x10\x05\x15\x07\x00\x00\xf2\x0f\x59\xc1\xf2" +
	"\x48\x0f\x2c\xc0\xf2\x0f\x11\x2f\x0f\x57\xed\xf2\x48\x0f\x2a\xe8\x66\x0f\x28\xf0\xf2\x0f\xc2\xf4\x01\x66\x0f\x28\xe6\x66\x0f\x55" +
	"\xe0\x66\x0f\x54\xf5\x66\x0f\x56\xf4\xf2\x0f\xc2\xd0\x01\x66\x0f\x54\xf2\x66\x0f\x55\xd0\x66\x0f\x56\xd6\xf2\x0f\x58\xda\xf2\x0f" +
	"\xc2\xc2\x01\x66\x0f\x54\xd8\x66\x0f\x55\xc2\x66\x0f\x56\xc3\xf2\x0f\x59\x05\x31\x06\x00\x00\xf2\x0f\x58\xc1\xf2\x48\x0f\x2c\xc0" +
	"\x5d\xc3\x48\xc7\x06\x00\x00\x00\x00\x4c\x8b\x47\x08\x4d\x85\xc0\x74\x1b\x55\x48\x89\xe5\x48\x8b\x3f\x4a\x8b\x54\xc7\xf8\x48\x85" +
	"\xd2\x74\x0e\x48\x0f\xbd\xc2\x48\x83\xf0\x3f\xeb\x09\x0f\x57\xc0\xc3\xb8\x40\x00\x00\x00\x89\xc1\x48\xd3\xe2\x48\x85\xc0\x74\x1a" +
	"\x49\x83\xf8\x01\x74\x1a\x4e\x8b\x4c\xc7\xf0\x89\xc1\xf6\xd9\x4d\x89\xca\x49\xd3\xea\x4c\x09\xd2\xeb\x3e\x49\x83\xf8\x01\x75\x33" +
	"\x31\xc9\x0f\xb6\xc9\x49\xc1\xe0\x06\x49\x29\xc0\x49\x83\xc0\xc0\x4c\x89\x06\x48\x09\xd1\x78\x07\xf2\x48\x0f\x2a\xc1\xeb\x12\x48" +
	"\xd1\xea\x83\xe1\x01\x48\x09\xd1\xf2\x48\x0f\x2a\xc1\xf2\x0f\x58\xc0\x5d\xc3\x4e\x8b\x4c\xc7\xf0\x89\xc1\x49\xd3\xe1\x4d\x85\xc9" +
	"\x0f\x95\xc1\x49\x83\xf8\x03\x72\xb9\x4d\x85\xc9\x75\xb4\x41\xb9\x03\x00\x00\x00\x4e\x8b\x54\xcf\xe8\x4d\x85\xd2\x0f\x95\xc1\x4d" +
	"\x39\xc1\x73\x9e\x49\xff\xc1\x4d\x85\xd2\x74\xe8\xeb\x94\x55\x48\x89\xe5\x41\x56\x53\x48\x89\xfb\xe8\x08\x03\x00\x00\x48\x8b\xb3" +
	"\x88\xa3\x00\x00\x48\x89\xdf\xe8\x3c\x03\x00\x00\x48\x83\xbb\x90\xa3\x00\x00\x00\x74\x22\x45\x31\xf6\x48\x8b\x83\x88\xa3\x00\x00" +
	"\x4a\x8b\x34\xf0\x48\x89\xdf\xe8\x11\x00\x00\x00\x49\xff\xc6\x4c\x3b\xb3\x90\xa3\x00\x00\x72\xe1\x5b\x41\x5e\x5d\xc3\x55\x48\x89" +
	"\xe5\x48\x89\xf0\x48\xc1\xe8\x30\x8d\x88\x08\x00\xff\xff\x83\xf9\x08\x73\x13\x48\xb8\xff\xff\xff\xff\xff\xff\x00\x00\x48\x21\xc6" +
	"\x5d\xe9\xe2\x02\x00\x00\x3d\xfc\x7f\x00\x00\x74\xe6\x5d\xc3\x55\x48\x89\xe5\x41\x57\x41\x56\x41\x54\x53\x49\x89\xf6\x48\x89\xfb" +
	"\x48\x8b\x06\x49\x89\xc7\x49\xc1\xef\x08\x89\xc1\x83\xe1\x0f\x48\x83\xf9\x07\x7f\x66\x83\xf9\x05\x0f\x84\x94\x00\x00\x00\x83\xf9" +
	"\x06\x0f\x84\xa5\x00\x00\x00\x83\xf9\x07\x0f\x85\xde\x00\x00\x00\x49\x83\x7e\x18\x00\x0f\x84\xd3\x00\x00\x00\x48\x3d\x00\x05\x00" +
	"\x00\x0f\x82\xc7\x00\x00\x00\x41\xbc\x05\x00\x00\x00\x4b\x8b\x74\xe6\xf8\x48\x89\xdf\xe8\x63\xff\xff\xff\x49\x8d\x44\x24\xfc\x49" +
	"\x3b\x46\x18\x0f\x83\xa5\x00\x00\x00\x49\x8d\x44\x24\x01\x4d\x39\xfc\x49\x89\xc4\x72\xd7\xe9\x93\x00\x00\x00\x83\xf9\x08\x74\x38" +
	"\x83\xf9\x09\x74\x67\x83\xf9\x0b\x0f\x85\x80\x00\x00\x00\x48\x3d\x00\x02\x00\x00\x72\x78\x41\xbc\x01\x00\x00\x00\x4b\x8b\x34\xe6" +
	"\x48\x89\xdf\xe8\x44\x03\x00\x00\x49\xff\xc4\x4d\x39\xe7\x75\xec\xeb\x5c\x49\x8b\x76\x18\xeb\x24\x49\x8b\x76\x08\x48\x89\xdf\x5b" +
	"\x41\x5c\x41\x5e\x41\x5f\x5d\xe9\xf1\xfe\xff\xff\x49\x8b\x76\x20\x48\x89\xdf\xe8\xf0\x01\x00\x00\x49\x8b\x76\x28\x48\x89\xdf\x5b" +
	"\x41\x5c\x41\x5e\x41\x5f\x5d\xe9\xdc\x01\x00\x00\x48\x3d\x00\x02\x00\x00\x72\x1a\x41\xbc\x01\x00\x00\x00\x4b\x8b\x34\xe6\x48\x89" +
	"\xdf\xe8\xb7\xfe\xff\xff\x49\xff\xc4\x4d\x39\xe7\x75\xec\x5b\x41\x5c\x41\x5e\x41\x5f\x5d\xc3\x4c\x8b\x1e\x4c\x8b\x56\x08\x4d\x39" +
	"\xd3\x0f\x83\xfc\x00\x00\x00\x55\x48\x89\xe5\x41\x57\x41\x56\x53\x48\xc1\xe2\x04\x4c\x8d\x8f\x68\xa3\x00\x00\x31\xc0\x45\x31\xc0" +
	"\x49\x8b\x0b\x48\x89\xcb\x48\xc1\xeb\x08\x84\xc9\x78\x27\x4d\x85\xc0\x74\x56\x4c\x89\xd9\x48\x2b\x0e\x48\xc1\xf9\x03\x49\xc7\xc6" +
	"\xfe\xff\xff\xff\x49\xd3\xc6\x4c\x8b\x7e\x18\x48\xc1\xe9\x06\x4d\x21\x34\xcf\xeb\x68\x48\x81\xe1\x0f\xff\xff\xff\x48\x09\xd1\x49" +
	"\x89\x0b\x48\x01\xd8\x4d\x85\xc0\x74\x50\x4d\x89\xda\x4d\x29\xc2\x4c\x8b\x76\x20\x4c\x89\xd1\x48\xc1\xe1\x05\x4d\x85\xf6\x74\x0e" +
	"\x49\xc1\xe6\x04\x4c\x09\xf1\xeb\x26\x4d\x89\xd8\xeb\x2f\x4e\x8d\x34\x17\x49\x81\xc6\x60\xa1\x00\x00\x49\xc1\xfa\x03\x49\x83\xfa" +
	"\x41\x4d\x0f\x43\xf1\x4d\x8b\x16\x4d\x89\x06\x4d\x89\x50\x08\x48\x83\xc9\x0f\x49\x89\x08\x4c\x8b\x56\x08\x45\x31\xc0\x4d\x8d\x1c" +
	"\xdb\x4d\x39\xd3\x0f\x82\x56\xff\xff\xff\x4d\x85\xc0\x0f\x84\x8b\x00\x00\x00\x48\x39\xb7\x48\xa1\x00\x00\x74\x2a\x48\x8b\x4e\x20" +
	"\x48\x85\xc9\x74\x47\x48\x89\xca\x48\xc1\xe2\x05\x48\x39\x74\x17\x20\x74\x13\x4d\x29\xc2\x48\xc1\xe1\x04\x49\xc1\xe2\x05\x49\x09" +
	"\xca\xeb\x54\x31\xc0\xc3\x4c\x89\xc1\x48\x2b\x0e\x48\xc1\xf9\x03\x48\xc7\xc2\xfe\xff\xff\xff\x48\xd3\xc2\x48\x8b\x7e\x18\x48\xc1" +
	"\xe9\x06\x48\x21\x14\xcf\x4c\x89\x46\x08\xeb\x32\x4d\x29\xc2\x4c\x89\xd1\x48\xc1\xf9\x03\x4a\x8d\x14\x17\x48\x81\xc2\x60\xa1\x00" +
	"\x00\x49\xc1\xe2\x05\x48\x83\xf9\x41\x4c\x0f\x42\xca\x49\x8b\x09\x4d\x89\x01\x49\x89\x48\x08\x49\x83\xca\x0f\x4d\x89\x10\x5b\x41" +
	"\x5e\x41\x5f\x5d\xc3\x55\x48\x89\xe5\x41\x56\x53\x48\x83\xec\x10\x4c\x8d\x75\xe8\x49\xc7\x06\x00\x00\x00\x00\x4c\x3b\xb7\x80\xa3" +
	"\x00\x00\x73\x1b\x48\x89\xfb\x49\x8b\x36\x48\x89\xdf\xe8\x3a\x01\x00\x00\x49\x83\xc6\x08\x4c\x3b\xb3\x80\xa3\x00\x00\x72\xe8\x48" +
	"\x83\xc4\x10\x5b\x41\x5e\x5d\xc3\x55\x48\x89\xe5\x41\x57\x41\x56\x41\x54\x53\x49\x89\xf4\x48\x89\xfb\xe8\x40\xfa\xff\xff\x48\x85" +
	"\xc0\x0f\x84\xfc\x00\x00\x00\x49\x89\xc7\x48\x89\xc7\x4c\x89\xe6\xe8\x10\x01\x00\x00\x48\x85\xc0\x0f\x84\xe5\x00\x00\x00\x49\x89" +
	"\xc6\x48\x8b\x00\x84\xc0\x0f\x88\xd7\x00\x00\x00\x89\xc1\x83\xe1\x0f\x83\xf9\x0f\x0f\x84\xc9\x00\x00\x00\x48\x89\xc1\x48\xc1\xe9" +
	"\x08\x49\x8d\x0c\xce\x4c\x39\xe1\x0f\x86\xb5\x00\x00\x00\x48\x8b\x4b\x18\x48\x85\xc9\x74\x0a\x49\x39\x4f\x20\x0f\x85\xa2\x00\x00" +
	"\x00\x48\x0d\x80\x00\x00\x00\x49\x89\x06\x48\x8b\x83\xa0\xa3\x00\x00\x48\x3b\x83\xa8\xa3\x00\x00\x75\x73\x48\x8d\x0c\x00\x48\x85" +
	"\xc0\x41\xbc\x00\x00\x01\x00\x4c\x0f\x45\xe1\x48\x8b\x3b\x4a\x8d\x34\xe5\x00\x00\x00\x00\xff\x57\x28\x49\x89\xc7\x48\x85\xc0\x75" +
	"\x08\x48\x89\xdf\xe8\xf6\xec\xff\xff\x48\x8b\x83\xa0\xa3\x00\x00\x48\x8d\x0c\xc5\x00\x00\x00\x00\x48\x85\xc9\x74\x20\x48\x8b\x83" +
	"\x98\xa3\x00\x00\x31\xd2\x40\x8a\x34\x10\x41\x88\x34\x17\x48\xff\xc2\x48\x39\xd1\x75\xf0\x48\x8b\x83\xa0\xa3\x00\x00\x4c\x89\xbb" +
	"\x98\xa3\x00\x00\x4c\x89\xa3\xa8\xa3\x00\x00\xeb\x07\x4c\x8b\xbb\x98\xa3\x00\x00\x48\x8d\x48\x01\x48\x89\x8b\xa0\xa3\x00\x00\x4d" +
	"\x89\x34\xc7\x5b\x41\x5c\x41\x5e\x41\x5f\x5d\xc3\x55\x48\x89\xe5\x48\x89\xf0\x48\xc1\xe8\x30\x75\x06\x5d\xe9\xc9\xfe\xff\xff\x5d" +
	"\xe9\xb8\xfb\xff\xff\x55\x48\x89\xe5\x48\x89\xf1\x48\x8b\x07\x48\x8b\x77\x18\x48\x29\xc1\x48\xc1\xf9\x03\x48\x89\xca\x48\xc1\xea" +
	"\x06\x48\x8b\x3c\xd6\xf6\xd1\x48\xd3\xe7\x48\xd3\xef\x48\x85\xff\x75\x0c\x48\x83\xea\x01\x72\x22\x48\x8b\x3c\xd6\xeb\xef\x48\xc1" +
	"\xe2\x09\x48\x01\xd0\x48\x0f\xbd\xcf\x83\xf1\x3f\xc1\xe1\x03\x48\x29\xc8\x48\x05\xf8\x01\x00\x00\x5d\xc3\x31\xc0\xeb\xfa\xcc\xcc" +
	"\x9a\x99\x99\x99\x99\x49\x87\xc0\xcd\x3b\x7f\x66\x9e\xa0\xf6\x3f\x00\x00\x00\x00\x00\x00\xf0\xbf\x76\x3c\x79\x35\xef\x39\xea\xbd" +
	"\x00\x00\x00\x00\x00\x00\x40\xc3\x00\x00\x00\x00\x00\x00\x00\x40\x18\x2d\x44\x54\xfb\x21\xf9\xbf\x00\x00\x00\x00\x00\xc0\x72\x40" +
	"\x00\x00\x00\x00\x00\x00\xf0\x7f\x00\x00\xe0\xfe\x42\x2e\xe6\x3f\x65\x73\x2d\x38\x52\xc1\xe0\x3f\xbb\xbd\xd7\xd9\xdf\x7c\xdb\xbd" +
	"\x00\x00\x00\x00\x00\x00\xf0\x43\x00\x00\x00\x00\x00\x00\x10\xc0\x16\x55\xb5\xbb\xb1\x6b\x02\x40\xaa\x4c\x58\xe8\x7a\xb6\xfb\x3f" +
	"\x00\x00\x00\x00\x00\x00\xf0\x3f\x18\x2d\x44\x54\xfb\x21\x09\xc0\x00\x00\x00\x00\x00\x00\xa0\x3c\x0d\xe5\x26\x15\x7b\xcb\xdb\x3f" +
	"\x00\x00\x40\x54\xfb\x21\xf9\xbf\x00\x00\x00\x00\x00\x00\xe0\x43\x00\x00\x00\x00\x00\x00\x00\x00\x00\x00\x00\x00\x00\x00\xf0\xff" +
	"\x56\xcd\x9e\x5e\x14\x26\xd1\x3f\x76\x3c\x79\x35\xef\x39\xea\x3d\x00\x00\x00\x00\x00\x00\x24\x40\x00\x00\x00\x00\x00\x00\xe0\x3f" +
	"\x00\x00\x00\x00\x00\x00\x50\x43\x95\xd6\x26\xe8\x0b\x2e\x11\x3e\x00\x00\x00\x00\x00\x00\xd0\x3f\x66\x66\x66\x66\x66\x2e\x86\x40" +
	"\x73\x70\x03\x2e\x8a\x19\xa3\xbb\x00\x30\x76\x64\x00\x00\xf8\x7f\x00\x00\x00\x00\x00\x00\xf8\x7f\x00\x00\xe0\xfe\x42\x2e\xe6\xbf" +
	"\x00\x00\x00\x00\x00\x00\xe0\xc3\xef\x39\xfa\xfe\x42\x2e\xe6\x3f\x00\x00\x00\x00\x00\x00\x40\x43\x31\x63\x62\x1a\x61\xb4\xd0\xbd" +
	"\x18\x2d\x44\x54\xfb\x21\xf9\x3f\x00\x00\x00\x00\x00\xc0\x72\xc0\x00\x00\x00\x00\x00\x00\x70\x7e\x00\x00\x00\x00\x00\x00\x70\x01" +
	"\x18\x2d\x44\x54\xfb\x21\x09\x40\xcc\xcc\xcc\xcc\xcc\xcc\xcc\xcc\x00\x00\x00\x00\x00\x00\x30\x43\x00\x00\x00\x00\x00\x00\x30\x45" +
	"\x00\x00\x30\x43\x00\x00\x30\x45\x00\x00\x00\x00\x00\x00\x00\x00\x02\x00\x00\x00\x00\x00\x00\x00\x02\x00\x00\x00\x00\x00\x00\x00" +
	"\x00\x00\x00\x00\x00\x00\x00\x00\x01\x00\x00\x00\x00\x00\x00\x00\x00\x00\x00\x80\x00\x00\x00\x80\x00\x00\x00\x80\x00\x00\x00\x80" +
	"\x61\x73\x69\x6e\x00\x65\x78\x70\x00\x74\x61\x6e\x00\x61\x63\x6f\x73\x00\x67\x63\x64\x20\x6e\x65\x65\x64\x73\x20\x69\x6e\x74\x65" +
	"\x67\x65\x72\x73\x00\x70\x75\x73\x68\x00\x65\x72\x72\x6f\x72\x3a\x20\x00\x6d\x61\x70\x00\x69\x6e\x64\x65\x78\x00\x20\x61\x72\x67" +
	"\x75\x6d\x65\x6e\x74\x20\x62\x75\x74\x20\x67\x6f\x74\x20\x00\x63\x65\x69\x6c\x00\x6d\x69\x6e\x00\x30\x31\x32\x33\x34\x35\x36\x37" +
	"\x38\x39\x41\x42\x43\x44\x45\x46\x00\x72\x65\x70\x6c\x61\x63\x65\x00\x73\x74\x61\x72\x74\x73\x5f\x77\x69\x74\x68\x00\x6d\x61\x6b" +
	"\x65\x20\x61\x20\x70\x74\x72\x20\x66\x72\x6f\x6d\x00\x74\x72\x75\x6e\x63\x00\x6e\x6f\x74\x20\x61\x20\x6e\x75\x6d\x62\x65\x72\x3a" +
	"\x20\x00\x2c\x20\x00\x63\x6f\x75\x6e\x74\x20\x74\x68\x65\x20\x62\x69\x74\x73\x20\x6f\x66\x00\x61\x62\x73\x00\x72\x6f\x75\x6e\x64" +
	"\x00\x6e\x75\x6d\x00\x20\x6e\x65\x65\x64\x73\x20\x61\x20\x6e\x75\x6d\x2c\x20\x6e\x6f\x74\x20\x00\x61\x73\x73\x69\x67\x6e\x20\x69" +
	"\x6e\x74\x6f\x00\x65\x6e\x64\x73\x5f\x77\x69\x74\x68\x00\x61\x64\x64\x00\x64\x69\x76\x69\x64\x65\x00\x63\x6f\x73\x00\x61\x74\x61" +
	"\x6e\x00\x66\x69\x6e\x64\x00\x70\x6f\x70\x20\x66\x72\x6f\x6d\x20\x61\x6e\x20\x65\x6d\x70\x74\x79\x20\x6c\x69\x73\x74\x00\x6d\x75" +
	"\x6c\x74\x69\x70\x6c\x79\x00\x63\x6f\x6d\x62\x69\x6e\x65\x20\x62\x69\x74\x73\x20\x6f\x66\x00\x5c\x5c\x00\x6f\x72\x64\x00\x61\x20" +
	"\x00\x74\x69\x6d\x3a\x20\x00\x2e\x2e\x2e\x00\x3c\x66\x6e\x3e\x00\x20\x6e\x65\x65\x64\x73\x20\x61\x20\x73\x74\x72\x2c\x20\x6e\x6f" +
	"\x74\x20\x00\x79\x65\x73\x00\x61\x74\x20\x6c\x65\x61\x73\x74\x20\x00\x20\x61\x72\x67\x75\x6d\x65\x6e\x74\x73\x20\x62\x75\x74\x20" +
	"\x67\x6f\x74\x20\x00\x6d\x61\x78\x00\x73\x69\x6e\x00\x61\x74\x61\x6e\x32\x00\x69\x6e\x66\x00\x74\x61\x6b\x65\x20\x74\x68\x65\x20" +
	"\x6c\x65\x6e\x67\x74\x68\x20\x6f\x66\x00\x75\x70\x70\x65\x72\x00\x30\x2e\x00\x5c\x72\x00\x73\x70\x6c\x69\x74\x00\x74\x72\x69\x6d" +
	"\x00\x73\x6f\x72\x74\x20\x6b\x65\x79\x73\x20\x64\x6f\x20\x6e\x6f\x74\x20\x6d\x61\x74\x63\x68\x20\x74\x68\x65\x20\x6c\x69\x73\x74" +
	"\x00\x73\x75\x62\x74\x72\x61\x63\x74\x00\x5c\x22\x00\x20\x61\x6e\x64\x20\x00\x72\x65\x61\x64\x20\x61\x20\x66\x69\x65\x6c\x64\x20" +
	"\x6f\x66\x00\x63\x68\x72\x20\x6e\x65\x65\x64\x73\x20\x61\x20\x63\x6f\x64\x65\x20\x70\x6f\x69\x6e\x74\x00\x72\x65\x61\x64\x5f\x66" +
	"\x69\x6c\x65\x00\x70\x74\x72\x28\x30\x78\x00\x20\x6f\x66\x20\x6e\x6f\x74\x68\x69\x6e\x67\x00\x5c\x78\x00\x73\x6c\x69\x63\x65\x00" +
	"\x67\x63\x64\x00\x6c\x6f\x77\x65\x72\x00\x6a\x6f\x69\x6e\x00\x61\x6c\x6c\x6f\x63\x61\x74\x65\x00\x74\x61\x6b\x65\x20\x74\x68\x65" +
	"\x20\x72\x65\x6d\x61\x69\x6e\x64\x65\x72\x20\x6f\x66\x00\x73\x65\x61\x72\x63\x68\x00\x70\x6f\x70\x00\x43\x20\x66\x75\x6e\x63\x74" +
	"\x69\x6f\x6e\x20\x6e\x6f\x74\x20\x66\x6f\x75\x6e\x64\x00\x65\x72\x72\x6f\x72\x00\x61\x63\x63\x65\x73\x73\x20\x6d\x65\x6d\x6f\x72" +
	"\x79\x20\x74\x68\x72\x6f\x75\x67\x68\x00\x73\x75\x6d\x00\x7a\x69\x70\x00\x72\x61\x69\x73\x65\x00\x0a\x00\x73\x71\x72\x74\x00\x72" +
	"\x65\x6d\x6f\x76\x65\x20\x66\x72\x6f\x6d\x00\x72\x65\x76\x65\x72\x73\x65\x00\x74\x69\x6d\x3a\x20\x6f\x75\x74\x20\x6f\x66\x20\x6d" +
	"\x65\x6d\x6f\x72\x79\x0a\x00\x66\x6f\x72\x6d\x61\x74\x20\x77\x69\x74\x68\x00\x6e\x6f\x00\x63\x61\x6c\x6c\x00\x77\x72\x69\x74\x65" +
	"\x5f\x66\x69\x6c\x65\x00\x63\x61\x6e\x6e\x6f\x74\x20\x00\x20\x6e\x65\x65\x64\x73\x20\x61\x20\x6c\x69\x73\x74\x2c\x20\x6e\x6f\x74" +
	"\x20\x00\x6e\x75\x6c\x6c\x20\x70\x6f\x69\x6e\x74\x65\x72\x00\x6e\x65\x67\x61\x74\x65\x00\x6c\x6f\x67\x31\x30\x00\x70\x74\x72\x00" +
	"\x63\x61\x6e\x6e\x6f\x74\x20\x73\x6f\x72\x74\x20\x76\x61\x6c\x75\x65\x73\x20\x6f\x66\x20\x64\x69\x66\x66\x65\x72\x65\x6e\x74\x20" +
	"\x74\x79\x70\x65\x73\x00\x73\x65\x61\x72\x63\x68\x20\x61\x20\x73\x74\x72\x20\x66\x6f\x72\x00\x66\x6c\x6f\x61\x74\x00\x74\x61\x6b" +
	"\x65\x20\x74\x68\x65\x20\x6b\x65\x79\x73\x20\x6f\x66\x00\x6e\x61\x6e\x00\x30\x31\x32\x33\x34\x35\x36\x37\x38\x39\x61\x62\x63\x64" +
	"\x65\x66\x00\x5c\x74\x00\x73\x74\x72\x00\x63\x6f\x6d\x70\x61\x72\x65\x00\x66\x75\x6e\x63\x74\x69\x6f\x6e\x20\x74\x61\x6b\x65\x73" +
	"\x20\x00\x66\x6c\x6f\x6f\x72\x00\x72\x75\x6e\x65\x73\x00\x73\x6f\x72\x74\x00\x61\x6e\x20\x00\x6f\x75\x74\x20\x6f\x66\x20\x6d\x65" +
	"\x6d\x6f\x72\x79\x00\x3a\x20\x00\x66\x6e\x00\x5c\x6e\x00\x6c\x69\x73\x74\x00\x63\x68\x72\x00\x6f\x72\x64\x20\x6f\x66\x20\x61\x6e" +
	"\x20\x65\x6d\x70\x74\x79\x20\x73\x74\x72\x69\x6e\x67\x00\x6d\x61\x6b\x65\x20\x61\x20\x72\x61\x6e\x67\x65\x20\x6f\x66\x00\x6c\x6f" +
	"\x67\x00\x62\x79\x74\x65\x73\x00\x74\x61\x6b\x65\x20\x74\x68\x65\x20\x76\x61\x6c\x75\x65\x73\x20\x6f\x66\x00\x65\x6e\x76\x00\xcc" +
	"\x64\x76\x30\x00\x64\x69\x76\x69\x73\x69\x6f\x6e\x20\x62\x79\x20\x7a\x65\x72\x6f\x00\x69\x64\x78\x00\x69\x6e\x64\x65\x78\x20\x6f" +
	"\x75\x74\x20\x6f\x66\x20\x72\x61\x6e\x67\x65\x00\x6b\x65\x79\x00\x6b\x65\x79\x20\x6e\x6f\x74\x20\x66\x6f\x75\x6e\x64\x00\x74\x79" +
	"\x70\x00\x77\x72\x6f\x6e\x67\x20\x74\x79\x70\x65\x00\x61\x72\x67\x00\x69\x6e\x76\x61\x6c\x69\x64\x20\x61\x72\x67\x75\x6d\x65\x6e" +
	"\x74\x00\x6f\x76\x66\x00\x6e\x75\x6d\x62\x65\x72\x20\x74\x6f\x6f\x20\x6c\x61\x72\x67\x65\x00\x69\x6f\x00\x69\x6e\x70\x75\x74\x2f" +
	"\x6f\x75\x74\x70\x75\x74\x20\x65\x72\x72\x6f\x72\x00\x65\x6f\x66\x00\x65\x6e\x64\x20\x6f\x66\x20\x69\x6e\x70\x75\x74\x00\x70\x72" +
	"\x73\x00\x6e\x6f\x74\x20\x61\x20\x6e\x75\x6d\x62\x65\x72\x00\x75\x64\x66\x00\x75\x6e\x64\x65\x66\x69\x6e\x65\x64\x00\x6e\x69\x6c" +
	"\x00\x6e\x75\x6c\x6c\x20\x70\x6f\x69\x6e\x74\x65\x72\x00\x6d\x65\x6d\x00\x6f\x75\x74\x20\x6f\x66\x20\x6d\x65\x6d\x6f\x72\x79\x00" +
	"\x65\x72\x72\x00\x65\x72\x72\x6f\x72\x00\x00\xcc\xcc\xcc\xcc\xcc\x00\x00\x00\x00\x00\x00\x00\x00\x80\x00\x00\x00\x00\x00\x00\x00" +
	"\x00\x08\x00\x00\x00\x00\x00\x00\x00\x00\x01\x00\x00\x00\x00\x00")
